Date,HomeTeam,AwayTeam,FTHG,FTAG,FTR,HTHG,HTAG,HTR,HS,AS,HST,AST,HC,AC,HF,AF,HY,AY,HR,AR,B365H,B365D,B365A,Season,HomeElo,AwayElo,EloDiff,Result,HomeGoalsLast5,HomeConcededLast5,HomeWinsLast5,HomeFormPoints,AwayGoalsLast5,AwayConcededLast5,AwayWinsLast5,AwayFormPoints,FormPointsDiff
2020-09-12,Fulham,Arsenal,0,3,A,0,1,A,5,13,2,6,2,3,12,12,2,2,0,0,6.0,4.33,1.53,2020-21,1579.14025879,1799.52392578,-220.38366698999994,2,0.0,0.0,0.0,0.0,0.0,0.0,0.0,0.0,0.0
2020-09-12,Crystal Palace,Southampton,1,0,H,1,0,H,5,9,3,5,7,3,14,11,2,1,0,0,3.1,3.25,2.37,2020-21,1673.68884277,1720.21118164,-46.522338869999885,0,0.0,0.0,0.0,0.0,0.0,0.0,0.0,0.0,0.0
2020-09-12,Liverpool,Leeds,4,3,H,3,2,H,22,6,6,3,9,0,9,6,1,0,0,0,1.28,6.0,9.5,2020-21,1991.63098145,1630.20825195,361.42272950000006,0,0.0,0.0,0.0,0.0,0.0,0.0,0.0,0.0,0.0
2020-09-12,West Ham,Newcastle,0,2,A,0,0,D,15,15,3,2,8,7,13,7,2,2,0,0,2.15,3.4,3.4,2020-21,1685.76428223,1677.56347656,8.200805669999909,2,0.0,0.0,0.0,0.0,0.0,0.0,0.0,0.0,0.0
2020-09-13,West Brom,Leicester,0,3,A,0,0,D,7,13,1,7,2,5,12,9,1,1,0,0,3.8,3.6,1.95,2020-21,1579.29553223,1757.98510742,-178.68957519000014,2,0.0,0.0,0.0,0.0,0.0,0.0,0.0,0.0,0.0
2020-09-13,Tottenham,Everton,0,1,A,0,0,D,9,15,5,4,5,3,15,7,1,0,0,0,1.83,3.6,4.33,2020-21,1807.71264648,1715.9395752,91.77307128000007,2,0.0,0.0,0.0,0.0,0.0,0.0,0.0,0.0,0.0
2020-09-14,Brighton,Chelsea,1,3,A,0,1,A,13,10,3,5,4,3,8,13,1,0,0,0,5.0,4.33,1.61,2020-21,1653.63110352,1818.56286621,-164.93176269000014,2,0.0,0.0,0.0,0.0,0.0,0.0,0.0,0.0,0.0
2020-09-14,Sheffield United,Wolves,0,2,A,0,2,A,9,11,2,4,12,5,13,7,2,1,0,0,3.25,3.1,2.37,2020-21,1693.6763916,1778.44799805,-84.77160645000004,2,0.0,0.0,0.0,0.0,0.0,0.0,0.0,0.0,0.0
2020-09-19,Everton,West Brom,5,2,H,2,1,H,17,6,7,4,11,1,9,11,1,0,0,1,1.5,4.2,6.5,2020-21,1727.68505859,1585.65991211,142.02514647999988,0,1.0,0.0,1.0,3.0,0.0,3.0,0.0,0.0,3.0
2020-09-19,Leeds,Fulham,4,3,H,2,1,H,10,14,7,6,5,3,13,18,1,2,0,0,1.61,3.9,5.75,2020-21,1623.89941406,1584.77734375,39.122070310000026,0,3.0,4.0,0.0,0.0,0.0,3.0,0.0,0.0,0.0
2020-09-19,Man United,Crystal Palace,1,3,A,0,1,A,13,14,4,5,9,3,13,10,2,1,0,0,1.3,5.5,9.5,2020-21,1861.09973145,1682.27844238,178.82128907000015,2,0.0,0.0,0.0,0.0,1.0,0.0,1.0,3.0,0.0
2020-09-19,Arsenal,West Ham,2,1,H,1,1,D,7,14,3,3,7,5,11,13,0,1,0,0,1.53,4.5,5.5,2020-21,1807.03344727,1672.734375,134.2990722699999,0,3.0,0.0,1.0,3.0,0.0,2.0,0.0,0.0,3.0
2020-09-20,Newcastle,Brighton,0,3,A,0,2,A,6,13,0,6,7,1,16,15,3,0,0,1,2.6,3.1,2.87,2020-21,1691.3338623,1647.08032227,44.25354003000007,2,2.0,0.0,1.0,3.0,1.0,3.0,0.0,0.0,3.0
2020-09-20,Southampton,Tottenham,2,5,A,1,1,D,14,9,7,6,3,2,16,18,4,3,0,0,3.0,3.3,2.37,2020-21,1712.36206055,1797.82580566,-85.46374510999999,2,0.0,1.0,0.0,0.0,0.0,1.0,0.0,0.0,0.0
2020-09-20,Leicester,Burnley,4,2,H,1,1,D,14,16,6,5,15,4,11,13,1,2,0,0,1.61,4.0,5.5,2020-21,1766.85632324,1723.07312012,43.783203119999826,0,3.0,0.0,1.0,3.0,0.0,0.0,0.0,0.0,0.0
2020-09-20,Chelsea,Liverpool,0,2,A,0,0,D,5,18,3,6,1,11,10,6,0,0,1,0,3.1,3.6,2.2,2020-21,1825.85424805,1993.09631348,-167.2420654299999,2,3.0,1.0,1.0,3.0,4.0,3.0,1.0,3.0,0.0
2020-09-21,Aston Villa,Sheffield United,1,0,H,0,0,D,18,4,2,1,10,4,12,13,3,1,0,1,2.7,3.1,2.75,2020-21,1618.62438965,1684.03930664,-65.41491698999994,0,0.0,0.0,0.0,0.0,0.0,2.0,0.0,0.0,0.0
2020-09-21,Wolves,Man City,1,3,A,0,2,A,10,14,1,9,4,6,6,8,0,3,0,0,6.5,4.33,1.5,2020-21,1788.82556152,1968.14929199,-179.32373046999987,2,2.0,0.0,1.0,3.0,0.0,0.0,0.0,0.0,0.0
2020-09-26,Brighton,Man United,2,3,A,1,1,D,18,7,5,3,7,1,18,16,4,2,0,0,4.75,3.75,1.72,2020-21,1665.40490723,1842.53186035,-177.12695312000005,2,4.0,3.0,1.0,3.0,1.0,3.0,0.0,0.0,3.0
2020-09-26,Crystal Palace,Everton,1,2,A,1,2,A,8,10,1,5,7,6,16,15,3,1,0,0,3.75,3.25,2.1,2020-21,1701.51806641,1734.72106934,-33.20300292999991,2,4.0,1.0,2.0,6.0,6.0,2.0,2.0,6.0,0.0
2020-09-26,West Brom,Chelsea,3,3,D,3,0,H,9,22,3,10,3,9,8,16,1,3,0,0,9.0,4.75,1.36,2020-21,1579.29553223,1819.50024414,-240.20471191000001,1,2.0,8.0,0.0,0.0,3.0,3.0,1.0,3.0,-3.0
2020-09-26,Burnley,Southampton,0,1,A,0,1,A,10,5,2,1,8,2,8,10,1,0,0,0,3.2,3.3,2.3,2020-21,1715.0760498,1700.82922363,14.246826170000077,2,2.0,4.0,0.0,0.0,2.0,6.0,0.0,0.0,0.0
2020-09-27,Sheffield United,Leeds,0,1,A,0,0,D,14,17,4,9,5,7,18,4,2,1,0,0,2.7,3.3,2.62,2020-21,1675.4967041,1630.20825195,45.28845215000001,2,0.0,3.0,0.0,0.0,7.0,7.0,1.0,3.0,-3.0
2020-09-27,Tottenham,Newcastle,1,1,D,1,0,H,23,6,12,1,10,4,15,9,1,4,0,0,1.45,4.5,7.0,2020-21,1811.04370117,1673.68103027,137.3626709,1,5.0,3.0,1.0,3.0,2.0,3.0,1.0,3.0,0.0
2020-09-27,Man City,Leicester,2,5,A,1,1,D,16,7,5,7,3,4,13,8,1,3,0,0,1.28,6.0,9.5,2020-21,1974.95031738,1775.52526855,199.42504882999992,2,3.0,1.0,1.0,3.0,7.0,2.0,2.0,6.0,-3.0
2020-09-27,West Ham,Wolves,4,0,H,1,0,H,15,11,7,2,1,3,7,11,0,1,0,0,3.6,3.5,2.05,2020-21,1669.17089844,1782.69641113,-113.52551268999991,0,1.0,4.0,0.0,0.0,3.0,3.0,1.0,3.0,-3.0
2020-09-28,Fulham,Aston Villa,0,3,A,0,2,A,16,12,3,5,5,3,18,14,6,3,0,0,2.9,3.25,2.5,2020-21,1579.14025879,1627.83874512,-48.69848633000015,2,3.0,7.0,0.0,0.0,1.0,0.0,1.0,3.0,-3.0
2020-09-28,Liverpool,Arsenal,3,1,H,2,1,H,21,4,8,3,7,3,11,7,2,2,0,0,1.45,4.75,6.5,2020-21,2000.12207031,1811.26867676,188.85339354999996,0,6.0,3.0,2.0,6.0,5.0,1.0,2.0,6.0,0.0
2020-10-03,Everton,Brighton,4,2,H,2,1,H,11,11,6,3,3,10,13,14,0,1,0,0,1.72,3.75,4.8,2020-21,1743.82592773,1661.48156738,82.34436035000022,0,8.0,3.0,3.0,9.0,6.0,6.0,1.0,3.0,6.0
2020-10-03,Chelsea,Crystal Palace,4,0,H,0,0,D,17,4,6,0,8,5,17,13,2,0,0,0,1.4,4.75,8.0,2020-21,1815.06933594,1694.03198242,121.0373535199999,0,6.0,6.0,1.0,4.0,5.0,3.0,2.0,6.0,-2.0
2020-10-03,Newcastle,Burnley,3,1,H,1,0,H,10,7,5,3,3,4,13,17,2,3,0,0,2.4,3.2,3.1,2020-21,1679.04284668,1706.42272949,-27.379882810000026,0,3.0,4.0,1.0,4.0,2.0,5.0,0.0,0.0,4.0
2020-10-03,Leeds,Man City,1,1,D,0,1,A,12,23,7,2,7,10,11,12,2,1,0,0,7.5,5.25,1.36,2020-21,1641.18554688,1952.78857422,-311.60302734000015,1,8.0,7.0,2.0,6.0,5.0,6.0,1.0,3.0,3.0
2020-10-04,Leicester,West Ham,0,3,A,0,2,A,4,14,0,6,6,4,11,8,2,2,0,0,1.61,4.2,5.25,2020-21,1799.30566406,1690.32470703,108.98095703000013,2,12.0,4.0,3.0,9.0,5.0,4.0,1.0,3.0,6.0
2020-10-04,Southampton,West Brom,2,0,H,1,0,H,13,5,7,2,5,1,19,10,2,1,0,0,1.72,3.8,4.75,2020-21,1711.10119629,1585.34521484,125.75598145000004,0,3.0,6.0,1.0,3.0,5.0,11.0,0.0,1.0,2.0
2020-10-04,Arsenal,Sheffield United,2,1,H,0,0,D,6,6,5,2,2,4,3,9,0,1,0,0,1.57,4.0,6.0,2020-21,1807.7097168,1666.13818359,141.5715332100001,0,6.0,4.0,2.0,6.0,0.0,4.0,0.0,0.0,6.0
2020-10-04,Wolves,Fulham,1,0,H,0,0,D,14,10,5,2,6,2,15,8,1,1,0,0,1.5,4.0,7.5,2020-21,1763.16113281,1566.82507324,196.3360595700001,0,3.0,7.0,1.0,3.0,3.0,10.0,0.0,0.0,3.0
2020-10-04,Man United,Tottenham,1,6,A,1,4,A,5,22,2,8,2,4,14,10,2,1,1,0,1.85,3.8,4.0,2020-21,1848.07385254,1809.74047852,38.333374020000065,2,4.0,5.0,1.0,3.0,6.0,4.0,1.0,4.0,-1.0
2020-10-04,Aston Villa,Liverpool,7,2,H,4,1,H,18,14,11,8,2,7,7,10,2,1,0,0,10.0,5.5,1.3,2020-21,1641.77258301,2005.29968262,-363.52709961000005,0,4.0,0.0,2.0,6.0,9.0,4.0,3.0,9.0,-3.0
2020-10-17,Everton,Liverpool,2,2,D,1,1,D,11,22,5,8,2,5,15,9,3,2,1,0,3.75,4.2,1.83,2020-21,1751.31311035,1970.78283691,-219.46972656000003,1,12.0,5.0,4.0,12.0,11.0,11.0,3.0,9.0,3.0
2020-10-17,Chelsea,Southampton,3,3,D,2,1,H,11,13,5,6,6,2,11,9,1,1,0,0,1.45,4.75,6.5,2020-21,1823.93395996,1717.05957031,106.87438965000001,1,10.0,6.0,2.0,7.0,5.0,6.0,2.0,6.0,1.0
2020-10-17,Man City,Arsenal,1,0,H,1,0,H,13,11,5,3,6,6,15,10,4,1,0,0,1.44,5.0,6.5,2020-21,1946.1237793,1811.67236328,134.45141602000012,0,6.0,7.0,1.0,4.0,8.0,5.0,3.0,9.0,-5.0
2020-10-17,Newcastle,Man United,1,4,A,1,1,D,7,28,4,14,0,7,9,12,1,1,0,0,4.75,4.0,1.66,2020-21,1690.57775879,1825.89160156,-135.31384277000006,2,6.0,5.0,2.0,7.0,5.0,11.0,1.0,3.0,4.0
2020-10-18,Crystal Palace,Brighton,1,1,D,1,0,H,1,20,1,3,2,5,13,12,3,2,0,1,2.62,3.3,2.7,2020-21,1685.16723633,1653.99438477,31.172851560000026,1,5.0,7.0,2.0,6.0,8.0,10.0,1.0,3.0,3.0
2020-10-18,Sheffield United,Fulham,1,1,D,0,0,D,10,15,6,6,2,5,5,9,0,2,0,0,2.1,3.3,3.7,2020-21,1662.17553711,1563.79821777,98.37731933999999,1,1.0,6.0,0.0,0.0,3.0,11.0,0.0,0.0,0.0
2020-10-18,Leicester,Aston Villa,0,1,A,0,0,D,11,10,5,4,2,7,18,18,4,3,0,0,1.83,3.8,4.1,2020-21,1779.24963379,1676.28942871,102.96020507999992,2,12.0,7.0,3.0,9.0,11.0,2.0,3.0,9.0,0.0
2020-10-18,Tottenham,West Ham,3,3,D,3,0,H,11,13,6,4,3,7,13,12,0,5,0,0,1.57,4.33,5.5,2020-21,1831.92260742,1710.3807373,121.54187012000011,1,12.0,5.0,2.0,7.0,8.0,4.0,2.0,6.0,1.0
2020-10-19,West Brom,Burnley,0,0,D,0,0,D,13,9,6,4,8,2,15,17,2,2,0,0,2.45,3.3,2.9,2020-21,1579.38684082,1694.88781738,-115.5009765599998,1,5.0,13.0,0.0,1.0,3.0,8.0,0.0,0.0,1.0
2020-10-19,Leeds,Wolves,0,1,A,0,0,D,13,7,2,3,8,3,13,12,2,1,0,0,2.5,3.3,2.87,2020-21,1647.85021973,1766.18798828,-118.33776854999996,2,9.0,8.0,2.0,7.0,4.0,7.0,2.0,6.0,1.0
2020-10-23,Aston Villa,Leeds,0,3,A,0,0,D,12,27,4,9,6,5,14,17,2,2,0,0,2.05,3.75,3.3,2020-21,1693.79418945,1648.33789062,45.45629882999992,2,12.0,2.0,4.0,12.0,9.0,9.0,2.0,7.0,5.0
2020-10-24,West Ham,Man City,1,1,D,1,0,H,6,14,2,7,2,10,14,6,2,0,0,0,8.0,5.25,1.36,2020-21,1724.90808105,1963.61413574,-238.70605468999997,1,11.0,7.0,2.0,7.0,7.0,7.0,2.0,7.0,0.0
2020-10-24,Fulham,Crystal Palace,1,2,A,0,1,A,16,14,3,10,4,4,11,11,0,1,1,0,2.75,3.1,2.7,2020-21,1577.75646973,1693.84655762,-116.09008789000018,2,4.0,12.0,0.0,1.0,6.0,8.0,2.0,7.0,-6.0
2020-10-24,Man United,Chelsea,0,0,D,0,0,D,14,6,4,1,9,6,8,6,3,1,0,0,2.37,3.6,2.8,2020-21,1857.42102051,1829.97412109,27.446899420000136,1,9.0,12.0,2.0,6.0,13.0,9.0,2.0,8.0,-2.0
2020-10-24,Liverpool,Sheffield United,2,1,H,1,1,D,17,13,5,2,7,3,7,15,0,3,0,0,1.22,6.5,12.0,2020-21,1980.85180664,1669.06201172,311.78979491999985,0,13.0,13.0,3.0,10.0,2.0,7.0,0.0,1.0,9.0
2020-10-25,Southampton,Everton,2,0,H,2,0,H,12,6,6,2,4,5,11,11,1,2,0,1,2.75,3.4,2.55,2020-21,1731.33239746,1766.61462402,-35.282226560000026,0,8.0,9.0,2.0,7.0,14.0,7.0,4.0,13.0,-6.0
2020-10-25,Wolves,Newcastle,1,1,D,0,0,D,16,5,3,2,2,3,10,10,0,1,0,0,1.75,3.5,5.25,2020-21,1782.34204102,1691.50292969,90.83911132999992,1,5.0,7.0,3.0,9.0,7.0,9.0,2.0,7.0,2.0
2020-10-25,Arsenal,Leicester,0,1,A,0,0,D,12,6,4,2,9,3,13,9,3,5,0,0,1.9,3.75,3.8,2020-21,1822.73681641,1781.93603516,40.80078125,2,8.0,6.0,3.0,9.0,12.0,8.0,3.0,9.0,0.0
2020-10-26,Brighton,West Brom,1,1,D,1,0,H,5,9,3,3,6,2,14,7,2,0,0,0,1.7,4.0,4.75,2020-21,1666.15979004,1592.27856445,73.88122558999999,1,9.0,11.0,1.0,4.0,5.0,13.0,0.0,2.0,2.0
2020-10-26,Burnley,Tottenham,0,1,A,0,0,D,13,9,4,3,4,5,9,7,2,0,0,0,5.75,4.0,1.6,2020-21,1702.84069824,1842.87402344,-140.03332520000004,2,3.0,8.0,0.0,1.0,15.0,8.0,2.0,8.0,-7.0
2020-10-30,Wolves,Crystal Palace,2,0,H,2,0,H,15,11,5,2,7,6,13,4,0,2,0,1,2.0,3.2,4.33,2020-21,1785.84106445,1706.33447266,79.5065917899999,0,4.0,8.0,2.0,7.0,7.0,9.0,2.0,7.0,0.0
2020-10-31,Sheffield United,Man City,0,1,A,0,1,A,5,16,1,8,2,5,14,6,0,0,0,0,9.5,6.0,1.28,2020-21,1674.0703125,1970.61279297,-296.5424804700001,2,3.0,7.0,0.0,1.0,8.0,8.0,2.0,8.0,-7.0
2020-10-31,Burnley,Chelsea,0,3,A,0,1,A,5,14,0,9,3,4,10,15,1,0,0,0,6.0,4.5,1.5,2020-21,1704.46203613,1845.58056641,-141.1185302800002,2,3.0,9.0,0.0,1.0,10.0,8.0,1.0,6.0,-5.0
2020-10-31,Liverpool,West Ham,2,1,H,1,1,D,9,4,5,3,1,2,13,14,0,1,0,0,1.36,5.25,7.5,2020-21,1990.51208496,1737.07470703,253.43737793000014,0,11.0,11.0,3.0,10.0,12.0,6.0,2.0,8.0,2.0
2020-11-01,Aston Villa,Southampton,3,4,A,0,3,A,19,9,10,4,11,1,12,17,1,2,0,0,2.45,3.5,2.8,2020-21,1687.51098633,1749.70825195,-62.19726562000005,2,12.0,5.0,4.0,12.0,10.0,8.0,3.0,10.0,2.0
2020-11-01,Newcastle,Everton,2,1,H,0,0,D,11,15,4,4,5,4,9,10,2,4,0,0,3.7,3.4,2.05,2020-21,1701.44250488,1761.67724609,-60.23474121000004,0,6.0,10.0,1.0,5.0,13.0,9.0,3.0,10.0,-5.0
2020-11-01,Man United,Arsenal,0,1,A,0,0,D,8,7,2,2,6,3,12,12,3,3,0,0,2.0,3.6,3.6,2020-21,1877.63330078,1820.20324707,57.43005370999981,2,9.0,12.0,2.0,7.0,5.0,7.0,2.0,6.0,1.0
2020-11-01,Tottenham,Brighton,2,1,H,1,0,H,9,6,3,2,4,5,14,13,2,1,0,0,1.61,4.0,5.5,2020-21,1841.12817383,1670.10522461,171.02294921999987,0,16.0,7.0,3.0,11.0,9.0,9.0,1.0,5.0,6.0
2020-11-02,Fulham,West Brom,2,0,H,2,0,H,13,10,6,1,5,2,13,11,3,2,0,0,2.4,3.3,3.0,2020-21,1578.70690918,1601.77148438,-23.064575200000036,0,5.0,11.0,0.0,1.0,6.0,11.0,0.0,3.0,-2.0
2020-11-02,Leeds,Leicester,1,4,A,0,2,A,11,10,4,8,10,3,9,5,1,1,0,0,2.5,3.6,2.62,2020-21,1676.46508789,1802.62866211,-126.1635742200001,2,9.0,5.0,3.0,10.0,10.0,8.0,3.0,9.0,1.0
2020-11-06,Brighton,Burnley,0,0,D,0,0,D,19,4,3,1,5,3,11,5,1,0,0,0,1.85,3.5,4.33,2020-21,1671.99133301,1700.85021973,-28.858886719999873,1,7.0,11.0,0.0,2.0,1.0,8.0,0.0,1.0,1.0
2020-11-06,Southampton,Newcastle,2,0,H,1,0,H,15,4,8,2,8,3,12,11,1,2,0,0,2.0,3.6,3.7,2020-21,1762.21875,1715.76208496,46.45666503999996,0,12.0,6.0,4.0,13.0,8.0,8.0,2.0,8.0,5.0
2020-11-07,Everton,Man United,1,3,A,1,2,A,7,13,1,5,5,2,12,19,4,2,0,0,2.9,3.5,2.37,2020-21,1758.12219238,1858.57263184,-100.4504394600001,2,9.0,9.0,2.0,7.0,8.0,10.0,2.0,7.0,0.0
2020-11-07,Crystal Palace,Leeds,4,1,H,3,1,H,10,9,6,3,3,6,9,1,0,2,0,0,2.87,3.4,2.45,2020-21,1703.8848877,1672.3659668,31.518920900000012,0,4.0,10.0,1.0,4.0,6.0,6.0,2.0,7.0,-3.0
2020-11-07,Chelsea,Sheffield United,4,1,H,2,1,H,20,6,9,3,6,7,5,14,0,2,0,0,1.36,5.0,8.5,2020-21,1864.44091797,1676.97277832,187.46813965,0,13.0,6.0,2.0,9.0,3.0,7.0,0.0,1.0,8.0
2020-11-07,West Ham,Fulham,1,0,H,0,0,D,16,13,7,3,9,5,10,9,2,2,0,0,1.83,3.75,4.2,2020-21,1740.24194336,1595.41516113,144.82678223000016,0,12.0,6.0,2.0,8.0,4.0,7.0,1.0,4.0,4.0
2020-11-08,West Brom,Tottenham,0,1,A,0,0,D,12,19,2,5,9,6,17,12,1,0,0,0,7.0,4.33,1.45,2020-21,1595.82775879,1853.67468262,-257.84692383000015,2,4.0,8.0,0.0,3.0,13.0,6.0,3.0,11.0,-8.0
2020-11-08,Leicester,Wolves,1,0,H,1,0,H,10,7,3,2,6,3,12,8,2,3,0,0,2.3,3.2,3.25,2020-21,1823.21496582,1799.05517578,24.15979004000019,0,10.0,7.0,3.0,9.0,5.0,5.0,3.0,10.0,-1.0
2020-11-08,Man City,Liverpool,1,1,D,1,1,D,7,10,2,3,1,2,19,11,3,1,0,0,1.95,4.2,3.4,2020-21,1981.78881836,2009.21520996,-27.426391599999988,1,6.0,7.0,2.0,8.0,11.0,12.0,3.0,10.0,-2.0
2020-11-08,Arsenal,Aston Villa,0,3,A,0,1,A,13,15,2,6,3,8,11,13,0,0,0,0,1.65,4.1,5.0,2020-21,1838.49658203,1685.76501465,152.7315673799999,2,4.0,6.0,2.0,6.0,14.0,9.0,3.0,9.0,-3.0
2020-11-21,Newcastle,Chelsea,0,2,A,0,1,A,8,14,1,3,7,4,11,12,2,0,0,0,6.5,4.75,1.45,2020-21,1707.09851074,1870.15246582,-163.05395508000015,2,7.0,9.0,2.0,7.0,14.0,4.0,3.0,11.0,-4.0
2020-11-21,Aston Villa,Brighton,1,2,A,0,1,A,15,7,4,3,12,3,5,18,2,1,0,1,2.15,3.6,3.2,2020-21,1707.10498047,1672.07275391,35.032226560000026,2,14.0,9.0,3.0,9.0,5.0,8.0,0.0,3.0,6.0
2020-11-21,Tottenham,Man City,2,0,H,1,0,H,4,22,2,5,0,10,13,19,2,2,0,0,4.0,4.0,1.8,2020-21,1856.58508301,1981.80700684,-125.22192382999992,0,13.0,5.0,4.0,13.0,5.0,3.0,2.0,9.0,4.0
2020-11-21,Man United,West Brom,1,0,H,0,0,D,17,7,7,2,8,2,12,17,1,1,0,0,1.3,5.5,9.5,2020-21,1867.10644531,1592.91748047,274.1889648399999,0,8.0,9.0,2.0,7.0,1.0,6.0,0.0,2.0,5.0
2020-11-22,Fulham,Everton,2,3,A,1,3,A,14,9,6,7,2,5,14,10,2,0,0,0,3.9,3.9,1.85,2020-21,1591.43115234,1749.58850098,-158.15734864,2,4.0,5.0,1.0,4.0,8.0,11.0,1.0,4.0,0.0
2020-11-22,Sheffield United,West Ham,0,1,A,0,0,D,9,15,5,3,2,6,7,6,0,0,0,0,3.0,3.25,2.4,2020-21,1671.26123047,1744.22607422,-72.96484375,2,4.0,10.0,0.0,1.0,9.0,6.0,2.0,8.0,-7.0
2020-11-22,Leeds,Arsenal,0,0,D,0,0,D,25,9,4,2,5,3,9,8,3,0,0,1,3.0,3.75,2.2,2020-21,1660.91833496,1817.15661621,-156.23828125,1,6.0,10.0,1.0,4.0,3.0,6.0,2.0,6.0,-2.0
2020-11-22,Liverpool,Leicester,3,0,H,2,0,H,24,11,13,4,10,3,15,6,0,2,0,0,1.85,4.0,3.8,2020-21,2009.19702148,1829.91906738,179.27795410000022,0,9.0,12.0,2.0,8.0,6.0,5.0,3.0,9.0,-1.0
2020-11-23,Burnley,Crystal Palace,1,0,H,1,0,H,10,15,4,5,4,7,13,9,2,0,0,0,2.75,3.1,2.75,2020-21,1700.76879883,1715.33251953,-14.563720699999976,0,1.0,7.0,0.0,2.0,7.0,9.0,2.0,7.0,-5.0
2020-11-23,Wolves,Southampton,1,1,D,0,0,D,20,7,9,2,7,4,14,13,2,0,0,0,2.3,3.25,3.25,2020-21,1792.35107422,1770.88232422,21.46875,1,5.0,2.0,3.0,10.0,13.0,6.0,4.0,13.0,-3.0
2020-11-27,Crystal Palace,Newcastle,0,2,A,0,0,D,12,14,3,7,7,3,9,10,2,2,0,0,2.05,3.25,3.75,2020-21,1705.75830078,1698.83154297,6.926757809999799,2,7.0,6.0,2.0,7.0,4.0,10.0,1.0,4.0,3.0
2020-11-28,Brighton,Liverpool,1,1,D,0,0,D,11,6,3,2,4,3,9,13,2,1,0,0,5.5,4.2,1.57,2020-21,1680.0020752,1993.03588867,-313.03381347000004,1,5.0,5.0,1.0,6.0,10.0,5.0,3.0,11.0,-5.0
2020-11-28,Man City,Burnley,5,0,H,3,0,H,19,9,6,1,6,4,12,4,0,0,0,0,1.16,7.5,16.0,2020-21,1969.2557373,1706.93945312,262.3162841799999,0,4.0,4.0,2.0,8.0,1.0,4.0,1.0,5.0,3.0
2020-11-28,Everton,Leeds,0,1,A,0,0,D,15,23,8,7,4,2,8,14,1,2,0,0,1.95,3.8,3.6,2020-21,1752.68164062,1662.72888184,89.95275878000007,2,7.0,11.0,1.0,4.0,5.0,9.0,1.0,4.0,0.0
2020-11-28,West Brom,Sheffield United,1,0,H,1,0,H,17,21,6,5,14,9,10,9,2,3,0,0,2.6,3.2,2.8,2020-21,1589.14501953,1662.57763672,-73.4326171900002,0,1.0,5.0,0.0,2.0,3.0,9.0,0.0,1.0,1.0
2020-11-29,Southampton,Man United,2,3,A,2,0,H,10,15,5,6,5,9,12,12,1,0,0,0,4.0,3.5,1.95,2020-21,1770.61157227,1869.97351074,-99.36193847000004,2,12.0,7.0,3.0,11.0,8.0,3.0,3.0,10.0,1.0
2020-11-29,Chelsea,Tottenham,0,0,D,0,0,D,13,5,3,1,3,3,20,9,4,2,0,0,2.05,3.5,3.6,2020-21,1878.91589355,1871.95007324,6.965820310000026,1,12.0,4.0,3.0,11.0,9.0,4.0,4.0,13.0,-2.0
2020-11-29,Arsenal,Wolves,1,2,A,1,2,A,13,11,2,5,8,4,13,13,3,4,0,0,2.05,3.4,3.75,2020-21,1817.45996094,1789.21838379,28.241577150000012,2,1.0,5.0,1.0,4.0,5.0,3.0,2.0,8.0,-4.0
2020-11-30,Leicester,Fulham,1,2,A,0,2,A,16,10,3,5,6,5,9,21,0,2,0,0,1.5,4.33,6.5,2020-21,1819.21240234,1584.93432617,234.27807616999985,2,6.0,5.0,3.0,9.0,6.0,7.0,1.0,4.0,5.0
2020-11-30,West Ham,Aston Villa,2,1,H,1,1,D,6,16,2,6,3,7,20,7,1,1,0,0,2.25,3.6,3.0,2020-21,1749.50598145,1695.7722168,53.73376465000001,0,7.0,6.0,2.0,8.0,8.0,9.0,2.0,6.0,2.0
2020-12-05,Burnley,Everton,1,1,D,1,1,D,8,13,3,6,8,4,6,9,0,0,0,0,4.0,3.5,1.9,2020-21,1698.61682129,1738.34924316,-39.73242187000005,1,1.0,9.0,1.0,4.0,5.0,10.0,1.0,3.0,1.0
2020-12-05,Man City,Fulham,2,0,H,2,0,H,16,6,6,1,9,3,7,6,0,0,0,0,1.1,11.0,19.0,2020-21,1966.70556641,1595.67956543,371.02600098000016,0,8.0,4.0,2.0,8.0,7.0,7.0,2.0,6.0,2.0
2020-12-05,West Ham,Man United,1,3,A,1,0,H,19,15,6,6,5,4,9,10,0,0,0,0,3.6,3.6,2.0,2020-21,1751.85791016,1859.64489746,-107.78698729999996,2,6.0,4.0,3.0,10.0,7.0,4.0,3.0,10.0,0.0
2020-12-05,Chelsea,Leeds,3,1,H,1,1,D,23,8,11,3,8,4,12,9,0,2,0,0,1.5,4.5,6.0,2020-21,1892.29907227,1670.23352051,222.06555175999983,0,9.0,1.0,3.0,11.0,6.0,8.0,2.0,7.0,4.0
2020-12-06,West Brom,Crystal Palace,1,5,A,1,1,D,9,18,4,6,4,6,10,16,2,2,1,0,2.87,3.2,2.55,2020-21,1595.09777832,1689.54101562,-94.44323729999996,2,2.0,5.0,1.0,4.0,6.0,7.0,2.0,6.0,-2.0
2020-12-06,Sheffield United,Leicester,1,2,A,1,1,D,4,13,1,4,6,5,13,6,1,3,0,0,3.8,3.5,1.95,2020-21,1649.79724121,1787.9407959,-138.14355468999997,2,2.0,9.0,0.0,0.0,7.0,6.0,3.0,9.0,-9.0
2020-12-06,Tottenham,Arsenal,2,0,H,2,0,H,6,11,3,2,3,9,16,12,1,2,0,0,1.95,3.6,3.8,2020-21,1864.92089844,1808.41418457,56.506713869999885,0,6.0,1.0,4.0,13.0,2.0,6.0,1.0,4.0,9.0
2020-12-06,Liverpool,Wolves,4,0,H,1,0,H,11,9,6,3,4,6,8,14,1,1,0,0,1.5,4.33,6.5,2020-21,1985.58764648,1795.51257324,190.07507324000017,0,9.0,4.0,3.0,11.0,6.0,4.0,2.0,8.0,3.0
2020-12-07,Brighton,Southampton,1,2,A,1,1,D,12,10,4,3,4,3,12,12,3,3,0,0,2.45,3.4,2.9,2020-21,1683.33178711,1760.94519043,-77.61340331999986,2,5.0,5.0,1.0,6.0,11.0,7.0,3.0,10.0,-4.0
2020-12-11,Leeds,West Ham,1,2,A,1,1,D,13,19,7,8,5,6,12,10,1,2,0,0,2.15,3.7,3.1,2020-21,1662.37219238,1739.3536377,-76.98144532000015,2,4.0,11.0,1.0,4.0,6.0,6.0,3.0,9.0,-5.0
2020-12-12,Wolves,Aston Villa,0,1,A,0,0,D,16,13,7,2,5,8,23,15,2,5,0,0,2.25,3.25,3.25,2020-21,1784.9309082,1682.43151855,102.49938965000001,2,5.0,7.0,2.0,7.0,8.0,11.0,1.0,3.0,4.0
2020-12-12,Newcastle,West Brom,2,1,H,1,0,H,12,13,7,3,4,3,9,12,2,3,0,0,2.45,3.2,3.0,2020-21,1704.06018066,1577.91564941,126.14453125,0,5.0,6.0,2.0,7.0,2.0,9.0,1.0,3.0,4.0
2020-12-12,Man United,Man City,0,0,D,0,0,D,11,9,2,2,4,3,13,6,1,1,0,0,4.33,4.2,1.72,2020-21,1857.39709473,1967.20983887,-109.81274414000018,1,10.0,5.0,4.0,12.0,9.0,3.0,3.0,10.0,2.0
2020-12-12,Everton,Chelsea,1,0,H,1,0,H,9,10,4,3,6,6,10,11,2,3,0,0,4.33,4.2,1.7,2020-21,1733.90563965,1883.63244629,-149.72680663999995,0,6.0,9.0,1.0,4.0,12.0,2.0,4.0,13.0,-9.0
2020-12-13,Southampton,Sheffield United,3,0,H,1,0,H,16,3,6,0,8,4,8,14,0,1,0,0,1.7,3.75,5.0,2020-21,1763.63269043,1640.25109863,123.38159180000002,0,11.0,8.0,3.0,10.0,2.0,9.0,0.0,0.0,10.0
2020-12-13,Crystal Palace,Tottenham,1,1,D,0,1,A,16,14,5,6,4,7,15,11,1,1,0,0,4.5,3.9,1.72,2020-21,1698.40112305,1871.13952637,-172.7384033200001,1,9.0,7.0,2.0,6.0,7.0,1.0,4.0,13.0,-7.0
2020-12-13,Fulham,Liverpool,1,1,D,1,0,H,10,12,5,6,6,8,9,5,3,1,0,0,9.0,5.5,1.3,2020-21,1589.88110352,1980.26416016,-390.3830566400002,1,6.0,7.0,2.0,6.0,11.0,3.0,3.0,11.0,-5.0
2020-12-13,Arsenal,Burnley,0,1,A,0,0,D,18,10,6,2,13,4,5,11,2,1,1,0,1.53,4.2,6.25,2020-21,1796.85424805,1694.73840332,102.11584472999994,2,2.0,7.0,1.0,4.0,2.0,9.0,1.0,5.0,-1.0
2020-12-13,Leicester,Brighton,3,0,H,3,0,H,15,12,6,4,9,5,9,11,2,1,0,0,2.0,3.5,3.8,2020-21,1792.07055664,1672.32214355,119.74841308999999,0,8.0,7.0,3.0,9.0,5.0,6.0,1.0,5.0,4.0
2020-12-15,Wolves,Chelsea,2,1,H,0,0,D,12,13,4,3,5,6,12,12,2,2,0,0,5.25,3.8,1.66,2020-21,1773.47094727,1872.5489502,-99.07800293000014,0,3.0,8.0,1.0,4.0,9.0,3.0,3.0,10.0,-6.0
2020-12-15,Man City,West Brom,1,1,D,1,1,D,26,5,7,1,13,2,5,8,2,3,0,0,1.09,11.0,21.0,2020-21,1964.96386719,1573.51916504,391.44470215,1,8.0,3.0,2.0,8.0,3.0,9.0,1.0,3.0,5.0
2020-12-16,Arsenal,Southampton,1,1,D,0,1,A,9,13,4,3,2,7,13,13,1,3,1,0,2.25,3.5,3.1,2020-21,1785.37438965,1771.36047363,14.013916020000124,1,1.0,8.0,0.0,1.0,10.0,5.0,3.0,10.0,-9.0
2020-12-16,Leeds,Newcastle,5,2,H,1,1,D,25,10,10,4,7,4,10,13,3,1,0,0,1.75,4.0,4.33,2020-21,1655.55664062,1708.45654297,-52.89990235000005,0,4.0,9.0,1.0,4.0,6.0,6.0,3.0,9.0,-5.0
2020-12-16,Leicester,Everton,0,2,A,0,1,A,14,11,2,6,4,6,12,9,2,3,0,0,2.15,3.6,3.25,2020-21,1799.8536377,1744.98913574,54.8645019600001,2,7.0,6.0,3.0,9.0,6.0,7.0,2.0,7.0,2.0
2020-12-16,Fulham,Brighton,0,0,D,0,0,D,9,9,4,4,1,8,15,11,1,0,0,0,2.87,3.3,2.5,2020-21,1597.640625,1664.5390625,-66.8984375,1,5.0,8.0,1.0,4.0,4.0,7.0,1.0,5.0,-1.0
2020-12-16,Liverpool,Tottenham,2,1,H,1,1,D,17,8,11,2,7,4,8,9,0,2,0,0,1.75,3.8,4.5,2020-21,1972.5045166,1867.26586914,105.23864746000004,0,10.0,3.0,2.0,9.0,6.0,1.0,3.0,11.0,-2.0
2020-12-16,West Ham,Crystal Palace,1,1,D,0,1,A,9,8,2,2,5,3,8,12,0,1,0,1,2.05,3.4,3.6,2020-21,1746.16918945,1702.2746582,43.89453125,1,7.0,5.0,4.0,12.0,10.0,6.0,2.0,7.0,5.0
2020-12-17,Aston Villa,Burnley,0,0,D,0,0,D,27,6,7,4,11,1,17,19,1,1,0,0,1.75,3.8,4.5,2020-21,1693.89135742,1706.21826172,-12.326904300000024,1,9.0,8.0,2.0,6.0,3.0,6.0,2.0,8.0,-2.0
2020-12-17,Sheffield United,Man United,2,3,A,1,2,A,12,14,6,8,6,3,17,8,3,2,0,0,7.0,4.6,1.44,2020-21,1632.52331543,1859.64306641,-227.11975098000016,2,2.0,11.0,0.0,0.0,10.0,4.0,4.0,13.0,-13.0
2020-12-19,Crystal Palace,Liverpool,0,7,A,0,3,A,5,14,3,8,5,4,5,11,1,0,0,0,6.5,4.33,1.5,2020-21,1704.43713379,1977.1730957,-272.73596191,2,7.0,6.0,1.0,5.0,11.0,3.0,3.0,11.0,-6.0
2020-12-19,Southampton,Man City,0,1,A,0,1,A,9,11,3,5,6,6,9,11,2,2,0,0,7.0,4.5,1.44,2020-21,1772.68969727,1956.57165527,-183.88195800000017,2,9.0,6.0,2.0,8.0,8.0,3.0,2.0,8.0,0.0
2020-12-19,Everton,Arsenal,2,1,H,2,1,H,9,13,2,2,4,3,9,9,1,3,0,0,2.45,3.5,2.8,2020-21,1759.51171875,1784.04516602,-24.533447269999897,0,7.0,4.0,3.0,10.0,2.0,6.0,0.0,2.0,8.0
2020-12-19,Newcastle,Fulham,1,1,D,0,1,A,12,11,5,4,2,9,7,17,1,2,0,1,2.5,3.25,2.9,2020-21,1693.6451416,1598.62915039,95.01599121000004,1,6.0,10.0,2.0,6.0,5.0,7.0,1.0,5.0,1.0
2020-12-20,Tottenham,Leicester,0,2,A,0,1,A,8,17,3,4,5,3,15,14,2,2,0,0,2.05,3.5,3.6,2020-21,1862.59741211,1785.33105469,77.26635742000008,2,6.0,3.0,2.0,8.0,6.0,8.0,2.0,6.0,2.0
2020-12-20,Brighton,Sheffield United,1,1,D,0,0,D,21,5,5,3,14,2,9,11,1,5,0,1,1.65,3.75,5.5,2020-21,1663.55053711,1628.87817383,34.67236328000013,1,4.0,7.0,1.0,5.0,3.0,10.0,0.0,0.0,5.0
2020-12-20,West Brom,Aston Villa,0,3,A,0,1,A,1,19,1,10,1,7,14,8,1,2,1,0,3.6,3.8,1.95,2020-21,1581.91149902,1693.25830078,-111.34680175999983,2,4.0,9.0,1.0,4.0,6.0,4.0,2.0,7.0,-3.0
2020-12-20,Man United,Leeds,6,2,H,4,1,H,26,17,14,3,11,13,6,6,1,0,0,0,1.66,4.33,4.5,2020-21,1863.28820801,1670.36804199,192.92016602000012,0,10.0,5.0,4.0,13.0,8.0,7.0,2.0,7.0,6.0
2020-12-21,Burnley,Wolves,2,1,H,1,0,H,10,15,4,3,1,7,11,15,2,1,0,0,3.5,3.25,2.2,2020-21,1706.85131836,1783.2401123,-76.38879393999991,0,3.0,6.0,2.0,8.0,5.0,8.0,2.0,7.0,1.0
2020-12-21,Chelsea,West Ham,3,0,H,1,0,H,11,6,7,0,5,4,11,6,0,0,0,0,1.44,5.0,6.25,2020-21,1862.77978516,1744.00671387,118.77307128999996,0,6.0,4.0,2.0,7.0,7.0,6.0,3.0,10.0,-3.0
2020-12-26,Leicester,Man United,2,2,D,1,1,D,10,9,2,4,5,0,10,17,2,1,0,0,2.9,3.6,2.3,2020-21,1800.66589355,1869.20751953,-68.54162597999994,1,8.0,5.0,3.0,9.0,15.0,7.0,4.0,13.0,-4.0
2020-12-26,Aston Villa,Crystal Palace,3,0,H,1,0,H,21,13,10,6,4,4,18,16,1,4,1,0,1.9,3.75,3.8,2020-21,1703.8215332,1696.8112793,7.010253899999952,0,6.0,4.0,2.0,7.0,7.0,12.0,1.0,5.0,2.0
2020-12-26,Fulham,Southampton,0,0,D,0,0,D,10,3,1,2,6,3,15,12,2,0,0,0,3.2,3.3,2.3,2020-21,1602.19494629,1768.33215332,-166.13720703000013,1,4.0,5.0,1.0,6.0,8.0,6.0,2.0,7.0,-1.0
2020-12-26,Arsenal,Chelsea,3,1,H,2,0,H,15,19,7,3,7,9,13,10,2,1,0,0,4.0,3.6,1.9,2020-21,1776.20861816,1870.24853516,-94.03991700000006,0,3.0,8.0,0.0,1.0,7.0,4.0,2.0,7.0,-6.0
2020-12-26,Man City,Newcastle,2,0,H,1,0,H,11,7,6,2,7,3,5,12,2,2,0,0,1.11,10.0,19.0,2020-21,1960.92919922,1690.0793457,270.8498535200001,0,9.0,1.0,3.0,11.0,7.0,9.0,2.0,7.0,4.0
2020-12-26,Sheffield United,Everton,0,1,A,0,0,D,10,7,2,3,6,3,11,10,2,4,0,0,4.2,3.6,1.85,2020-21,1630.92272949,1767.34814453,-136.42541503999996,2,4.0,10.0,0.0,1.0,6.0,3.0,3.0,10.0,-9.0
2020-12-27,Liverpool,West Brom,1,1,D,1,0,H,17,5,2,3,8,3,8,5,0,1,0,0,1.11,10.0,19.0,2020-21,1984.79907227,1571.34814453,413.45092774,1,15.0,3.0,3.0,11.0,4.0,11.0,1.0,4.0,7.0
2020-12-27,Wolves,Tottenham,1,1,D,0,1,A,11,6,6,3,9,2,20,13,4,1,0,0,3.6,3.25,2.15,2020-21,1773.91064453,1847.26257324,-73.35192871000004,1,5.0,9.0,2.0,6.0,4.0,5.0,1.0,5.0,1.0
2020-12-27,Leeds,Burnley,1,0,H,1,0,H,11,14,4,6,4,12,8,14,0,3,0,0,1.72,4.0,4.33,2020-21,1664.4486084,1716.18078613,-51.732177729999876,0,10.0,13.0,2.0,6.0,4.0,7.0,2.0,8.0,-2.0
2020-12-27,West Ham,Brighton,2,2,D,0,1,A,11,13,4,4,5,4,6,8,0,0,0,0,2.3,3.4,3.1,2020-21,1736.53796387,1661.50598145,75.03198242000008,1,6.0,9.0,2.0,7.0,3.0,7.0,0.0,3.0,4.0
2020-12-28,Crystal Palace,Leicester,1,1,D,0,0,D,4,17,1,3,2,5,10,7,0,1,0,0,3.75,3.5,2.0,2020-21,1684.89709473,1801.5715332,-116.67443847000004,1,7.0,13.0,1.0,5.0,9.0,5.0,3.0,10.0,-5.0
2020-12-28,Chelsea,Aston Villa,1,1,D,1,0,H,16,10,5,2,11,4,16,3,3,1,0,0,1.61,4.2,5.0,2020-21,1856.9453125,1715.73571777,141.20959472999994,1,8.0,7.0,2.0,6.0,8.0,2.0,3.0,10.0,-4.0
2020-12-29,Brighton,Arsenal,0,1,A,0,0,D,13,11,2,3,5,4,11,4,2,0,0,0,3.25,3.5,2.2,2020-21,1664.6706543,1789.51184082,-124.84118652000006,2,4.0,8.0,0.0,3.0,5.0,7.0,1.0,4.0,-1.0
2020-12-29,Burnley,Sheffield United,1,0,H,1,0,H,5,7,3,3,3,5,13,17,1,2,0,0,2.37,3.1,3.25,2020-21,1707.75341797,1625.36425781,82.38916016000007,0,4.0,3.0,2.0,8.0,4.0,10.0,0.0,1.0,7.0
2020-12-29,Southampton,West Ham,0,0,D,0,0,D,8,8,3,3,4,3,16,15,3,1,0,0,2.1,3.6,3.4,2020-21,1764.77709961,1733.37329102,31.403808590000153,1,6.0,3.0,2.0,8.0,6.0,10.0,1.0,5.0,3.0
2020-12-29,West Brom,Leeds,0,5,A,0,4,A,4,14,1,6,3,10,7,10,0,1,0,0,3.6,3.6,2.0,2020-21,1579.9699707,1672.87609863,-92.90612792999991,2,4.0,12.0,0.0,2.0,10.0,13.0,2.0,6.0,-4.0
2020-12-29,Man United,Wolves,1,0,H,0,0,D,11,9,3,5,2,2,11,7,1,1,0,0,1.53,4.2,6.25,2020-21,1868.30187988,1774.90112305,93.40075682999986,0,14.0,7.0,3.0,11.0,4.0,9.0,1.0,4.0,7.0
2020-12-30,Newcastle,Liverpool,0,0,D,0,0,D,8,11,2,4,5,12,9,13,2,3,0,0,12.0,6.0,1.25,2020-21,1687.26013184,1976.17724609,-288.91711424999994,1,7.0,9.0,2.0,7.0,15.0,3.0,3.0,11.0,-4.0
2021-01-01,Everton,West Ham,0,1,A,0,0,D,10,11,2,5,5,4,9,7,2,0,0,0,2.1,3.5,3.5,2020-21,1772.90673828,1735.35742188,37.54931639999995,2,7.0,2.0,4.0,13.0,5.0,7.0,1.0,6.0,7.0
2021-01-01,Man United,Aston Villa,2,1,H,1,0,H,19,5,9,5,5,10,22,10,4,0,0,0,1.72,4.2,4.2,2020-21,1873.15600586,1720.49475098,152.66125488000012,0,12.0,6.0,3.0,11.0,8.0,1.0,3.0,11.0,0.0
2021-01-02,Tottenham,Leeds,3,0,H,2,0,H,20,18,7,5,3,5,15,13,2,1,1,0,1.75,4.1,4.2,2020-21,1846.27209473,1687.71728516,158.55480956999986,0,5.0,6.0,1.0,5.0,14.0,10.0,3.0,9.0,-4.0
2021-01-02,Crystal Palace,Sheffield United,2,0,H,2,0,H,9,7,4,2,3,6,8,18,1,3,0,0,1.95,3.5,3.9,2020-21,1687.10571289,1620.09265137,67.01306151999984,0,3.0,13.0,0.0,3.0,3.0,9.0,0.0,1.0,2.0
2021-01-02,Brighton,Wolves,3,3,D,1,3,A,13,11,4,4,5,8,13,8,2,1,0,0,2.62,3.25,2.75,2020-21,1658.84899902,1770.046875,-111.19787597999994,1,3.0,7.0,0.0,3.0,4.0,6.0,1.0,4.0,-1.0
2021-01-02,West Brom,Arsenal,0,4,A,0,2,A,7,21,3,12,3,5,7,4,1,2,0,0,5.75,4.0,1.57,2020-21,1565.12866211,1795.33349609,-230.20483397999988,2,3.0,12.0,0.0,2.0,6.0,5.0,2.0,7.0,-5.0
2021-01-03,Newcastle,Leicester,1,2,A,0,0,D,8,9,2,3,3,6,10,11,0,2,0,0,5.25,4.2,1.61,2020-21,1693.43273926,1799.36279297,-105.93005371000004,2,5.0,9.0,1.0,5.0,8.0,5.0,2.0,8.0,-3.0
2021-01-03,Chelsea,Man City,1,3,A,0,3,A,9,18,2,6,5,3,11,10,3,1,0,0,3.0,3.7,2.2,2020-21,1852.1862793,1963.74841309,-111.56213378999996,2,6.0,7.0,1.0,4.0,6.0,1.0,3.0,11.0,-7.0
2021-01-04,Southampton,Liverpool,1,0,H,1,0,H,7,17,3,1,1,10,5,12,1,3,0,0,5.0,4.33,1.61,2020-21,1762.79296875,1970.00476074,-207.21179198999994,0,4.0,2.0,1.0,6.0,11.0,3.0,2.0,9.0,-3.0
2021-01-12,Sheffield United,Newcastle,1,0,H,0,0,D,17,7,4,3,5,2,13,12,2,3,0,1,2.45,3.1,3.1,2020-21,1612.2845459,1687.15759277,-74.87304687000005,0,3.0,8.0,0.0,1.0,4.0,10.0,0.0,2.0,-1.0
2021-01-12,Burnley,Man United,0,1,A,0,0,D,11,13,0,7,3,4,15,13,1,2,0,0,7.0,4.5,1.45,2020-21,1713.02502441,1876.74841309,-163.72338867999997,2,4.0,2.0,3.0,10.0,14.0,7.0,4.0,13.0,-3.0
2021-01-12,Wolves,Everton,1,2,A,1,1,D,12,5,3,3,6,5,6,11,2,2,0,0,2.45,3.1,3.1,2020-21,1768.01257324,1762.93579102,5.076782220000041,2,7.0,8.0,1.0,5.0,6.0,2.0,4.0,12.0,-7.0
2021-01-13,Man City,Brighton,1,0,H,1,0,H,16,5,6,1,8,4,4,12,0,2,0,0,1.14,8.5,16.0,2020-21,1972.24780273,1660.88330078,311.3645019500002,0,7.0,2.0,3.0,11.0,6.0,7.0,0.0,4.0,7.0
2021-01-13,Tottenham,Fulham,1,1,D,1,0,H,15,15,6,4,6,5,13,15,1,2,0,0,1.36,5.0,8.5,2020-21,1852.28308105,1605.75,246.53308104999996,1,6.0,6.0,1.0,5.0,2.0,4.0,0.0,4.0,1.0
2021-01-14,Arsenal,Crystal Palace,0,0,D,0,0,D,11,12,4,2,7,3,10,11,1,1,0,0,1.53,4.0,6.5,2020-21,1802.57470703,1694.91394043,107.66076659999999,1,10.0,4.0,3.0,10.0,4.0,12.0,1.0,5.0,5.0
2021-01-16,Fulham,Chelsea,0,1,A,0,0,D,10,21,3,6,1,12,11,10,2,3,1,0,6.5,4.33,1.5,2020-21,1612.45031738,1843.68688965,-231.23657227000012,2,3.0,3.0,0.0,5.0,7.0,9.0,1.0,4.0,1.0
2021-01-16,Leicester,Southampton,2,0,H,1,0,H,16,8,5,3,2,5,10,11,2,2,0,0,1.8,3.75,4.5,2020-21,1805.63793945,1774.9395752,30.69836424999994,0,7.0,6.0,2.0,8.0,2.0,2.0,1.0,6.0,2.0
2021-01-16,Wolves,West Brom,2,3,A,2,1,H,23,12,6,5,11,0,10,14,2,1,0,0,1.6,3.5,7.0,2020-21,1758.83056641,1557.88757324,200.94299317000014,2,6.0,9.0,0.0,2.0,2.0,14.0,0.0,2.0,0.0
2021-01-16,Leeds,Brighton,0,1,A,0,1,A,7,7,2,2,5,2,8,9,1,1,0,0,2.1,3.5,3.4,2020-21,1681.70629883,1659.25720215,22.44909667999991,2,13.0,11.0,3.0,9.0,6.0,8.0,0.0,3.0,6.0
2021-01-16,West Ham,Burnley,1,0,H,1,0,H,15,10,4,2,7,4,12,9,2,1,0,0,1.8,3.5,4.75,2020-21,1745.32836914,1708.12573242,37.20263671999987,0,4.0,6.0,1.0,6.0,3.0,3.0,2.0,7.0,-1.0
2021-01-17,Sheffield United,Tottenham,1,3,A,0,2,A,15,14,5,5,5,7,13,4,4,0,0,0,6.25,3.75,1.6,2020-21,1621.51782227,1845.58276367,-224.06494140000018,2,2.0,5.0,1.0,4.0,6.0,6.0,1.0,5.0,-1.0
2021-01-17,Liverpool,Man United,0,0,D,0,0,D,17,8,3,4,7,3,15,6,2,1,0,0,1.95,3.8,3.6,2020-21,1957.8581543,1881.64770508,76.2104492200001,1,10.0,3.0,2.0,8.0,12.0,5.0,4.0,13.0,-5.0
2021-01-17,Man City,Crystal Palace,4,0,H,1,0,H,13,2,6,0,11,1,9,8,0,0,0,0,1.14,8.5,17.0,2020-21,1973.8737793,1698.79870605,275.07507325000006,0,8.0,2.0,4.0,13.0,3.0,11.0,1.0,5.0,8.0
2021-01-18,Arsenal,Newcastle,3,0,H,0,0,D,20,4,6,1,7,2,9,8,0,0,0,0,1.4,4.5,8.0,2020-21,1798.68981934,1677.92431641,120.76550292999991,0,9.0,3.0,3.0,10.0,2.0,6.0,0.0,2.0,8.0
2021-01-19,West Ham,West Brom,2,1,H,1,0,H,14,6,6,2,3,1,10,10,0,1,0,0,1.57,4.2,5.5,2020-21,1751.60070801,1571.47119141,180.1295166,0,4.0,5.0,2.0,8.0,4.0,15.0,1.0,4.0,4.0
2021-01-19,Leicester,Chelsea,2,0,H,2,0,H,8,9,6,5,6,3,7,16,1,3,0,0,2.87,3.4,2.45,2020-21,1814.64123535,1847.18725586,-32.54602051000006,0,9.0,4.0,3.0,11.0,7.0,7.0,2.0,7.0,4.0
2021-01-20,Man City,Aston Villa,2,0,H,0,0,D,28,11,9,4,16,2,10,9,0,2,0,0,1.22,6.5,12.0,2020-21,1977.91381836,1716.90234375,261.01147461000005,0,11.0,1.0,5.0,15.0,8.0,3.0,2.0,8.0,7.0
2021-01-20,Fulham,Man United,1,2,A,1,1,D,12,15,5,5,2,8,6,10,3,1,0,0,6.0,4.33,1.53,2020-21,1608.94995117,1884.65588379,-275.7059326199999,2,2.0,3.0,0.0,4.0,6.0,3.0,3.0,11.0,-7.0
2021-01-21,Liverpool,Burnley,0,1,A,0,0,D,27,6,6,4,12,0,11,8,2,1,0,0,1.18,7.5,15.0,2020-21,1954.84985352,1701.85339355,252.99645996999993,2,8.0,2.0,1.0,6.0,3.0,4.0,2.0,6.0,0.0
2021-01-23,Aston Villa,Newcastle,2,0,H,2,0,H,14,7,5,1,5,4,9,18,0,3,0,0,1.45,4.75,6.5,2020-21,1713.92614746,1670.15527344,43.770874020000065,0,8.0,5.0,2.0,7.0,1.0,8.0,0.0,1.0,6.0
2021-01-26,Crystal Palace,West Ham,2,3,A,1,2,A,6,17,3,7,3,4,9,8,0,0,0,0,3.1,3.25,2.37,2020-21,1694.75878906,1754.86621094,-60.10742187999995,2,3.0,8.0,1.0,5.0,6.0,3.0,3.0,11.0,-6.0
2021-01-26,Newcastle,Leeds,1,2,A,0,1,A,22,9,5,2,9,5,10,15,1,3,0,0,3.9,3.8,1.85,2020-21,1661.51196289,1672.19189453,-10.67993163999995,2,1.0,8.0,0.0,1.0,8.0,10.0,2.0,6.0,-5.0
2021-01-26,Southampton,Arsenal,1,3,A,1,2,A,13,9,5,5,4,5,11,6,1,2,0,0,3.5,3.6,2.05,2020-21,1765.9362793,1806.4588623,-40.52258299999994,2,1.0,3.0,1.0,5.0,11.0,1.0,4.0,13.0,-8.0
2021-01-26,West Brom,Man City,0,5,A,0,4,A,4,18,1,7,3,8,8,8,2,0,0,0,15.0,7.5,1.18,2020-21,1568.20568848,1980.89001465,-412.6843261700001,2,5.0,14.0,1.0,4.0,12.0,1.0,5.0,15.0,-11.0
2021-01-27,Burnley,Aston Villa,3,2,H,0,1,A,10,18,5,10,2,4,16,7,1,0,0,0,3.8,3.5,1.95,2020-21,1716.50854492,1722.56933594,-6.060791019999897,0,2.0,3.0,2.0,6.0,7.0,5.0,2.0,7.0,-1.0
2021-01-27,Chelsea,Wolves,0,0,D,0,0,D,14,4,5,0,13,1,14,7,1,1,0,0,1.6,4.2,5.25,2020-21,1835.80603027,1745.24682617,90.55920409999999,1,4.0,9.0,1.0,4.0,7.0,10.0,0.0,2.0,2.0
2021-01-27,Brighton,Fulham,0,0,D,0,0,D,16,10,5,3,10,0,10,14,2,1,0,0,2.05,3.4,3.75,2020-21,1668.77160645,1606.11364746,62.65795899,1,6.0,7.0,1.0,5.0,3.0,5.0,0.0,3.0,2.0
2021-01-27,Everton,Leicester,1,1,D,1,0,H,8,19,2,6,5,11,12,10,1,1,0,0,2.8,3.3,2.55,2020-21,1772.11779785,1826.02246094,-53.904663089999985,1,7.0,3.0,4.0,12.0,9.0,4.0,3.0,11.0,1.0
2021-01-27,Man United,Sheffield United,1,2,A,0,1,A,16,5,4,3,7,2,10,12,1,1,0,0,1.25,6.0,11.0,2020-21,1887.49230957,1616.33154297,271.1607666,2,6.0,2.0,4.0,13.0,2.0,7.0,1.0,3.0,10.0
2021-01-28,Tottenham,Liverpool,1,3,A,0,1,A,3,14,2,7,1,2,9,11,1,2,0,0,3.2,3.6,2.2,2020-21,1850.76904297,1940.19458008,-89.42553710999982,2,8.0,5.0,2.0,8.0,1.0,3.0,0.0,3.0,5.0
2021-01-30,Everton,Newcastle,0,2,A,0,0,D,11,13,3,3,7,12,13,6,3,4,0,0,1.55,4.0,6.5,2020-21,1772.82104492,1652.98876953,119.83227539000018,2,6.0,4.0,3.0,10.0,2.0,10.0,0.0,0.0,10.0
2021-01-30,Crystal Palace,Wolves,1,0,H,0,0,D,11,6,2,4,1,6,7,10,1,2,0,0,2.87,3.2,2.55,2020-21,1687.46252441,1748.56945801,-61.10693360000005,0,5.0,8.0,1.0,5.0,6.0,9.0,0.0,2.0,3.0
2021-01-30,Man City,Sheffield United,1,0,H,1,0,H,10,4,5,1,10,0,7,10,0,3,0,0,1.12,9.0,18.0,2020-21,1983.7286377,1631.07202148,352.65661621999993,0,15.0,1.0,5.0,15.0,4.0,7.0,2.0,6.0,9.0
2021-01-30,West Brom,Fulham,2,2,D,0,1,A,5,12,3,7,2,3,9,10,1,0,0,0,3.3,3.2,2.3,2020-21,1565.3671875,1608.70385742,-43.33666992000008,1,4.0,18.0,1.0,3.0,2.0,4.0,0.0,3.0,0.0
2021-01-30,Arsenal,Man United,0,0,D,0,0,D,17,14,3,3,4,7,9,16,1,3,0,0,2.8,3.5,2.45,2020-21,1817.34863281,1872.75183105,-55.40319823999994,1,11.0,1.0,4.0,13.0,6.0,4.0,3.0,10.0,3.0
2021-01-30,Southampton,Aston Villa,0,1,A,0,1,A,20,8,5,4,7,1,12,11,1,0,0,0,2.8,3.6,2.37,2020-21,1755.04650879,1715.01342773,40.03308105999986,2,2.0,5.0,1.0,5.0,6.0,8.0,1.0,4.0,1.0
2021-01-31,Chelsea,Burnley,2,0,H,1,0,H,19,1,8,0,4,2,7,9,0,1,0,0,1.33,5.0,9.5,2020-21,1832.48352051,1724.0645752,108.41894531000003,0,3.0,6.0,1.0,5.0,5.0,4.0,3.0,9.0,-4.0
2021-01-31,Leicester,Leeds,1,3,A,1,1,D,18,8,8,7,6,4,17,16,0,3,0,0,1.8,4.0,4.2,2020-21,1825.31921387,1680.71520996,144.60400391000007,2,8.0,3.0,3.0,11.0,8.0,5.0,3.0,9.0,2.0
2021-01-31,West Ham,Liverpool,1,3,A,0,0,D,8,14,2,5,6,5,7,8,2,0,0,0,4.33,4.0,1.75,2020-21,1762.16247559,1949.32849121,-187.16601562000005,2,7.0,3.0,4.0,13.0,3.0,3.0,1.0,5.0,8.0
2021-01-31,Brighton,Tottenham,1,0,H,1,0,H,16,8,5,4,9,2,11,11,2,1,0,0,3.2,3.4,2.25,2020-21,1666.18139648,1841.63513184,-175.45373535999988,0,4.0,5.0,1.0,5.0,9.0,6.0,2.0,8.0,-3.0
2021-02-02,Wolves,Arsenal,2,1,H,1,1,D,11,9,7,3,9,6,11,8,3,2,0,2,3.6,3.3,2.1,2020-21,1739.53710938,1818.12878418,-78.59167479999996,0,6.0,9.0,0.0,2.0,10.0,1.0,3.0,11.0,-9.0
2021-02-02,Sheffield United,West Brom,2,1,H,0,1,A,14,8,6,4,9,2,11,9,2,1,0,0,2.0,3.3,4.0,2020-21,1629.71191406,1565.80126953,63.91064453000013,0,4.0,7.0,2.0,6.0,6.0,15.0,1.0,4.0,2.0
2021-02-02,Newcastle,Crystal Palace,1,2,A,1,2,A,21,6,5,3,9,1,14,11,1,3,0,0,2.8,3.2,2.6,2020-21,1669.75671387,1696.49487305,-26.73815917999991,2,3.0,8.0,1.0,3.0,5.0,7.0,2.0,7.0,-4.0
2021-02-02,Man United,Southampton,9,0,H,4,0,H,24,3,14,1,5,3,11,6,2,3,0,2,1.4,4.75,7.0,2020-21,1871.97167969,1745.27954102,126.69213867000008,0,4.0,3.0,2.0,8.0,2.0,6.0,1.0,4.0,4.0
2021-02-03,Burnley,Man City,0,2,A,0,2,A,2,17,0,6,1,3,8,5,2,1,0,0,13.0,7.0,1.2,2020-21,1717.2722168,1985.08862305,-267.81640625,2,4.0,6.0,2.0,6.0,13.0,0.0,5.0,15.0,-9.0
2021-02-03,Fulham,Leicester,0,2,A,0,2,A,8,9,1,5,5,2,17,10,3,1,0,0,4.0,3.5,1.9,2020-21,1608.26965332,1808.24291992,-199.9732666,2,4.0,6.0,0.0,3.0,8.0,5.0,3.0,10.0,-7.0
2021-02-03,Leeds,Everton,1,2,A,0,2,A,16,10,7,6,7,1,12,12,2,3,0,0,2.5,3.5,2.7,2020-21,1697.79150391,1756.05297852,-58.26147460999982,2,10.0,6.0,3.0,9.0,4.0,5.0,2.0,7.0,2.0
2021-02-03,Aston Villa,West Ham,1,3,A,0,0,D,9,20,2,10,7,3,11,15,1,1,0,0,2.2,3.4,3.25,2020-21,1724.78039551,1756.2232666,-31.442871089999926,2,6.0,7.0,2.0,6.0,8.0,6.0,4.0,12.0,-6.0
2021-02-03,Liverpool,Brighton,0,1,A,0,0,D,11,13,1,4,6,3,12,6,1,0,0,0,1.33,5.25,9.0,2020-21,1955.2677002,1677.98449707,277.28320312999995,2,6.0,4.0,2.0,7.0,5.0,4.0,2.0,8.0,-1.0
2021-02-04,Tottenham,Chelsea,0,1,A,0,1,A,7,18,2,2,2,7,20,14,2,3,0,0,3.5,3.4,2.1,2020-21,1829.83203125,1839.27575684,-9.443725589999985,2,8.0,6.0,2.0,7.0,4.0,5.0,2.0,7.0,0.0
2021-02-06,Aston Villa,Arsenal,1,0,H,1,0,H,12,14,8,3,3,7,12,12,3,2,0,0,2.62,3.5,2.6,2020-21,1713.74157715,1808.64489746,-94.90332031000003,0,6.0,8.0,2.0,6.0,7.0,3.0,2.0,8.0,-2.0
2021-02-06,Burnley,Brighton,1,1,D,0,1,A,20,10,7,2,8,7,8,10,2,0,0,0,3.6,3.1,2.2,2020-21,1713.1652832,1692.84667969,20.318603510000003,1,4.0,7.0,2.0,6.0,3.0,1.0,3.0,10.0,-4.0
2021-02-06,Newcastle,Southampton,3,2,H,3,1,H,6,14,4,5,0,7,11,14,2,1,1,0,3.0,3.3,2.4,2020-21,1661.63391113,1732.07617188,-70.44226075000006,0,4.0,9.0,1.0,3.0,2.0,15.0,1.0,3.0,0.0
2021-02-06,Fulham,West Ham,0,0,D,0,0,D,20,8,2,1,7,3,11,10,1,2,0,1,3.6,3.5,2.05,2020-21,1602.63061523,1767.26208496,-164.63146972999994,1,3.0,7.0,0.0,2.0,10.0,7.0,4.0,12.0,-10.0
2021-02-06,Man United,Everton,3,3,D,2,0,H,14,6,5,3,5,1,14,10,2,1,0,0,1.53,4.2,6.0,2020-21,1885.17504883,1763.25097656,121.9240722699999,1,12.0,3.0,2.0,8.0,5.0,6.0,2.0,7.0,1.0
2021-02-07,Sheffield United,Chelsea,1,2,A,0,1,A,8,9,3,3,1,8,8,8,1,0,0,0,7.0,4.5,1.45,2020-21,1635.52819824,1847.63122559,-212.10302735000005,2,6.0,6.0,3.0,9.0,4.0,2.0,3.0,10.0,-1.0
2021-02-07,Liverpool,Man City,1,4,A,0,0,D,8,8,3,5,6,1,13,8,2,1,0,0,3.4,3.6,2.05,2020-21,1940.40539551,1989.19555664,-48.79016112999989,2,6.0,4.0,2.0,7.0,14.0,0.0,5.0,15.0,-8.0
2021-02-07,Wolves,Leicester,0,0,D,0,0,D,13,13,1,3,8,2,11,15,1,3,0,0,3.5,3.4,2.1,2020-21,1749.02099609,1813.88208008,-64.86108399,1,5.0,7.0,1.0,4.0,8.0,4.0,3.0,10.0,-6.0
2021-02-07,Tottenham,West Brom,2,0,H,0,0,D,13,4,6,1,8,0,16,12,1,2,0,0,1.45,4.5,7.0,2020-21,1821.4765625,1559.98510742,261.4914550799999,0,5.0,7.0,1.0,4.0,7.0,13.0,1.0,4.0,0.0
2021-02-08,Leeds,Crystal Palace,2,0,H,1,0,H,17,8,7,3,5,3,7,8,0,2,0,0,1.8,3.8,4.2,2020-21,1690.59350586,1704.61767578,-14.02416991999985,0,6.0,8.0,2.0,6.0,5.0,8.0,2.0,7.0,-1.0
2021-02-13,Leicester,Liverpool,3,1,H,0,0,D,11,15,6,4,2,12,9,6,1,2,0,0,3.5,3.4,2.1,2020-21,1812.77124023,1927.53271484,-114.76147460999982,0,6.0,4.0,2.0,8.0,7.0,8.0,2.0,6.0,2.0
2021-02-13,Crystal Palace,Burnley,0,3,A,0,2,A,13,16,3,4,7,4,15,14,0,0,0,0,2.37,3.1,3.2,2020-21,1693.57128906,1711.84997559,-18.27868652999996,2,5.0,10.0,2.0,6.0,5.0,7.0,2.0,7.0,-1.0
2021-02-13,Man City,Tottenham,3,0,H,1,0,H,15,7,6,3,4,2,12,13,1,3,0,0,1.28,5.75,9.5,2020-21,2002.06835938,1824.56140137,177.50695800999983,0,14.0,1.0,5.0,15.0,6.0,6.0,2.0,6.0,9.0
2021-02-13,Brighton,Aston Villa,0,0,D,0,0,D,26,4,9,1,9,2,16,12,2,3,0,0,2.7,3.5,2.5,2020-21,1694.16210938,1723.52783203,-29.365722649999952,1,4.0,1.0,3.0,11.0,7.0,6.0,3.0,9.0,2.0
2021-02-14,West Brom,Man United,1,1,D,1,1,D,7,10,3,7,4,5,13,10,5,0,0,0,10.0,5.5,1.3,2020-21,1556.90026855,1881.16577148,-324.26550293000014,1,4.0,13.0,0.0,1.0,15.0,6.0,2.0,8.0,-7.0
2021-02-14,Arsenal,Leeds,4,2,H,3,0,H,13,9,5,5,4,5,8,17,0,2,0,0,1.83,3.8,4.0,2020-21,1798.85876465,1701.64001465,97.21875,0,7.0,4.0,2.0,7.0,8.0,5.0,3.0,9.0,-2.0
2021-02-14,Southampton,Wolves,1,2,A,1,0,H,7,10,3,4,4,6,10,9,2,2,0,0,2.37,3.2,3.1,2020-21,1722.8026123,1750.13171387,-27.329101570000148,2,3.0,18.0,0.0,0.0,4.0,5.0,1.0,5.0,-5.0
2021-02-14,Everton,Fulham,0,2,A,0,0,D,7,12,2,3,5,4,7,16,1,1,0,0,1.85,3.6,4.2,2020-21,1767.26013184,1606.43029785,160.82983399,2,8.0,8.0,2.0,8.0,3.0,6.0,0.0,3.0,5.0
2021-02-15,West Ham,Sheffield United,3,0,H,1,0,H,13,8,9,5,7,7,11,12,0,2,0,0,1.66,3.75,5.25,2020-21,1763.46240234,1631.75354004,131.70886229999996,0,9.0,7.0,3.0,10.0,6.0,8.0,2.0,6.0,4.0
2021-02-15,Chelsea,Newcastle,2,0,H,2,0,H,18,10,5,4,10,5,9,13,0,0,0,0,1.22,6.5,12.0,2020-21,1851.40588379,1670.9074707,180.49841308999999,0,5.0,3.0,3.0,10.0,7.0,8.0,2.0,6.0,4.0
2021-02-17,Burnley,Fulham,1,1,D,0,0,D,8,8,3,3,5,5,7,13,1,1,0,0,2.75,3.2,2.7,2020-21,1730.12731934,1627.97814941,102.14916992999997,1,7.0,7.0,2.0,7.0,4.0,4.0,1.0,6.0,1.0
2021-02-17,Everton,Man City,1,3,A,1,1,D,3,16,2,7,0,10,8,8,2,1,0,0,8.5,5.5,1.33,2020-21,1753.01708984,2011.69641113,-258.67932128999996,2,6.0,9.0,1.0,5.0,15.0,1.0,5.0,15.0,-10.0
2021-02-19,Wolves,Leeds,1,0,H,0,0,D,15,18,5,7,7,9,13,8,1,0,0,0,2.37,3.3,3.0,2020-21,1766.0793457,1702.51098633,63.56835937000005,0,4.0,3.0,2.0,8.0,10.0,8.0,3.0,9.0,-1.0
2021-02-20,Southampton,Chelsea,1,1,D,1,0,H,4,9,1,3,3,6,10,10,1,1,0,0,5.0,3.8,1.7,2020-21,1722.74926758,1864.21386719,-141.46459961000005,1,4.0,18.0,0.0,0.0,7.0,1.0,4.0,13.0,-13.0
2021-02-20,Burnley,West Brom,0,0,D,0,0,D,6,10,1,3,5,5,16,10,3,0,0,1,2.0,3.3,4.0,2020-21,1730.96496582,1571.8059082,159.1590576200001,1,5.0,6.0,1.0,5.0,4.0,12.0,0.0,2.0,3.0
2021-02-20,Liverpool,Everton,0,2,A,0,1,A,15,9,6,6,7,2,10,10,2,1,0,0,1.44,4.5,7.0,2020-21,1932.38391113,1753.23779297,179.1461181599998,2,8.0,10.0,2.0,6.0,6.0,11.0,1.0,4.0,2.0
2021-02-20,Fulham,Sheffield United,1,0,H,0,0,D,15,4,7,2,6,4,11,14,1,2,0,0,2.15,3.2,3.6,2020-21,1635.73010254,1631.98217773,3.7479248099998586,0,5.0,5.0,1.0,6.0,5.0,8.0,2.0,6.0,0.0
2021-02-21,West Ham,Tottenham,2,1,H,1,0,H,4,20,4,4,5,7,14,7,4,3,0,0,2.62,3.4,2.7,2020-21,1779.12805176,1829.82678223,-50.69873046999987,0,10.0,6.0,3.0,10.0,3.0,8.0,1.0,3.0,7.0
2021-02-21,Aston Villa,Leicester,1,2,A,0,2,A,11,16,2,7,7,8,11,12,2,1,0,0,2.87,3.5,2.4,2020-21,1731.34118652,1833.84924316,-102.50805663999995,2,5.0,6.0,2.0,7.0,7.0,5.0,2.0,8.0,-1.0
2021-02-21,Arsenal,Man City,0,1,A,0,1,A,7,15,1,3,1,3,11,9,2,2,0,0,6.5,4.33,1.5,2020-21,1814.42419434,2020.06530762,-205.64111328000013,2,8.0,6.0,2.0,7.0,13.0,2.0,5.0,15.0,-8.0
2021-02-21,Man United,Newcastle,3,1,H,1,1,D,15,10,7,6,6,4,9,11,1,2,0,0,1.28,5.5,10.0,2020-21,1893.39782715,1673.99377441,219.40405274,0,14.0,6.0,1.0,6.0,7.0,8.0,2.0,6.0,0.0
2021-02-22,Brighton,Crystal Palace,1,2,A,0,1,A,25,3,5,2,13,0,11,6,2,0,0,0,1.7,3.5,5.5,2020-21,1702.24291992,1686.89331055,15.349609370000053,2,3.0,1.0,2.0,9.0,5.0,9.0,2.0,6.0,3.0
2021-02-23,Leeds,Southampton,3,0,H,0,0,D,11,13,7,5,2,4,11,13,1,2,0,0,2.25,3.5,3.1,2020-21,1696.70385742,1725.96862793,-29.264770509999835,0,8.0,8.0,2.0,6.0,4.0,16.0,0.0,1.0,5.0
2021-02-27,Man City,West Ham,2,1,H,1,1,D,10,9,3,3,4,2,8,11,1,1,0,0,1.22,6.5,12.0,2020-21,2026.13208008,1786.4119873,239.72009277999996,0,13.0,2.0,5.0,15.0,9.0,5.0,3.0,10.0,5.0
2021-02-27,West Brom,Brighton,1,0,H,1,0,H,6,15,2,6,7,4,11,12,0,0,0,0,4.2,3.3,1.95,2020-21,1575.41516113,1691.65307617,-116.23791504000019,0,4.0,7.0,0.0,3.0,4.0,3.0,2.0,8.0,-5.0
2021-02-27,Leeds,Aston Villa,0,1,A,0,1,A,13,9,3,4,7,5,14,14,3,2,0,0,2.15,3.6,3.2,2020-21,1709.41308594,1723.99633789,-14.583251949999976,2,8.0,7.0,2.0,6.0,4.0,5.0,2.0,7.0,-1.0
2021-02-27,Newcastle,Wolves,1,1,D,0,0,D,19,14,7,4,3,5,11,13,2,0,0,0,3.5,3.2,2.2,2020-21,1668.88513184,1770.63085938,-101.74572753999996,1,7.0,9.0,2.0,6.0,5.0,3.0,3.0,10.0,-4.0
2021-02-28,Crystal Palace,Fulham,0,0,D,0,0,D,3,16,0,4,1,3,10,14,1,1,0,0,3.5,3.2,2.2,2020-21,1694.9720459,1641.92236328,53.04968262000011,1,5.0,7.0,3.0,9.0,4.0,3.0,2.0,8.0,1.0
2021-02-28,Leicester,Arsenal,1,3,A,1,2,A,8,12,3,4,2,7,15,3,2,1,0,0,2.5,3.4,2.8,2020-21,1815.51342773,1815.36376953,0.14965820000020358,2,8.0,5.0,3.0,10.0,5.0,6.0,1.0,4.0,6.0
2021-02-28,Tottenham,Burnley,4,0,H,3,0,H,16,10,7,3,3,4,6,10,0,0,0,0,1.53,4.0,6.5,2020-21,1821.40075684,1724.84448242,96.55627441999991,0,3.0,7.0,1.0,3.0,5.0,4.0,1.0,6.0,-3.0
2021-02-28,Chelsea,Man United,0,0,D,0,0,D,18,11,6,4,3,4,11,12,1,2,0,0,2.15,3.4,3.4,2020-21,1868.37902832,1895.47717285,-27.0981445299999,1,8.0,2.0,4.0,13.0,16.0,5.0,2.0,9.0,4.0
2021-02-28,Sheffield United,Liverpool,0,2,A,0,0,D,8,16,2,8,4,3,9,9,0,0,0,0,8.0,5.0,1.36,2020-21,1623.27856445,1912.77612305,-289.49755860000005,2,3.0,8.0,1.0,3.0,5.0,11.0,1.0,3.0,0.0
2021-03-01,Everton,Southampton,1,0,H,1,0,H,7,9,1,1,4,10,13,9,0,2,0,0,2.15,3.5,3.3,2020-21,1770.33435059,1710.74829102,59.58605957000009,0,8.0,9.0,2.0,7.0,4.0,18.0,0.0,1.0,6.0
2021-03-02,Man City,Wolves,4,1,H,1,0,H,22,6,10,1,10,2,9,5,0,1,0,0,1.18,7.0,15.0,2020-21,2028.56567383,1768.55395508,260.01171875,0,13.0,3.0,5.0,15.0,6.0,3.0,3.0,11.0,4.0
2021-03-03,Burnley,Leicester,1,1,D,1,1,D,12,15,7,4,5,8,6,12,0,2,0,0,4.0,3.25,2.0,2020-21,1714.8079834,1803.03857422,-88.23059082000009,1,5.0,6.0,1.0,6.0,8.0,5.0,3.0,10.0,-4.0
2021-03-03,Sheffield United,Aston Villa,1,0,H,1,0,H,9,16,2,4,2,7,13,6,1,0,1,0,3.75,3.4,2.05,2020-21,1619.51647949,1732.34509277,-112.82861328000013,0,3.0,9.0,1.0,3.0,4.0,5.0,2.0,7.0,-4.0
2021-03-03,Crystal Palace,Man United,0,0,D,0,0,D,8,11,2,1,4,6,4,13,1,0,0,0,8.0,4.75,1.4,2020-21,1692.60180664,1895.58666992,-202.98486328000013,1,4.0,7.0,2.0,7.0,16.0,5.0,2.0,9.0,-2.0
2021-03-04,Fulham,Tottenham,0,1,A,0,1,A,11,9,3,2,4,1,13,9,2,1,0,0,4.0,3.6,1.9,2020-21,1644.29272461,1831.43725586,-187.14453125,2,4.0,1.0,2.0,9.0,7.0,6.0,2.0,6.0,3.0
2021-03-04,West Brom,Everton,0,1,A,0,0,D,11,11,3,3,3,3,9,7,3,1,0,0,4.33,3.6,1.83,2020-21,1585.81567383,1776.04931641,-190.23364258000015,2,3.0,5.0,1.0,5.0,7.0,8.0,2.0,7.0,-2.0
2021-03-04,Liverpool,Chelsea,0,1,A,0,1,A,7,11,1,5,5,2,9,8,0,0,0,0,2.25,3.6,3.0,2020-21,1916.53820801,1868.26953125,48.26867676000006,2,4.0,10.0,1.0,3.0,6.0,2.0,3.0,11.0,-8.0
2021-03-06,Sheffield United,Southampton,0,2,A,0,1,A,8,15,2,5,7,3,17,11,4,3,0,0,3.6,3.5,2.0,2020-21,1629.86962891,1705.0333252,-75.16369628999996,2,2.0,8.0,1.0,3.0,4.0,10.0,0.0,1.0,2.0
2021-03-06,Burnley,Arsenal,1,1,D,1,1,D,9,15,5,3,2,4,5,12,1,1,0,0,5.5,4.0,1.61,2020-21,1716.44042969,1827.83862305,-111.39819336000005,1,5.0,6.0,1.0,6.0,8.0,7.0,2.0,6.0,0.0
2021-03-06,Brighton,Leicester,1,2,A,1,0,H,7,8,2,4,6,6,14,8,0,1,0,0,2.55,3.25,2.8,2020-21,1681.25256348,1801.40612793,-120.15356444999998,2,3.0,4.0,1.0,5.0,7.0,6.0,2.0,8.0,-3.0
2021-03-06,Aston Villa,Wolves,0,0,D,0,0,D,9,10,1,2,5,3,13,13,1,0,0,0,2.37,3.25,3.1,2020-21,1721.99194336,1764.69824219,-42.70629882999992,1,3.0,3.0,2.0,7.0,5.0,6.0,2.0,8.0,-1.0
2021-03-07,West Brom,Newcastle,0,0,D,0,0,D,13,9,3,5,9,7,11,10,0,0,0,0,2.37,3.2,3.1,2020-21,1581.60620117,1670.96203613,-89.35583495999981,1,2.0,4.0,1.0,5.0,6.0,10.0,1.0,4.0,1.0
2021-03-07,Liverpool,Fulham,0,1,A,0,1,A,16,10,3,3,9,4,10,8,2,3,0,0,1.36,5.0,8.5,2020-21,1906.39257812,1639.96740723,266.4251708900001,2,4.0,10.0,1.0,3.0,4.0,2.0,2.0,8.0,-5.0
2021-03-07,Man City,Man United,0,2,A,0,1,A,23,8,6,6,6,2,9,12,0,3,0,0,1.45,4.5,7.0,2020-21,2032.42138672,1891.00476074,141.41662598000016,2,13.0,3.0,5.0,15.0,7.0,5.0,1.0,7.0,8.0
2021-03-07,Tottenham,Crystal Palace,4,1,H,1,1,D,12,5,5,1,1,5,8,17,2,3,0,0,1.45,4.5,7.0,2020-21,1835.76245117,1697.18359375,138.57885742000008,0,8.0,5.0,3.0,9.0,2.0,6.0,1.0,5.0,4.0
2021-03-08,Chelsea,Everton,2,0,H,1,0,H,19,7,9,1,7,3,11,12,0,3,0,0,1.53,4.0,6.5,2020-21,1878.41516113,1780.25878906,98.15637206999986,0,6.0,2.0,3.0,11.0,5.0,5.0,3.0,9.0,2.0
2021-03-08,West Ham,Leeds,2,0,H,2,0,H,16,17,5,2,6,6,9,9,1,1,0,0,2.05,3.6,3.5,2020-21,1783.97839355,1701.06433105,82.9140625,0,9.0,4.0,3.0,10.0,7.0,6.0,2.0,6.0,4.0
2021-03-10,Man City,Southampton,5,2,H,3,1,H,17,11,10,6,5,5,6,4,1,0,0,0,1.18,7.5,15.0,2020-21,2015.33532715,1714.93103027,300.40429687999995,0,10.0,5.0,4.0,12.0,4.0,7.0,1.0,4.0,8.0
2021-03-12,Newcastle,Aston Villa,1,1,D,0,0,D,12,15,3,6,2,2,10,10,2,3,0,0,3.8,3.3,2.05,2020-21,1675.0447998,1728.15466309,-53.10986329000002,1,5.0,8.0,1.0,5.0,2.0,3.0,1.0,5.0,0.0
2021-03-13,Everton,Burnley,1,2,A,1,2,A,14,14,4,5,7,4,9,6,0,4,0,0,1.83,3.5,4.5,2020-21,1779.01208496,1724.53747559,54.47460937000005,2,5.0,5.0,3.0,9.0,3.0,7.0,0.0,4.0,5.0
2021-03-13,Fulham,Man City,0,3,A,0,0,D,3,8,0,7,4,2,14,13,0,0,0,0,10.0,5.0,1.33,2020-21,1660.53234863,2024.15002441,-363.6176757800001,2,3.0,2.0,2.0,8.0,12.0,6.0,4.0,12.0,-4.0
2021-03-13,Leeds,Chelsea,0,0,D,0,0,D,7,15,4,8,8,5,16,6,3,0,0,0,4.75,4.0,1.7,2020-21,1699.48022461,1891.21850586,-191.73828125,1,5.0,8.0,1.0,3.0,6.0,1.0,3.0,11.0,-8.0
2021-03-13,Crystal Palace,West Brom,1,0,H,1,0,H,6,12,4,1,3,2,16,15,3,1,0,0,2.15,3.2,3.6,2020-21,1695.84960938,1589.0802002,106.76940917999991,0,3.0,8.0,1.0,5.0,2.0,2.0,1.0,6.0,-1.0
2021-03-14,Leicester,Sheffield United,5,0,H,1,0,H,19,1,10,0,9,1,10,9,0,2,0,0,1.5,4.2,6.5,2020-21,1812.94824219,1625.75024414,187.19799805000002,0,9.0,7.0,3.0,10.0,1.0,8.0,1.0,3.0,7.0
2021-03-14,Southampton,Brighton,1,2,A,1,1,D,9,8,4,6,4,5,11,10,0,0,0,0,2.9,3.1,2.5,2020-21,1717.67297363,1681.26708984,36.40588378999996,2,5.0,10.0,1.0,4.0,3.0,6.0,0.0,2.0,2.0
2021-03-14,Man United,West Ham,1,0,H,0,0,D,15,7,4,0,6,3,12,2,4,0,0,0,1.83,3.6,4.33,2020-21,1911.12927246,1797.11901855,114.01025391000007,0,6.0,2.0,2.0,9.0,8.0,3.0,3.0,10.0,-1.0
2021-03-14,Arsenal,Tottenham,2,1,H,1,1,D,13,6,3,3,6,3,12,14,1,2,0,1,2.55,3.4,2.75,2020-21,1839.19262695,1854.40942383,-15.216796879999947,0,8.0,6.0,2.0,7.0,10.0,6.0,3.0,9.0,-2.0
2021-03-15,Wolves,Liverpool,0,1,A,0,1,A,10,12,5,4,3,2,17,10,2,1,0,0,4.75,3.75,1.72,2020-21,1770.09228516,1905.01672363,-134.9244384699998,2,5.0,6.0,2.0,8.0,3.0,7.0,1.0,3.0,5.0
2021-03-19,Fulham,Leeds,1,2,A,1,1,D,13,13,6,4,13,7,13,12,2,2,0,0,2.37,3.4,3.0,2020-21,1655.9362793,1702.24511719,-46.30883788999995,2,2.0,4.0,2.0,7.0,3.0,4.0,1.0,4.0,3.0
2021-03-20,Brighton,Newcastle,3,0,H,1,0,H,11,3,6,1,3,1,12,5,0,1,0,0,1.66,3.5,6.0,2020-21,1689.45178223,1674.12109375,15.330688479999935,0,4.0,6.0,1.0,4.0,3.0,7.0,0.0,3.0,1.0
2021-03-21,West Ham,Arsenal,3,3,D,3,1,H,15,16,5,7,3,5,18,8,3,1,0,0,2.8,3.5,2.45,2020-21,1790.91699219,1842.52282715,-51.60583496000004,1,8.0,4.0,3.0,9.0,10.0,6.0,3.0,10.0,-1.0
2021-03-21,Aston Villa,Tottenham,0,2,A,0,1,A,8,9,1,3,5,8,18,13,3,2,0,0,2.9,3.3,2.45,2020-21,1725.88525391,1821.1105957,-95.2253417899999,2,3.0,4.0,1.0,5.0,11.0,5.0,3.0,9.0,-4.0
2021-04-03,Leeds,Sheffield United,2,1,H,1,1,D,23,9,8,1,5,7,12,13,1,2,0,0,1.5,4.33,6.5,2020-21,1709.88879395,1616.64477539,93.24401856000009,0,5.0,4.0,2.0,7.0,1.0,10.0,1.0,3.0,4.0
2021-04-03,Leicester,Man City,0,2,A,0,0,D,5,11,2,4,1,1,13,12,2,3,0,0,6.0,4.2,1.53,2020-21,1818.86047363,2026.04296875,-207.1824951200001,2,11.0,6.0,3.0,10.0,14.0,6.0,4.0,12.0,-2.0
2021-04-03,Chelsea,West Brom,2,5,A,1,2,A,18,14,8,7,10,3,11,6,1,1,1,0,1.22,6.0,15.0,2020-21,1898.07263184,1582.69042969,315.38220215,2,4.0,1.0,2.0,9.0,1.0,2.0,1.0,5.0,4.0
2021-04-03,Arsenal,Liverpool,0,3,A,0,0,D,3,16,2,7,1,2,10,10,1,1,0,0,3.1,3.7,2.15,2020-21,1841.80371094,1908.83166504,-67.02795409999999,2,9.0,7.0,2.0,8.0,3.0,4.0,2.0,6.0,2.0
2021-04-04,Newcastle,Tottenham,2,2,D,1,2,A,22,11,6,5,7,3,13,14,3,2,0,0,5.5,4.0,1.6,2020-21,1661.96191406,1829.94616699,-167.9842529299999,1,3.0,8.0,0.0,3.0,12.0,3.0,4.0,12.0,-9.0
2021-04-04,Southampton,Burnley,3,2,H,2,2,D,24,7,9,5,6,7,11,10,0,0,0,0,2.05,3.3,3.8,2020-21,1706.29516602,1733.34460449,-27.04943847000004,0,5.0,11.0,1.0,3.0,4.0,7.0,1.0,6.0,-3.0
2021-04-04,Man United,Brighton,2,1,H,0,1,A,15,5,7,3,5,6,14,7,2,2,0,0,1.61,4.0,5.5,2020-21,1922.33935547,1701.61096191,220.7283935600001,0,6.0,1.0,3.0,11.0,7.0,6.0,2.0,6.0,5.0
2021-04-04,Aston Villa,Fulham,3,1,H,0,0,D,14,15,4,7,4,4,14,20,1,2,0,0,2.25,3.3,3.3,2020-21,1717.04968262,1648.29260254,68.75708008000015,0,2.0,4.0,1.0,5.0,2.0,6.0,1.0,4.0,1.0
2021-04-05,Everton,Crystal Palace,1,1,D,0,0,D,15,13,7,6,3,4,10,10,2,0,0,0,1.75,3.5,5.0,2020-21,1767.01184082,1699.04614258,67.96569824000017,1,5.0,4.0,3.0,9.0,4.0,5.0,2.0,8.0,1.0
2021-04-05,Wolves,West Ham,2,3,A,1,3,A,20,9,5,6,4,2,9,9,1,4,0,0,2.87,3.2,2.55,2020-21,1763.08410645,1791.6361084,-28.552001949999976,2,3.0,6.0,1.0,5.0,8.0,7.0,2.0,7.0,-2.0
2021-04-09,Fulham,Wolves,0,1,A,0,0,D,14,7,3,3,3,4,11,8,0,0,0,0,2.5,3.0,3.1,2020-21,1640.28686523,1755.19335938,-114.90649414999984,2,3.0,9.0,1.0,3.0,4.0,9.0,0.0,2.0,1.0
2021-04-10,Man City,Leeds,1,2,A,0,1,A,29,2,7,2,9,3,12,15,3,1,0,1,1.28,5.75,10.0,2020-21,2032.45214844,1715.47607422,316.9760742199999,2,14.0,5.0,4.0,12.0,4.0,5.0,2.0,7.0,5.0
2021-04-10,Liverpool,Aston Villa,2,1,H,0,1,A,23,9,10,5,7,0,16,11,2,4,0,0,1.5,4.33,6.5,2020-21,1911.07653809,1725.67797852,185.3985595700001,0,6.0,2.0,3.0,9.0,4.0,5.0,1.0,5.0,4.0
2021-04-10,Crystal Palace,Chelsea,1,4,A,0,3,A,1,23,1,10,0,8,7,12,1,0,0,0,7.0,3.8,1.53,2020-21,1702.20068359,1881.99719238,-179.79650878999996,2,3.0,5.0,1.0,6.0,5.0,5.0,2.0,8.0,-2.0
2021-04-11,Burnley,Newcastle,1,2,A,1,0,H,24,10,4,5,13,3,11,12,1,0,0,0,2.3,3.1,3.4,2020-21,1725.61877441,1666.29077148,59.32800292999991,2,6.0,10.0,1.0,5.0,4.0,7.0,0.0,4.0,1.0
2021-04-11,West Ham,Leicester,3,2,H,2,0,H,4,15,4,5,1,9,7,13,3,3,0,0,3.0,3.3,2.37,2020-21,1800.14941406,1813.91369629,-13.764282229999935,0,9.0,8.0,2.0,7.0,9.0,7.0,2.0,7.0,0.0
2021-04-11,Tottenham,Man United,1,3,A,1,0,H,12,12,3,7,7,5,11,15,1,5,0,0,2.87,3.4,2.45,2020-21,1826.54016113,1929.2364502,-102.69628907000015,2,10.0,5.0,3.0,10.0,5.0,1.0,3.0,11.0,-1.0
2021-04-11,Sheffield United,Arsenal,0,3,A,0,1,A,7,14,2,5,2,4,9,6,1,1,0,0,6.5,3.75,1.57,2020-21,1611.98046875,1827.29821777,-215.31774902000006,2,2.0,11.0,1.0,3.0,9.0,9.0,2.0,8.0,-5.0
2021-04-12,West Brom,Southampton,3,0,H,2,0,H,15,14,6,4,5,10,12,11,0,1,0,0,3.6,3.3,2.1,2020-21,1610.22570801,1714.94384766,-104.71813965000001,0,6.0,4.0,2.0,7.0,8.0,10.0,2.0,6.0,1.0
2021-04-12,Brighton,Everton,0,0,D,0,0,D,23,8,3,1,10,3,12,7,1,2,0,0,2.25,3.3,3.3,2020-21,1699.26049805,1764.78015137,-65.51965332000009,1,7.0,6.0,2.0,6.0,4.0,5.0,2.0,7.0,-1.0
2021-04-16,Everton,Tottenham,2,2,D,1,1,D,18,12,7,3,6,3,8,8,1,1,0,0,3.4,3.5,2.1,2020-21,1762.54431152,1817.02246094,-54.47814941999991,1,3.0,5.0,1.0,5.0,10.0,8.0,2.0,7.0,-2.0
2021-04-17,Newcastle,West Ham,3,2,H,2,0,H,16,16,8,6,3,8,9,7,2,0,0,1,3.5,3.5,2.05,2020-21,1681.24072266,1812.3470459,-131.10632323999994,0,5.0,7.0,1.0,6.0,11.0,8.0,3.0,10.0,-4.0
2021-04-17,Wolves,Sheffield United,1,0,H,0,0,D,10,8,5,2,3,3,8,15,1,2,0,0,1.66,3.5,5.75,2020-21,1765.91943359,1610.0333252,155.8861083899999,0,4.0,8.0,1.0,4.0,2.0,12.0,1.0,3.0,1.0
2021-04-18,Arsenal,Fulham,1,1,D,0,0,D,18,3,5,1,11,1,9,11,0,3,0,0,1.7,3.8,4.8,2020-21,1855.18212891,1639.15686035,216.0252685600001,1,9.0,8.0,2.0,8.0,3.0,9.0,1.0,3.0,5.0
2021-04-18,Man United,Burnley,3,1,H,0,0,D,17,10,9,3,8,3,9,12,1,2,0,0,1.33,5.25,9.0,2020-21,1943.4831543,1719.66394043,223.8192138700001,0,8.0,2.0,4.0,13.0,7.0,8.0,1.0,5.0,8.0
2021-04-19,Leeds,Liverpool,1,1,D,0,1,A,12,17,5,7,10,8,17,15,2,1,0,0,4.5,4.33,1.66,2020-21,1735.45275879,1915.24682617,-179.79406738000012,1,6.0,5.0,3.0,10.0,6.0,3.0,3.0,9.0,1.0
2021-04-20,Chelsea,Brighton,0,0,D,0,0,D,7,11,4,2,0,3,8,9,2,0,0,1,1.57,4.0,6.0,2020-21,1891.16381836,1704.92529297,186.23852538999995,1,9.0,6.0,3.0,10.0,7.0,5.0,2.0,7.0,3.0
2021-04-21,Tottenham,Southampton,2,1,H,0,1,A,12,10,3,5,5,5,10,14,2,1,0,0,1.75,3.8,4.5,2020-21,1821.76062012,1701.94238281,119.81823731000009,0,8.0,9.0,1.0,5.0,8.0,12.0,2.0,6.0,-1.0
2021-04-21,Aston Villa,Man City,1,2,A,1,2,A,8,13,3,3,1,11,12,7,0,1,1,1,9.0,4.75,1.36,2020-21,1726.86450195,2024.60778809,-297.74328614,2,5.0,6.0,1.0,5.0,11.0,6.0,3.0,9.0,-4.0
2021-04-22,Leicester,West Brom,3,0,H,3,0,H,17,4,7,1,7,3,13,12,0,2,0,0,1.53,3.8,6.0,2020-21,1810.71105957,1632.22241211,178.48864746000004,0,10.0,7.0,2.0,7.0,8.0,4.0,2.0,7.0,0.0
2021-04-23,Arsenal,Everton,0,1,A,0,0,D,14,8,3,1,7,3,13,10,1,3,0,0,2.0,3.5,3.75,2020-21,1849.18591309,1768.93823242,80.24768066999991,2,9.0,8.0,2.0,8.0,4.0,7.0,0.0,3.0,5.0
2021-04-24,Liverpool,Newcastle,1,1,D,1,0,H,22,7,9,4,6,3,9,7,2,1,0,0,1.22,6.5,12.0,2020-21,1911.06506348,1691.95483398,219.11022949999983,1,7.0,3.0,3.0,10.0,8.0,9.0,2.0,8.0,2.0
2021-04-24,West Ham,Chelsea,0,1,A,0,1,A,9,17,2,6,4,2,9,11,0,4,1,0,4.75,3.6,1.75,2020-21,1801.63293457,1885.72998047,-84.09704590000001,2,11.0,11.0,2.0,7.0,8.0,6.0,2.0,8.0,-1.0
2021-04-24,Sheffield United,Brighton,1,0,H,1,0,H,7,17,3,4,2,12,13,7,3,0,0,0,5.25,3.4,1.75,2020-21,1606.05847168,1710.35913086,-104.30065918000014,0,1.0,13.0,0.0,0.0,6.0,3.0,2.0,8.0,-8.0
2021-04-25,Wolves,Burnley,0,4,A,0,3,A,12,14,2,7,8,5,8,9,1,2,0,0,2.0,3.4,3.9,2020-21,1769.89428711,1715.71606445,54.178222660000074,2,4.0,4.0,2.0,7.0,7.0,10.0,1.0,4.0,3.0
2021-04-25,Leeds,Man United,0,0,D,0,0,D,6,16,3,4,2,6,21,11,4,1,0,0,4.0,4.2,1.75,2020-21,1739.63464355,1947.43103027,-207.7963867200001,1,7.0,4.0,3.0,11.0,11.0,3.0,5.0,15.0,-4.0
2021-04-25,Aston Villa,West Brom,2,2,D,1,1,D,24,10,11,4,11,4,14,9,0,2,0,0,1.85,3.6,4.2,2020-21,1724.45935059,1626.23474121,98.22460937999995,1,6.0,8.0,1.0,4.0,8.0,6.0,2.0,7.0,-3.0
2021-04-26,Leicester,Crystal Palace,2,1,H,0,1,A,13,4,5,2,7,2,13,12,0,1,0,0,1.4,4.33,8.5,2020-21,1816.69873047,1699.05566406,117.64306641000007,0,12.0,6.0,3.0,9.0,4.0,9.0,1.0,5.0,4.0
2021-04-30,Southampton,Leicester,1,1,D,0,0,D,5,23,3,9,0,10,9,13,1,0,1,0,3.8,3.8,1.9,2020-21,1699.57385254,1823.47607422,-123.90222168000014,1,7.0,14.0,1.0,3.0,12.0,6.0,3.0,9.0,-6.0
2021-05-01,Crystal Palace,Man City,0,2,A,0,0,D,9,20,4,3,2,6,9,10,2,0,0,0,10.0,5.0,1.33,2020-21,1696.72973633,2033.76318359,-337.03344726,2,5.0,11.0,1.0,4.0,13.0,5.0,4.0,12.0,-8.0
2021-05-01,Brighton,Leeds,2,0,H,1,0,H,17,11,5,2,2,9,17,6,1,1,0,0,2.05,3.5,3.5,2020-21,1702.29736328,1746.87561035,-44.57824707000009,0,4.0,3.0,1.0,5.0,7.0,4.0,3.0,11.0,-6.0
2021-05-01,Chelsea,Fulham,2,0,H,1,0,H,9,10,5,3,1,8,15,8,1,1,0,0,1.44,4.4,7.5,2020-21,1896.9498291,1647.51782227,249.4320068300001,0,7.0,6.0,2.0,8.0,3.0,10.0,0.0,1.0,7.0
2021-05-01,Everton,Aston Villa,1,2,A,1,1,D,16,13,3,5,3,6,10,13,0,2,0,0,1.95,3.6,3.8,2020-21,1782.09887695,1723.47924805,58.61962889999995,2,5.0,5.0,1.0,6.0,7.0,9.0,1.0,4.0,2.0
2021-05-02,Newcastle,Arsenal,0,2,A,0,1,A,5,19,1,5,3,7,10,9,2,1,1,0,3.6,3.6,2.0,2020-21,1700.34399414,1835.23681641,-134.89282227000012,2,8.0,9.0,2.0,8.0,7.0,8.0,1.0,5.0,3.0
2021-05-02,Tottenham,Sheffield United,4,0,H,1,0,H,20,8,11,1,6,6,8,9,1,1,0,0,1.25,6.0,12.0,2020-21,1828.58044434,1618.84985352,209.7305908200001,0,9.0,8.0,2.0,8.0,2.0,11.0,1.0,3.0,5.0
2021-05-03,West Brom,Wolves,1,1,D,0,1,A,10,20,4,10,5,6,17,11,2,0,0,0,2.9,3.2,2.5,2020-21,1631.94445801,1751.57324219,-119.62878417999991,1,10.0,8.0,2.0,7.0,4.0,8.0,2.0,6.0,1.0
2021-05-03,Burnley,West Ham,1,2,A,1,2,A,8,22,3,4,5,4,4,8,2,1,0,0,3.1,3.6,2.2,2020-21,1738.76672363,1797.57910156,-58.81237793000014,2,10.0,9.0,2.0,6.0,11.0,11.0,2.0,7.0,-1.0
2021-05-07,Leicester,Newcastle,2,4,A,0,2,A,25,14,9,6,9,6,12,9,1,1,0,0,1.4,4.75,8.0,2020-21,1826.82446289,1698.8651123,127.95935058999999,2,8.0,7.0,2.0,7.0,8.0,8.0,2.0,8.0,-1.0
2021-05-08,Leeds,Tottenham,3,1,H,2,1,H,16,11,7,3,8,6,12,10,1,2,0,0,3.4,3.8,2.0,2020-21,1737.94372559,1837.98962402,-100.04589843000008,0,5.0,5.0,2.0,8.0,11.0,8.0,2.0,8.0,0.0
2021-05-08,Sheffield United,Crystal Palace,0,2,A,0,1,A,7,21,0,8,5,11,11,8,1,1,0,0,3.0,3.2,2.45,2020-21,1616.25646973,1697.47851562,-81.22204589000012,2,2.0,10.0,1.0,3.0,4.0,9.0,1.0,4.0,-1.0
2021-05-08,Man City,Chelsea,1,2,A,1,0,H,16,12,4,5,6,2,12,10,2,0,0,0,1.9,3.4,4.2,2020-21,2043.67529297,1919.58557129,124.08972168000014,2,10.0,3.0,4.0,12.0,9.0,6.0,3.0,10.0,2.0
2021-05-08,Liverpool,Southampton,2,0,H,1,0,H,14,12,6,6,8,4,10,6,0,1,0,0,1.25,6.0,11.0,2020-21,1910.81323242,1706.13183594,204.6813964800001,0,8.0,3.0,3.0,11.0,6.0,10.0,1.0,4.0,7.0
2021-05-09,Wolves,Brighton,2,1,H,0,1,A,16,5,6,3,10,5,12,7,2,2,0,2,3.3,3.3,2.2,2020-21,1752.31396484,1718.04492188,34.26904295999998,0,5.0,8.0,2.0,7.0,3.0,3.0,1.0,5.0,2.0
2021-05-09,Aston Villa,Man United,1,3,A,1,0,H,11,18,5,7,5,6,13,18,1,1,1,0,4.2,3.8,1.8,2020-21,1737.13415527,1953.38745117,-216.2532959,2,9.0,8.0,2.0,7.0,9.0,3.0,4.0,13.0,-6.0
2021-05-09,West Ham,Everton,0,1,A,0,1,A,11,9,0,3,5,6,8,10,2,1,0,0,2.2,3.5,3.2,2020-21,1808.17797852,1775.25964355,32.91833496999993,2,10.0,9.0,3.0,9.0,5.0,5.0,1.0,6.0,3.0
2021-05-09,Arsenal,West Brom,3,1,H,2,0,H,15,12,7,1,6,6,7,9,1,2,0,0,1.44,4.5,7.0,2020-21,1839.06408691,1638.01940918,201.0446777300001,0,6.0,5.0,2.0,7.0,11.0,8.0,2.0,8.0,-1.0
2021-05-10,Fulham,Burnley,0,2,A,0,2,A,21,14,3,5,8,4,11,10,2,0,0,0,2.2,3.4,3.3,2020-21,1647.39782715,1734.98352051,-87.58569336000005,2,3.0,9.0,0.0,1.0,9.0,10.0,1.0,3.0,-2.0
2021-05-11,Man United,Leicester,1,2,A,1,1,D,4,12,1,3,3,4,9,12,0,0,0,0,2.5,3.4,2.8,2020-21,1958.42248535,1807.52746582,150.8950195299999,2,11.0,4.0,4.0,13.0,10.0,9.0,2.0,7.0,6.0
2021-05-11,Southampton,Crystal Palace,3,1,H,1,1,D,13,11,6,4,12,8,20,13,2,3,0,0,2.05,3.6,3.5,2020-21,1701.82263184,1706.98596191,-5.163330070000029,0,5.0,10.0,1.0,4.0,5.0,9.0,1.0,4.0,0.0
2021-05-12,Chelsea,Arsenal,0,1,A,0,1,A,19,5,5,2,9,1,7,6,0,1,0,0,1.65,4.0,5.0,2020-21,1931.40734863,1843.48974609,87.91760253999996,2,9.0,2.0,4.0,13.0,9.0,3.0,3.0,10.0,3.0
2021-05-13,Aston Villa,Everton,0,0,D,0,0,D,13,15,2,5,9,1,9,12,2,0,0,0,2.7,3.4,2.6,2020-21,1732.09912109,1784.72961426,-52.630493170000136,1,7.0,10.0,1.0,4.0,5.0,4.0,2.0,8.0,-4.0
2021-05-13,Man United,Liverpool,2,4,A,1,2,A,18,17,3,8,6,4,10,12,3,0,0,0,3.0,3.75,2.2,2020-21,1946.3605957,1915.12243652,31.23815917999991,2,10.0,5.0,3.0,10.0,9.0,3.0,3.0,11.0,-1.0
2021-05-14,Newcastle,Man City,3,4,A,2,2,D,11,15,5,6,4,5,11,10,2,2,0,0,11.0,6.0,1.25,2020-21,1713.09338379,2031.85351562,-318.7601318300001,2,10.0,8.0,3.0,10.0,8.0,5.0,3.0,9.0,1.0
2021-05-15,Burnley,Leeds,0,4,A,0,1,A,16,16,4,6,6,8,10,10,1,1,0,0,3.2,3.75,2.1,2020-21,1744.23291016,1752.07336426,-7.840454099999988,2,9.0,7.0,2.0,6.0,6.0,5.0,2.0,8.0,-2.0
2021-05-15,Southampton,Fulham,3,1,H,1,0,H,11,10,7,3,6,5,9,15,0,1,0,0,2.0,3.6,3.6,2020-21,1712.61169434,1638.1484375,74.46325683999999,0,5.0,9.0,1.0,4.0,2.0,9.0,0.0,1.0,3.0
2021-05-15,Brighton,West Ham,1,1,D,0,0,D,10,15,2,3,3,3,7,5,1,1,0,0,2.9,3.6,2.3,2020-21,1711.24755859,1798.70800781,-87.4604492200001,1,3.0,3.0,1.0,5.0,7.0,8.0,2.0,6.0,-1.0
2021-05-16,Crystal Palace,Aston Villa,3,2,H,1,2,A,23,19,8,5,7,7,23,13,3,2,0,0,3.0,3.6,2.25,2020-21,1696.19689941,1733.03125,-36.834350589999985,0,5.0,11.0,1.0,3.0,6.0,8.0,1.0,5.0,-2.0
2021-05-16,Tottenham,Wolves,2,0,H,1,0,H,24,15,13,3,10,3,8,11,1,0,0,0,1.5,4.33,6.5,2020-21,1823.85998535,1759.11132812,64.74865722999994,0,10.0,9.0,2.0,7.0,5.0,6.0,3.0,10.0,-3.0
2021-05-16,West Brom,Liverpool,1,2,A,1,1,D,10,26,3,6,9,13,7,14,0,0,0,0,12.0,6.5,1.22,2020-21,1633.59375,1928.49035645,-294.89660645000004,2,7.0,9.0,1.0,5.0,10.0,5.0,3.0,11.0,-6.0
2021-05-16,Everton,Sheffield United,0,1,A,0,1,A,16,10,6,3,11,4,8,12,1,3,0,0,1.36,4.75,8.5,2020-21,1783.79748535,1606.74890137,177.04858397999988,2,5.0,4.0,2.0,8.0,1.0,10.0,1.0,3.0,5.0
2021-05-18,Man United,Fulham,1,1,D,1,0,H,13,8,6,5,6,1,10,15,2,3,0,0,1.28,6.0,9.0,2020-21,1932.99255371,1630.04516602,302.94738769000014,1,9.0,8.0,2.0,7.0,2.0,9.0,0.0,1.0,6.0
2021-05-18,Southampton,Leeds,0,2,A,0,0,D,18,15,3,7,4,5,10,12,0,3,0,0,2.55,3.9,2.5,2020-21,1720.71496582,1768.94812012,-48.233154300000024,2,8.0,7.0,2.0,7.0,8.0,4.0,2.0,8.0,-1.0
2021-05-18,Brighton,Man City,3,2,H,0,1,A,19,8,6,4,5,3,13,11,3,3,0,1,7.0,4.5,1.45,2020-21,1713.19116211,2033.8984375,-320.70727538999995,0,4.0,4.0,1.0,5.0,10.0,8.0,3.0,9.0,-4.0
2021-05-18,Chelsea,Leicester,2,1,H,0,0,D,17,7,6,3,6,5,15,16,2,4,0,0,1.7,3.75,5.0,2020-21,1920.43591309,1819.58935547,100.84655761999988,0,5.0,2.0,3.0,10.0,10.0,7.0,3.0,10.0,0.0
2021-05-19,Everton,Wolves,1,0,H,0,0,D,14,9,4,3,7,12,11,11,0,2,0,0,1.85,3.6,4.2,2020-21,1770.79492188,1750.77075195,20.02416992999997,0,3.0,3.0,2.0,7.0,4.0,8.0,2.0,7.0,0.0
2021-05-19,Newcastle,Sheffield United,1,0,H,1,0,H,16,11,5,1,5,2,7,7,0,2,0,0,1.72,3.8,4.75,2020-21,1711.04846191,1619.75146484,91.29699707000009,0,11.0,11.0,2.0,7.0,2.0,7.0,2.0,6.0,1.0
2021-05-19,Tottenham,Aston Villa,1,2,A,1,2,A,10,20,4,4,4,5,14,13,1,1,0,0,1.5,4.5,6.0,2020-21,1832.20056152,1724.51477051,107.68579101,2,11.0,6.0,3.0,10.0,7.0,9.0,1.0,5.0,5.0
2021-05-19,Crystal Palace,Arsenal,1,3,A,0,1,A,12,6,6,3,6,7,7,7,2,1,0,0,6.0,4.5,1.5,2020-21,1704.71337891,1854.46118164,-149.74780272999988,2,7.0,9.0,2.0,6.0,7.0,3.0,3.0,10.0,-4.0
2021-05-19,Burnley,Liverpool,0,3,A,0,1,A,10,20,4,3,6,7,10,7,0,0,0,0,11.0,7.0,1.22,2020-21,1727.35827637,1930.85375977,-203.49548339999978,2,8.0,9.0,2.0,6.0,10.0,5.0,3.0,11.0,-5.0
2021-05-19,West Brom,West Ham,1,3,A,1,1,D,14,21,4,9,6,8,8,11,2,2,0,0,5.0,4.33,1.6,2020-21,1631.23022461,1796.7644043,-165.53417968999997,2,5.0,11.0,0.0,2.0,5.0,7.0,1.0,4.0,-2.0
2021-05-23,Leicester,Tottenham,2,4,A,1,1,D,10,11,6,4,8,7,9,8,0,2,0,0,2.0,4.0,3.3,2020-21,1814.4967041,1821.02331543,-6.526611329999923,2,8.0,9.0,2.0,7.0,10.0,6.0,3.0,9.0,-2.0
2021-05-23,Arsenal,Brighton,2,0,H,0,0,D,16,5,5,1,11,3,10,8,0,0,0,0,1.57,4.33,5.25,2020-21,1861.24194336,1728.19091797,133.05102538999995,0,9.0,3.0,4.0,12.0,7.0,6.0,2.0,7.0,5.0
2021-05-23,Aston Villa,Chelsea,2,1,H,1,0,H,6,23,3,7,2,9,11,12,3,3,0,1,6.5,4.6,1.45,2020-21,1735.6920166,1925.52844238,-189.8364257799999,0,7.0,8.0,2.0,7.0,7.0,3.0,4.0,12.0,-5.0
2021-05-23,Fulham,Newcastle,0,2,A,0,1,A,14,10,0,4,5,4,12,6,1,0,0,0,2.05,3.8,3.3,2020-21,1637.33166504,1716.44616699,-79.11450194999998,2,3.0,9.0,0.0,2.0,9.0,9.0,2.0,7.0,-5.0
2021-05-23,Leeds,West Brom,3,1,H,2,0,H,17,14,9,5,8,3,12,12,2,1,0,0,1.4,5.25,6.5,2020-21,1779.06689453,1624.96850586,154.09838866999985,0,9.0,3.0,3.0,10.0,6.0,11.0,0.0,2.0,8.0
2021-05-23,Man City,Everton,5,0,H,2,0,H,21,8,11,3,7,5,8,10,2,2,0,0,1.44,5.0,6.5,2020-21,2018.89868164,1777.90686035,240.99182128999996,0,11.0,9.0,3.0,9.0,3.0,3.0,2.0,7.0,2.0
2021-05-23,Sheffield United,Burnley,1,0,H,1,0,H,12,10,3,3,8,9,11,1,3,1,0,0,2.8,3.6,2.4,2020-21,1614.3536377,1720.76269531,-106.40905760999999,0,2.0,7.0,2.0,6.0,7.0,9.0,2.0,6.0,0.0
2021-05-23,West Ham,Southampton,3,0,H,2,0,H,14,17,7,5,2,3,5,9,0,3,0,0,1.65,4.0,5.0,2020-21,1803.02624512,1710.59619141,92.43005371000004,0,6.0,5.0,2.0,7.0,7.0,7.0,2.0,7.0,0.0
2021-05-23,Wolves,Man United,1,2,A,1,2,A,14,9,4,4,6,2,14,3,4,1,0,0,2.5,3.5,2.7,2020-21,1743.65881348,1925.70617676,-182.04736328000013,2,3.0,9.0,1.0,4.0,7.0,8.0,1.0,5.0,-1.0
2021-05-23,Liverpool,Crystal Palace,2,0,H,1,0,H,19,5,5,4,14,1,10,8,2,2,0,0,1.14,8.5,15.0,2020-21,1937.44934082,1697.93261719,239.51672363000012,0,12.0,4.0,4.0,13.0,7.0,10.0,2.0,6.0,7.0
2021-08-13,Brentford,Arsenal,2,0,H,1,0,H,8,22,3,4,2,5,12,8,0,0,0,0,4.0,3.4,1.95,2021-22,1671.97888184,1866.67456055,-194.69567871000004,0,0.0,0.0,0.0,0.0,11.0,2.0,5.0,15.0,0.0
2021-08-14,Burnley,Brighton,1,2,A,1,0,H,14,14,3,8,7,6,10,7,2,1,0,0,3.1,3.1,2.45,2021-22,1709.37329102,1720.88342285,-11.510131830000091,2,3.0,10.0,1.0,3.0,7.0,7.0,2.0,7.0,-4.0
2021-08-14,Chelsea,Crystal Palace,3,0,H,2,0,H,13,4,6,1,5,2,15,11,0,0,0,0,1.25,5.75,13.0,2021-22,1923.20202637,1693.30944824,229.89257813000017,0,7.0,5.0,3.0,9.0,7.0,10.0,2.0,6.0,3.0
2021-08-14,Man United,Leeds,5,1,H,1,0,H,16,10,8,3,5,4,11,9,1,2,0,0,1.53,4.5,5.75,2021-22,1925.87194824,1783.74121094,142.13073729999996,0,9.0,9.0,2.0,7.0,12.0,4.0,4.0,12.0,-5.0
2021-08-14,Everton,Southampton,3,1,H,0,1,A,14,6,6,3,6,8,13,15,2,0,0,0,1.9,3.5,4.0,2021-22,1771.19372559,1700.75109863,70.4426269600001,0,2.0,6.0,2.0,7.0,6.0,9.0,2.0,6.0,1.0
2021-08-14,Norwich,Liverpool,0,3,A,0,1,A,14,19,3,8,3,11,4,14,1,1,0,0,9.0,5.75,1.3,2021-22,1655.1998291,1940.19763184,-284.99780274,2,0.0,0.0,0.0,0.0,13.0,3.0,5.0,15.0,0.0
2021-08-14,Leicester,Wolves,1,0,H,1,0,H,9,17,5,3,5,4,6,10,1,2,0,0,1.66,3.8,5.25,2021-22,1801.89501953,1738.54443359,63.350585939999974,0,8.0,12.0,1.0,4.0,4.0,7.0,1.0,4.0,0.0
2021-08-14,Watford,Aston Villa,3,2,H,2,0,H,13,11,7,2,2,4,18,13,3,1,0,0,3.1,3.2,2.37,2021-22,1673.33557129,1747.11230469,-73.77673340000001,0,0.0,0.0,0.0,0.0,7.0,8.0,2.0,7.0,0.0
2021-08-15,Newcastle,West Ham,2,4,A,2,1,H,17,8,3,9,7,6,4,3,1,0,0,0,3.2,3.5,2.2,2021-22,1724.89587402,1810.99633789,-86.10046386999988,2,10.0,8.0,3.0,9.0,9.0,4.0,3.0,10.0,-1.0
2021-08-15,Tottenham,Man City,1,0,H,0,0,D,13,18,3,4,3,11,11,8,2,1,0,0,5.5,4.2,1.6,2021-22,1831.75012207,2012.76818848,-181.01806640999985,0,12.0,7.0,3.0,9.0,14.0,8.0,3.0,9.0,0.0
2021-08-21,Liverpool,Burnley,2,0,H,1,0,H,27,9,9,3,8,4,6,12,0,0,0,0,1.18,7.5,13.0,2021-22,1943.6619873,1699.87084961,243.7911376899999,0,14.0,3.0,5.0,15.0,3.0,10.0,1.0,3.0,12.0
2021-08-21,Aston Villa,Newcastle,2,0,H,1,0,H,10,9,2,1,3,4,8,18,3,4,0,0,1.8,3.75,4.33,2021-22,1736.67785645,1714.88562012,21.792236329999923,0,8.0,8.0,2.0,7.0,12.0,10.0,3.0,9.0,-2.0
2021-08-21,Crystal Palace,Brentford,0,0,D,0,0,D,7,14,2,3,3,5,12,9,3,1,0,0,2.55,3.2,2.87,2021-22,1687.65771484,1688.47338867,-0.8156738300001507,1,5.0,13.0,1.0,3.0,2.0,0.0,1.0,3.0,0.0
2021-08-21,Leeds,Everton,2,2,D,1,1,D,17,17,4,8,8,5,6,13,2,4,0,0,2.37,3.4,3.0,2021-22,1774.58105469,1778.28283691,-3.701782220000041,1,13.0,7.0,4.0,12.0,4.0,7.0,2.0,7.0,5.0
2021-08-21,Man City,Norwich,5,0,H,2,0,H,16,1,4,0,6,1,13,7,1,0,0,0,1.08,11.0,26.0,2021-22,1999.91394043,1649.83251953,350.0814209,0,12.0,9.0,2.0,6.0,0.0,3.0,0.0,0.0,6.0
2021-08-21,Brighton,Watford,2,0,H,2,0,H,13,10,3,1,7,2,11,6,4,0,0,0,1.7,3.5,5.75,2021-22,1728.48291016,1681.86706543,46.61584473000016,0,7.0,8.0,2.0,7.0,3.0,2.0,1.0,3.0,4.0
2021-08-22,Wolves,Tottenham,0,1,A,0,1,A,25,8,6,6,5,4,9,7,1,4,0,0,3.2,3.2,2.35,2021-22,1731.72937012,1839.69018555,-107.96081542999991,2,3.0,7.0,1.0,3.0,9.0,7.0,3.0,9.0,-6.0
2021-08-22,Arsenal,Chelsea,0,2,A,0,2,A,6,22,3,5,9,8,10,4,3,0,0,0,4.75,3.75,1.72,2021-22,1848.27709961,1926.95080566,-78.67370604999996,2,9.0,4.0,4.0,12.0,8.0,5.0,3.0,9.0,3.0
2021-08-22,Southampton,Man United,1,1,D,1,0,H,8,15,3,4,7,7,12,10,2,3,0,0,5.5,4.2,1.57,2021-22,1691.75891113,1933.12902832,-241.3701171900002,1,7.0,10.0,2.0,6.0,11.0,9.0,2.0,7.0,-1.0
2021-08-23,West Ham,Leicester,4,1,H,1,0,H,13,5,7,1,10,0,8,8,0,1,0,1,2.5,3.5,2.75,2021-22,1819.10351562,1806.80700684,12.296508780000067,0,11.0,5.0,3.0,10.0,8.0,11.0,2.0,6.0,4.0
2021-08-28,West Ham,Crystal Palace,2,2,D,1,0,H,14,9,4,2,5,3,10,7,1,0,0,0,1.55,4.0,6.5,2021-22,1832.52966309,1688.38110352,144.1485595700001,1,15.0,5.0,4.0,13.0,4.0,10.0,1.0,4.0,9.0
2021-08-28,Liverpool,Chelsea,1,1,D,1,1,D,24,6,7,3,12,3,13,4,0,2,0,1,2.45,3.3,2.9,2021-22,1948.56152344,1937.57653809,10.984985349999988,1,12.0,1.0,5.0,15.0,8.0,4.0,3.0,9.0,6.0
2021-08-28,Man City,Arsenal,5,0,H,3,0,H,25,1,10,0,14,0,5,7,1,2,0,1,1.25,6.0,12.0,2021-22,2004.32531738,1840.1817627,164.14355467999985,0,16.0,7.0,3.0,9.0,6.0,5.0,3.0,9.0,0.0
2021-08-28,Aston Villa,Brentford,1,1,D,1,1,D,7,9,5,2,3,2,15,14,3,3,0,0,1.95,3.6,3.8,2021-22,1747.72070312,1690.28027344,57.44042968000008,1,10.0,8.0,3.0,9.0,2.0,0.0,1.0,4.0,5.0
2021-08-28,Brighton,Everton,0,2,A,0,1,A,14,14,3,5,4,5,7,9,1,2,0,0,2.3,3.2,3.3,2021-22,1738.98205566,1780.00695801,-41.02490235000005,2,8.0,6.0,3.0,10.0,6.0,9.0,2.0,7.0,3.0
2021-08-28,Newcastle,Southampton,2,2,D,0,0,D,10,22,5,6,4,4,11,6,3,3,0,0,2.5,3.4,2.8,2021-22,1706.37316895,1698.64099121,7.732177739999997,1,8.0,10.0,2.0,6.0,5.0,10.0,1.0,4.0,2.0
2021-08-28,Norwich,Leicester,1,2,A,1,1,D,14,9,4,3,9,9,8,9,2,1,0,0,4.5,3.5,1.85,2021-22,1647.95153809,1795.91125488,-147.9597167899999,2,0.0,8.0,0.0,0.0,7.0,11.0,2.0,6.0,-6.0
2021-08-29,Wolves,Man United,0,1,A,0,0,D,15,10,6,3,5,7,7,9,3,4,0,0,5.0,3.5,1.75,2021-22,1727.20849609,1928.77746582,-201.56896973000016,2,1.0,7.0,0.0,0.0,11.0,8.0,2.0,8.0,-8.0
2021-08-29,Burnley,Leeds,1,1,D,0,0,D,12,12,3,2,5,5,13,9,4,3,0,0,3.1,3.5,2.25,2021-22,1697.50183105,1775.3873291,-77.88549805000002,1,1.0,12.0,0.0,0.0,12.0,8.0,3.0,10.0,-10.0
2021-08-29,Tottenham,Watford,1,0,H,1,0,H,15,9,8,2,10,3,8,14,3,3,0,0,1.36,4.75,9.0,2021-22,1850.74133301,1673.89819336,176.84313965,0,9.0,4.0,4.0,12.0,3.0,4.0,1.0,3.0,9.0
2021-09-11,Arsenal,Norwich,1,0,H,0,0,D,30,10,7,1,8,4,9,11,1,2,0,0,1.5,4.6,6.0,2021-22,1831.81542969,1643.1583252,188.65710448999994,0,5.0,10.0,2.0,6.0,1.0,10.0,0.0,0.0,6.0
2021-09-11,Chelsea,Aston Villa,3,0,H,1,0,H,12,18,4,6,4,11,11,11,1,4,0,0,1.28,5.5,11.0,2021-22,1938.4901123,1745.50476074,192.98535156000003,0,9.0,4.0,3.0,10.0,9.0,6.0,3.0,10.0,0.0
2021-09-11,Man United,Newcastle,4,1,H,1,0,H,21,12,7,3,7,3,9,2,1,0,0,0,1.18,7.5,15.0,2021-22,1932.66455078,1705.55249023,227.1120605499998,0,10.0,4.0,3.0,11.0,7.0,8.0,2.0,7.0,4.0
2021-09-11,Leicester,Man City,0,1,A,0,0,D,6,25,1,8,5,8,4,11,1,2,0,0,6.0,4.0,1.57,2021-22,1800.70446777,2012.69165039,-211.98718261999988,2,7.0,11.0,2.0,6.0,17.0,4.0,3.0,9.0,-3.0
2021-09-11,Watford,Wolves,0,2,A,0,0,D,6,14,2,5,6,8,15,13,3,3,0,0,3.4,3.2,2.25,2021-22,1670.36889648,1723.32141113,-52.952514649999785,2,3.0,5.0,1.0,3.0,1.0,6.0,0.0,0.0,3.0
2021-09-11,Southampton,West Ham,0,0,D,0,0,D,11,13,3,3,5,4,10,12,3,1,0,1,2.9,3.5,2.4,2021-22,1699.46166992,1828.10827637,-128.64660645000004,1,4.0,11.0,0.0,2.0,16.0,6.0,4.0,13.0,-11.0
2021-09-11,Brentford,Brighton,0,1,A,0,0,D,7,4,1,2,1,6,9,12,3,2,0,0,2.8,3.2,2.62,2021-22,1692.49621582,1728.14624023,-35.650024410000015,2,3.0,1.0,1.0,5.0,7.0,7.0,3.0,9.0,-4.0
2021-09-11,Crystal Palace,Tottenham,3,0,H,0,0,D,18,2,4,1,8,2,13,15,2,1,0,1,4.2,3.5,1.9,2021-22,1692.80249023,1854.27062988,-161.46813964999978,0,3.0,10.0,0.0,2.0,8.0,4.0,4.0,12.0,-10.0
2021-09-12,Leeds,Liverpool,0,3,A,0,1,A,9,30,4,9,2,11,9,8,2,1,1,0,4.33,4.0,1.75,2021-22,1773.81274414,1947.64782715,-173.83508301000006,2,9.0,9.0,2.0,8.0,11.0,1.0,4.0,13.0,-5.0
2021-09-13,Everton,Burnley,3,1,H,0,0,D,14,11,6,6,4,6,3,6,1,1,0,0,1.7,3.75,5.0,2021-22,1790.84277344,1699.07641602,91.76635742000008,0,8.0,8.0,3.0,10.0,2.0,9.0,0.0,1.0,9.0
2021-09-17,Newcastle,Leeds,1,1,D,1,1,D,17,22,7,9,4,5,9,11,2,2,0,0,3.0,3.6,2.3,2021-22,1699.89501953,1765.01965332,-65.12463379000019,1,7.0,12.0,1.0,4.0,7.0,12.0,1.0,5.0,-1.0
2021-09-18,Wolves,Brentford,0,2,A,0,2,A,11,9,0,3,4,2,10,7,4,2,0,1,1.83,3.25,5.0,2021-22,1733.48962402,1684.2208252,49.26879882000003,2,3.0,5.0,1.0,3.0,3.0,2.0,1.0,5.0,-2.0
2021-09-18,Burnley,Arsenal,0,1,A,0,1,A,18,13,3,3,8,3,9,8,2,1,0,0,3.8,3.6,1.95,2021-22,1691.24206543,1834.64782715,-143.4057617200001,2,3.0,9.0,0.0,1.0,3.0,9.0,2.0,6.0,-5.0
2021-09-18,Liverpool,Crystal Palace,3,0,H,1,0,H,25,13,10,2,10,5,17,11,3,1,0,0,1.2,7.0,13.0,2021-22,1958.3972168,1712.28137207,246.11584472999994,0,11.0,1.0,4.0,13.0,5.0,7.0,1.0,5.0,8.0
2021-09-18,Man City,Southampton,0,0,D,0,0,D,18,10,1,2,8,5,5,12,0,2,0,0,1.12,9.5,17.0,2021-22,2019.66699219,1701.95385742,317.7131347699999,1,16.0,1.0,4.0,12.0,4.0,9.0,0.0,3.0,9.0
2021-09-18,Norwich,Watford,1,3,A,1,1,D,12,12,5,8,4,8,10,14,1,1,0,0,2.15,3.3,3.5,2021-22,1639.43786621,1659.31262207,-19.87475586000005,2,1.0,11.0,0.0,0.0,3.0,7.0,1.0,3.0,-3.0
2021-09-18,Aston Villa,Everton,3,0,H,0,0,D,15,11,3,1,5,4,7,10,1,1,0,0,2.4,3.3,3.0,2021-22,1739.44042969,1797.7890625,-58.348632810000026,0,7.0,8.0,2.0,7.0,10.0,9.0,3.0,10.0,-3.0
2021-09-19,Brighton,Leicester,2,1,H,1,0,H,12,14,5,3,4,9,8,10,2,1,0,0,2.7,3.2,2.75,2021-22,1735.53356934,1795.1081543,-59.57458496000004,0,5.0,5.0,3.0,9.0,6.0,10.0,2.0,6.0,3.0
2021-09-19,West Ham,Man United,1,2,A,1,1,D,13,17,4,10,2,11,5,8,0,0,0,0,4.33,4.0,1.75,2021-22,1832.21252441,1924.76879883,-92.55627441999991,2,13.0,5.0,3.0,11.0,13.0,4.0,4.0,13.0,-2.0
2021-09-19,Tottenham,Chelsea,0,3,A,0,0,D,8,20,2,10,5,11,4,15,0,1,0,0,5.0,3.8,1.7,2021-22,1829.84399414,1945.27099609,-115.42700194999998,2,7.0,5.0,4.0,12.0,10.0,3.0,3.0,10.0,2.0
2021-09-25,Chelsea,Man City,0,1,A,0,0,D,5,15,0,4,4,13,12,10,3,2,0,0,2.62,3.2,2.75,2021-22,1955.01025391,2012.0925293,-57.08227538999995,2,12.0,1.0,4.0,13.0,11.0,1.0,3.0,10.0,3.0
2021-09-25,Man United,Aston Villa,0,1,A,0,0,D,28,7,4,3,5,5,9,13,2,2,0,0,1.36,5.25,8.0,2021-22,1930.84777832,1754.82507324,176.02270508000015,2,13.0,4.0,4.0,13.0,8.0,7.0,2.0,7.0,6.0
2021-09-25,Everton,Norwich,2,0,H,1,0,H,11,10,4,2,6,4,12,9,2,3,0,0,1.61,3.8,5.75,2021-22,1782.40441895,1627.60180664,154.8026123100001,0,10.0,7.0,3.0,10.0,2.0,14.0,0.0,0.0,10.0
2021-09-25,Leeds,West Ham,1,2,A,1,0,H,15,20,5,7,5,7,10,6,3,2,0,0,3.0,3.6,2.25,2021-22,1764.4954834,1826.13366699,-61.638183589999926,2,5.0,12.0,0.0,3.0,11.0,7.0,2.0,8.0,-5.0
2021-09-25,Leicester,Burnley,2,2,D,1,2,A,22,9,5,3,8,4,10,8,2,4,0,0,1.57,4.0,6.0,2021-22,1786.04162598,1686.12023926,99.92138671999987,1,5.0,8.0,2.0,6.0,3.0,9.0,0.0,1.0,5.0
2021-09-25,Watford,Newcastle,1,1,D,0,1,A,15,20,4,6,5,6,19,12,4,3,0,0,2.2,3.4,3.3,2021-22,1671.14855957,1701.59997559,-30.451416019999897,1,6.0,8.0,2.0,6.0,6.0,13.0,0.0,2.0,4.0
2021-09-25,Brentford,Liverpool,3,3,D,1,1,D,12,16,4,6,2,11,8,7,1,1,0,0,7.0,4.5,1.45,2021-22,1698.66809082,1962.58874512,-263.9206543,1,5.0,2.0,2.0,8.0,12.0,1.0,4.0,13.0,-5.0
2021-09-26,Southampton,Wolves,0,1,A,0,0,D,18,5,6,3,5,5,12,8,0,0,0,0,2.62,3.2,2.8,2021-22,1709.52844238,1719.0423584,-9.513916020000124,2,4.0,6.0,0.0,4.0,2.0,5.0,1.0,3.0,1.0
2021-09-26,Arsenal,Tottenham,3,1,H,3,0,H,12,10,7,4,4,4,12,13,2,1,0,0,2.15,3.3,3.5,2021-22,1839.76965332,1820.10473633,19.664916990000165,0,2.0,9.0,2.0,6.0,3.0,6.0,3.0,9.0,-3.0
2021-09-27,Crystal Palace,Brighton,1,1,D,1,0,H,8,8,3,4,6,5,12,10,2,3,0,0,3.1,3.2,2.45,2021-22,1708.08972168,1744.60009766,-36.51037598000016,1,5.0,8.0,1.0,5.0,7.0,4.0,4.0,12.0,-7.0
2021-10-02,Chelsea,Southampton,3,1,H,1,0,H,20,6,9,2,7,2,11,13,1,3,0,1,1.36,4.75,9.0,2021-22,1933.44311523,1695.90124512,237.54187011,0,9.0,2.0,3.0,10.0,3.0,4.0,0.0,4.0,6.0
2021-10-02,Burnley,Norwich,0,0,D,0,0,D,14,10,4,2,9,5,13,3,5,2,0,0,1.85,3.6,4.33,2021-22,1684.43347168,1616.99633789,67.43713378999996,1,4.0,9.0,0.0,2.0,2.0,13.0,0.0,0.0,2.0
2021-10-02,Man United,Everton,1,1,D,1,0,H,13,12,6,2,10,1,10,9,1,1,0,0,1.45,4.33,7.5,2021-22,1916.83361816,1782.85241699,133.98120117000008,1,8.0,4.0,3.0,10.0,9.0,6.0,3.0,10.0,0.0
2021-10-02,Brighton,Arsenal,0,0,D,0,0,D,21,8,2,2,8,5,8,5,2,1,0,0,3.0,3.25,2.4,2021-22,1739.21948242,1844.30187988,-105.08239745999981,1,6.0,4.0,3.0,10.0,5.0,8.0,3.0,9.0,1.0
2021-10-02,Wolves,Newcastle,2,1,H,1,1,D,7,8,3,2,0,4,15,5,0,2,0,0,1.61,4.2,5.25,2021-22,1722.51208496,1696.30065918,26.211425780000127,0,3.0,4.0,2.0,6.0,5.0,10.0,0.0,3.0,3.0
2021-10-02,Leeds,Watford,1,0,H,1,0,H,20,5,4,1,6,3,10,16,0,3,0,0,1.7,4.0,4.75,2021-22,1752.49060059,1666.29040527,86.20019531999992,0,5.0,9.0,0.0,3.0,4.0,7.0,1.0,4.0,-1.0
2021-10-03,Crystal Palace,Leicester,2,2,D,0,2,A,18,9,4,5,1,3,15,11,2,3,0,0,3.1,3.4,2.3,2021-22,1703.31286621,1764.41845703,-61.10559081999986,1,6.0,6.0,1.0,6.0,6.0,10.0,1.0,4.0,2.0
2021-10-03,Tottenham,Aston Villa,2,1,H,1,0,H,17,14,8,3,5,8,11,14,2,1,0,0,2.1,3.6,3.4,2021-22,1806.19006348,1762.60302734,43.58703614000001,0,3.0,9.0,2.0,6.0,7.0,4.0,3.0,10.0,-4.0
2021-10-03,West Ham,Brentford,1,2,A,0,1,A,18,13,5,6,11,6,16,13,2,3,0,0,1.75,3.75,4.75,2021-22,1830.02612305,1699.59509277,130.43103027999996,2,9.0,6.0,2.0,8.0,6.0,5.0,1.0,6.0,2.0
2021-10-03,Liverpool,Man City,2,2,D,0,0,D,6,12,4,3,3,4,10,12,3,3,0,0,2.87,3.5,2.4,2021-22,1963.7565918,2001.36889648,-37.61230468000008,1,12.0,4.0,3.0,11.0,12.0,0.0,4.0,13.0,-2.0
2021-10-16,Leicester,Man United,4,2,H,1,1,D,22,18,11,6,4,3,5,17,0,3,0,0,3.5,3.6,2.05,2021-22,1763.59191895,1912.42150879,-148.82958983999993,0,7.0,8.0,1.0,5.0,8.0,4.0,3.0,10.0,-5.0
2021-10-16,Aston Villa,Wolves,2,3,A,0,0,D,14,9,5,4,6,7,8,17,2,3,0,0,2.15,3.25,3.5,2021-22,1756.60473633,1729.19702148,27.40771484999982,2,6.0,6.0,2.0,7.0,5.0,4.0,3.0,9.0,-2.0
2021-10-16,Southampton,Leeds,1,0,H,0,0,D,19,3,5,0,8,1,16,14,2,3,0,0,2.3,3.5,3.0,2021-22,1692.40576172,1757.70959473,-65.30383300999983,0,3.0,6.0,0.0,3.0,4.0,7.0,1.0,5.0,-2.0
2021-10-16,Watford,Liverpool,0,5,A,0,2,A,6,19,2,8,1,9,4,10,0,0,0,0,8.5,5.5,1.33,2021-22,1661.07128906,1963.90881348,-302.8375244199999,2,4.0,6.0,1.0,4.0,12.0,6.0,2.0,9.0,-5.0
2021-10-16,Norwich,Brighton,0,0,D,0,0,D,15,11,3,3,8,4,5,14,3,5,0,0,3.6,3.4,2.1,2021-22,1619.74572754,1741.33081055,-121.58508301000006,1,2.0,8.0,0.0,1.0,4.0,4.0,2.0,8.0,-7.0
2021-10-16,Brentford,Chelsea,0,1,A,0,1,A,17,5,7,1,5,5,13,8,1,1,0,0,6.5,3.8,1.57,2021-22,1711.51940918,1936.93859863,-225.41918944999998,2,8.0,6.0,2.0,8.0,10.0,3.0,3.0,10.0,-2.0
2021-10-16,Man City,Burnley,2,0,H,1,0,H,15,7,6,2,6,2,11,5,1,0,0,0,1.12,9.0,19.0,2021-22,2001.21655273,1681.68408203,319.5324707000002,0,9.0,2.0,3.0,11.0,4.0,7.0,0.0,3.0,8.0
2021-10-17,Everton,West Ham,0,1,A,0,0,D,15,16,2,4,7,9,3,3,0,2,0,0,2.5,3.4,2.8,2021-22,1787.26452637,1818.10180664,-30.837280269999837,2,8.0,5.0,3.0,10.0,6.0,7.0,1.0,5.0,5.0
2021-10-17,Newcastle,Tottenham,2,3,A,1,3,A,7,14,1,4,2,9,13,4,4,1,1,0,3.5,3.6,2.05,2021-22,1689.61572266,1812.18835449,-122.57263182999986,2,6.0,10.0,0.0,3.0,4.0,10.0,2.0,6.0,-3.0
2021-10-18,Arsenal,Crystal Palace,2,2,D,1,0,H,17,9,6,6,6,4,7,4,1,1,0,0,1.6,3.8,6.0,2021-22,1842.19067383,1704.1394043,138.0512695299999,1,5.0,6.0,3.0,10.0,8.0,8.0,1.0,6.0,4.0
2021-10-22,Arsenal,Aston Villa,3,1,H,2,0,H,22,10,9,4,7,4,17,10,2,5,0,0,1.83,3.75,4.2,2021-22,1844.37463379,1753.59130859,90.78332520000004,0,7.0,3.0,3.0,11.0,7.0,8.0,2.0,6.0,5.0
2021-10-23,Leeds,Wolves,1,1,D,0,1,A,18,8,4,4,6,3,15,14,2,3,0,0,2.4,3.4,2.87,2021-22,1752.34069824,1742.41003418,9.930664060000026,1,3.0,7.0,1.0,4.0,8.0,5.0,4.0,12.0,-8.0
2021-10-23,Southampton,Burnley,2,2,D,1,1,D,16,9,4,5,6,2,10,11,1,3,0,0,1.95,3.5,3.9,2021-22,1704.61779785,1682.86828613,21.7495117200001,1,2.0,4.0,1.0,5.0,3.0,8.0,0.0,2.0,3.0
2021-10-23,Chelsea,Norwich,7,0,H,3,0,H,23,3,13,1,5,0,14,16,0,2,0,1,1.18,7.0,15.0,2021-22,1945.67797852,1625.6854248,319.99255371999993,0,10.0,2.0,4.0,12.0,1.0,6.0,0.0,2.0,10.0
2021-10-23,Crystal Palace,Newcastle,1,1,D,0,0,D,15,6,3,2,3,7,13,9,3,4,0,0,1.9,3.6,4.0,2021-22,1712.15490723,1687.38891602,24.76599121000004,1,8.0,8.0,1.0,6.0,6.0,11.0,0.0,2.0,4.0
2021-10-23,Everton,Watford,2,5,A,1,1,D,15,20,4,8,3,5,9,13,4,3,0,0,1.65,3.8,5.5,2021-22,1782.56237793,1658.97619629,123.58618163999995,2,6.0,6.0,2.0,7.0,4.0,10.0,1.0,4.0,3.0
2021-10-23,Brighton,Man City,1,4,A,0,3,A,10,23,5,14,7,6,10,6,2,3,0,0,8.0,4.75,1.4,2021-22,1742.23413086,2011.1072998,-268.8731689399999,2,4.0,2.0,2.0,9.0,6.0,2.0,3.0,11.0,-2.0
2021-10-24,Brentford,Leicester,1,2,A,0,1,A,15,10,5,6,9,2,13,7,1,1,0,0,2.62,3.3,2.7,2021-22,1711.2878418,1786.22363281,-74.93579101,2,7.0,6.0,2.0,7.0,9.0,9.0,1.0,5.0,2.0
2021-10-24,West Ham,Tottenham,1,0,H,0,0,D,13,7,4,4,2,4,11,4,2,1,0,0,2.3,3.5,3.0,2021-22,1832.03942871,1808.00024414,24.03918457000009,0,5.0,5.0,2.0,7.0,6.0,12.0,2.0,6.0,1.0
2021-10-24,Man United,Liverpool,0,5,A,0,4,A,12,19,4,8,6,3,10,8,6,0,1,0,3.1,3.6,2.2,2021-22,1904.68591309,1980.66418457,-75.9782714800001,2,9.0,8.0,2.0,7.0,16.0,5.0,3.0,11.0,-4.0
2021-10-30,Burnley,Brentford,3,1,H,3,0,H,15,12,6,5,4,2,7,10,1,1,0,0,2.6,3.3,2.75,2021-22,1684.46459961,1704.28808594,-19.823486329999923,0,4.0,7.0,0.0,3.0,8.0,7.0,2.0,7.0,-4.0
2021-10-30,Leicester,Arsenal,0,2,A,0,2,A,16,9,8,5,7,6,8,11,2,0,0,0,2.4,3.5,2.87,2021-22,1793.2232666,1848.11376953,-54.89050292999991,2,11.0,9.0,2.0,8.0,9.0,4.0,3.0,11.0,-3.0
2021-10-30,Watford,Southampton,0,1,A,0,1,A,10,12,4,1,5,8,16,6,2,2,0,0,3.2,3.3,2.3,2021-22,1679.8359375,1703.02148438,-23.185546879999947,2,9.0,10.0,2.0,7.0,4.0,6.0,1.0,5.0,2.0
2021-10-30,Liverpool,Brighton,2,2,D,2,1,H,14,9,3,6,5,3,8,5,2,2,0,0,1.22,6.5,13.0,2021-22,1996.1673584,1737.08203125,259.08532715,1,18.0,5.0,3.0,11.0,4.0,6.0,1.0,6.0,5.0
2021-10-30,Tottenham,Man United,0,3,A,0,1,A,9,10,0,4,10,2,12,14,2,3,0,0,2.87,3.6,2.37,2021-22,1801.58447266,1889.18273926,-87.59826659999999,2,6.0,10.0,2.0,6.0,5.0,12.0,1.0,4.0,2.0
2021-10-30,Man City,Crystal Palace,0,2,A,0,1,A,14,8,3,3,7,1,11,11,2,3,1,0,1.14,8.0,19.0,2021-22,2016.25939941,1710.47412109,305.7852783200001,2,9.0,3.0,3.0,11.0,6.0,9.0,0.0,4.0,7.0
2021-10-30,Newcastle,Chelsea,0,3,A,0,0,D,6,19,1,6,0,2,14,12,3,2,0,0,8.5,5.0,1.36,2021-22,1689.06970215,1949.85913086,-260.78942871000004,2,6.0,8.0,0.0,3.0,14.0,2.0,4.0,12.0,-9.0
2021-10-31,Norwich,Leeds,1,2,A,0,0,D,14,13,3,6,5,0,14,23,1,4,0,0,3.4,3.5,2.1,2021-22,1621.50427246,1751.07763672,-129.57336426000006,2,1.0,12.0,0.0,2.0,4.0,5.0,1.0,5.0,-3.0
2021-10-31,Aston Villa,West Ham,1,4,A,1,2,A,9,21,3,9,3,6,7,13,1,2,1,0,2.8,3.5,2.45,2021-22,1743.1394043,1838.45532227,-95.31591796999987,2,8.0,8.0,2.0,6.0,6.0,5.0,3.0,9.0,-3.0
2021-11-01,Wolves,Everton,2,1,H,2,0,H,10,14,4,5,4,3,10,8,1,1,0,0,2.2,3.2,3.5,2021-22,1743.6730957,1761.70263672,-18.029541020000124,0,7.0,6.0,3.0,10.0,5.0,10.0,1.0,4.0,6.0
2021-11-05,Southampton,Aston Villa,1,0,H,1,0,H,9,14,3,3,10,8,12,12,2,2,0,0,1.95,3.6,3.75,2021-22,1710.33215332,1731.27709961,-20.94494628999996,0,5.0,6.0,2.0,7.0,6.0,12.0,1.0,3.0,4.0
2021-11-06,Man United,Man City,0,2,A,0,2,A,5,16,1,5,1,9,9,12,1,2,0,0,4.75,4.0,1.7,2021-22,1898.72717285,1995.01635742,-96.28918457000009,2,6.0,11.0,1.0,4.0,9.0,5.0,3.0,10.0,-6.0
2021-11-06,Brentford,Norwich,1,2,A,0,2,A,19,9,7,5,6,2,12,13,2,3,0,0,1.6,4.0,5.75,2021-22,1692.19360352,1615.00830078,77.18530274,2,7.0,10.0,1.0,4.0,1.0,11.0,0.0,2.0,2.0
2021-11-06,Chelsea,Burnley,1,1,D,1,0,H,25,5,4,2,14,2,6,9,1,4,0,0,1.25,6.0,12.0,2021-22,1955.78381348,1694.4699707,261.31384277999996,1,14.0,2.0,4.0,12.0,7.0,7.0,1.0,6.0,6.0
2021-11-06,Crystal Palace,Wolves,2,0,H,0,0,D,13,4,6,2,4,6,14,13,2,1,0,0,2.45,3.2,3.0,2021-22,1731.37927246,1750.57897949,-19.1997070299999,0,8.0,6.0,1.0,7.0,9.0,5.0,4.0,13.0,-6.0
2021-11-06,Brighton,Newcastle,1,1,D,1,0,H,14,6,5,1,2,5,16,10,3,4,1,0,1.57,3.9,6.0,2021-22,1742.90332031,1682.78393555,60.11938476,1,4.0,7.0,0.0,4.0,5.0,10.0,0.0,2.0,2.0
2021-11-07,Arsenal,Watford,1,0,H,0,0,D,14,7,6,1,4,2,6,19,4,2,0,1,1.36,4.75,8.5,2021-22,1857.53796387,1670.43615723,187.10180664000018,0,10.0,4.0,3.0,11.0,6.0,10.0,1.0,4.0,7.0
2021-11-07,Everton,Tottenham,0,0,D,0,0,D,12,8,2,0,4,2,13,17,2,4,1,0,3.1,3.25,2.37,2021-22,1752.7076416,1791.24768066,-38.540039060000026,1,6.0,9.0,1.0,4.0,6.0,10.0,2.0,6.0,-2.0
2021-11-07,Leeds,Leicester,1,1,D,1,1,D,18,9,5,3,10,5,12,5,1,1,0,0,2.8,3.5,2.45,2021-22,1755.48449707,1774.02526855,-18.540771479999876,1,5.0,5.0,2.0,7.0,10.0,9.0,2.0,8.0,-1.0
2021-11-07,West Ham,Liverpool,3,2,H,1,1,D,7,16,3,5,3,2,11,6,1,1,0,0,4.75,4.0,1.7,2021-22,1842.0892334,1993.83129883,-151.7420654299999,0,9.0,4.0,4.0,12.0,17.0,7.0,2.0,9.0,3.0
2021-11-20,Leicester,Chelsea,0,3,A,0,2,A,4,16,3,7,3,5,15,8,3,1,0,0,4.75,3.75,1.75,2021-22,1774.28491211,1948.95935059,-174.67443847999994,2,9.0,8.0,2.0,8.0,15.0,2.0,4.0,13.0,-5.0
2021-11-20,Aston Villa,Brighton,2,0,H,0,0,D,9,6,5,2,5,7,7,13,3,3,0,0,2.45,3.3,2.9,2021-22,1723.38330078,1740.41101074,-17.02770996000004,0,5.0,13.0,0.0,0.0,4.0,7.0,0.0,4.0,-4.0
2021-11-20,Burnley,Crystal Palace,3,3,D,2,3,A,15,18,9,8,3,6,14,15,2,3,0,0,2.7,3.2,2.7,2021-22,1701.29443359,1742.67602539,-41.381591800000024,1,6.0,6.0,1.0,6.0,9.0,5.0,2.0,9.0,-3.0
2021-11-20,Newcastle,Brentford,3,3,D,2,2,D,23,10,9,4,8,2,13,11,2,2,0,0,2.62,3.4,2.7,2021-22,1685.27612305,1681.40844727,3.867675780000127,1,5.0,10.0,0.0,2.0,5.0,9.0,1.0,3.0,-1.0
2021-11-20,Norwich,Southampton,2,1,H,1,1,D,8,17,4,5,5,7,8,9,3,2,0,0,3.6,3.5,2.05,2021-22,1625.79345703,1718.22595215,-92.43249512000011,0,3.0,10.0,1.0,5.0,6.0,5.0,3.0,10.0,-5.0
2021-11-20,Watford,Man United,4,1,H,2,0,H,20,9,7,3,9,3,7,5,2,1,0,1,6.5,4.75,1.45,2021-22,1667.13964844,1890.05297852,-222.91333007999992,0,5.0,10.0,1.0,3.0,6.0,12.0,1.0,4.0,-1.0
2021-11-20,Wolves,West Ham,1,0,H,0,0,D,15,8,5,3,7,3,6,9,1,1,0,0,3.0,3.25,2.4,2021-22,1739.28210449,1853.24633789,-113.96423340000001,0,8.0,7.0,3.0,10.0,10.0,5.0,4.0,12.0,-2.0
2021-11-20,Liverpool,Arsenal,4,0,H,1,0,H,19,5,9,3,6,1,15,12,2,0,0,0,1.45,4.75,6.5,2021-22,1982.67407227,1860.83435059,121.83972167999991,0,16.0,7.0,2.0,8.0,8.0,3.0,3.0,11.0,-3.0
2021-11-21,Man City,Everton,3,0,H,1,0,H,17,4,7,1,7,1,5,7,1,1,0,0,1.14,8.0,19.0,2021-22,2003.69055176,1753.02355957,250.66699218999997,0,10.0,5.0,3.0,10.0,4.0,9.0,0.0,2.0,8.0
2021-11-21,Tottenham,Leeds,2,1,H,0,1,A,13,18,4,7,4,8,11,12,1,4,0,0,1.7,4.2,4.5,2021-22,1790.93188477,1755.22485352,35.70703125,0,5.0,7.0,2.0,7.0,5.0,4.0,2.0,8.0,-1.0
2021-11-27,Arsenal,Newcastle,2,0,H,0,0,D,24,9,6,5,4,4,6,12,1,3,0,0,1.44,4.75,7.0,2021-22,1856.64367676,1688.87060547,167.77307128999996,0,8.0,7.0,3.0,10.0,7.0,11.0,0.0,3.0,7.0
2021-11-27,Crystal Palace,Aston Villa,1,2,A,0,1,A,8,10,3,3,7,3,12,10,3,3,0,0,2.2,3.4,3.3,2021-22,1746.87585449,1739.03552246,7.8403320299998995,2,10.0,6.0,2.0,9.0,6.0,11.0,1.0,3.0,6.0
2021-11-27,Liverpool,Southampton,4,0,H,3,0,H,20,7,6,3,5,7,7,14,0,1,0,0,1.28,6.0,9.0,2021-22,2000.0345459,1713.22937012,286.8051757799999,0,18.0,5.0,3.0,10.0,6.0,4.0,3.0,10.0,0.0
2021-11-27,Norwich,Wolves,0,0,D,0,0,D,14,5,4,2,4,3,11,10,2,2,0,0,3.5,3.3,2.15,2021-22,1639.88378906,1754.11669922,-114.23291016000007,1,5.0,11.0,2.0,7.0,7.0,6.0,3.0,10.0,-3.0
2021-11-27,Brighton,Leeds,0,0,D,0,0,D,20,11,4,4,6,1,12,14,1,3,0,0,2.05,3.4,3.75,2021-22,1733.85253906,1753.63476562,-19.782226560000026,1,4.0,9.0,0.0,3.0,5.0,6.0,1.0,5.0,-2.0
2021-11-28,Brentford,Everton,1,0,H,1,0,H,6,14,4,5,3,3,8,11,4,3,0,0,2.25,3.2,3.4,2021-22,1686.90771484,1753.7121582,-66.80444336000005,0,6.0,11.0,0.0,1.0,3.0,11.0,0.0,1.0,0.0
2021-11-28,Leicester,Watford,4,2,H,3,1,H,18,16,8,5,8,6,5,19,0,0,0,0,1.61,4.0,5.5,2021-22,1772.53552246,1693.99975586,78.53576659999999,0,7.0,9.0,2.0,7.0,9.0,10.0,2.0,6.0,1.0
2021-11-28,Man City,West Ham,2,1,H,1,0,H,19,5,9,3,8,4,7,6,2,0,0,0,1.28,5.75,10.0,2021-22,2016.34448242,1851.30615234,165.03833008000015,0,11.0,3.0,4.0,12.0,9.0,4.0,4.0,12.0,0.0
2021-11-28,Chelsea,Man United,1,1,D,0,0,D,24,3,6,2,15,2,13,14,2,5,0,0,1.57,4.0,6.0,2021-22,1968.87036133,1883.04089355,85.82946777999996,1,15.0,1.0,4.0,13.0,6.0,15.0,1.0,3.0,10.0
2021-11-30,Newcastle,Norwich,1,1,D,0,0,D,9,16,1,6,2,5,8,11,0,0,0,1,1.95,3.5,3.9,2021-22,1684.0411377,1642.12304688,41.91809082000009,1,5.0,10.0,0.0,3.0,5.0,11.0,2.0,7.0,-4.0
2021-11-30,Leeds,Crystal Palace,1,0,H,0,0,D,15,9,3,1,7,4,15,15,5,3,0,0,2.4,3.3,3.0,2021-22,1754.07507324,1737.70495605,16.370117189999974,0,5.0,5.0,1.0,6.0,9.0,6.0,2.0,8.0,-2.0
2021-12-01,Southampton,Leicester,2,2,D,2,1,H,15,15,7,6,2,4,14,11,1,3,0,0,2.37,3.5,2.87,2021-22,1709.61352539,1779.93945312,-70.3259277300001,1,5.0,8.0,2.0,7.0,7.0,9.0,2.0,7.0,0.0
2021-12-01,Watford,Chelsea,1,2,A,1,1,D,13,8,6,4,6,0,18,16,4,3,0,0,10.0,5.25,1.3,2021-22,1686.59594727,1965.56237793,-278.96643066,2,11.0,9.0,2.0,6.0,15.0,2.0,3.0,11.0,-5.0
2021-12-01,West Ham,Brighton,1,1,D,1,0,H,14,9,6,3,9,5,10,8,1,1,0,0,1.95,3.6,3.8,2021-22,1847.86828613,1733.41210938,114.45617674999994,1,9.0,6.0,3.0,9.0,4.0,9.0,0.0,3.0,6.0
2021-12-01,Wolves,Burnley,0,0,D,0,0,D,16,6,2,1,5,5,5,7,2,3,0,0,1.85,3.5,4.33,2021-22,1751.87744141,1706.18823242,45.68920899,1,4.0,4.0,2.0,8.0,9.0,9.0,1.0,6.0,2.0
2021-12-01,Aston Villa,Man City,1,2,A,0,2,A,9,17,3,7,4,11,8,12,0,0,0,0,9.0,5.25,1.33,2021-22,1748.20629883,2019.78234863,-271.57604979999996,2,6.0,9.0,2.0,6.0,11.0,4.0,4.0,12.0,-6.0
2021-12-01,Everton,Liverpool,1,4,A,1,2,A,8,16,2,7,3,11,8,16,4,3,0,0,7.5,5.25,1.36,2021-22,1744.82019043,2003.65039062,-258.83020019000014,2,3.0,11.0,0.0,1.0,17.0,5.0,3.0,10.0,-9.0
2021-12-02,Tottenham,Brentford,2,0,H,1,0,H,11,6,6,2,11,5,13,11,0,0,0,0,1.6,4.2,5.25,2021-22,1784.36755371,1695.79956055,88.56799316000001,0,5.0,7.0,2.0,7.0,7.0,10.0,1.0,4.0,3.0
2021-12-02,Man United,Arsenal,3,2,H,1,1,D,14,17,10,8,3,8,9,10,1,0,0,0,1.95,3.75,3.75,2021-22,1886.34887695,1861.47314453,24.875732420000077,0,5.0,12.0,1.0,4.0,8.0,5.0,4.0,12.0,-8.0
2021-12-04,West Ham,Chelsea,3,2,H,1,2,A,11,19,5,7,1,9,10,10,1,3,0,0,4.75,3.6,1.75,2021-22,1843.81079102,1968.41101074,-124.60021972000004,0,9.0,7.0,2.0,7.0,10.0,3.0,3.0,11.0,-4.0
2021-12-04,Newcastle,Burnley,1,0,H,1,0,H,19,10,4,1,10,3,11,9,1,1,0,0,2.3,3.3,3.2,2021-22,1681.86877441,1708.47290039,-26.604125979999935,0,5.0,10.0,0.0,3.0,9.0,7.0,1.0,7.0,-4.0
2021-12-04,Southampton,Brighton,1,1,D,1,0,H,14,14,4,4,6,2,15,12,4,2,0,0,2.45,3.2,3.0,2021-22,1710.62353516,1737.46960449,-26.846069329999864,1,5.0,8.0,2.0,7.0,4.0,6.0,0.0,4.0,3.0
2021-12-04,Wolves,Liverpool,0,1,A,0,0,D,3,17,1,5,2,8,4,7,2,2,0,0,8.0,4.75,1.4,2021-22,1749.59265137,2008.91882324,-259.3261718699998,2,3.0,3.0,2.0,8.0,16.0,6.0,3.0,10.0,-2.0
2021-12-04,Watford,Man City,1,3,A,0,2,A,11,26,4,13,5,11,10,7,3,0,0,0,12.0,7.0,1.2,2021-22,1683.74719238,2022.61401367,-338.8668212900002,2,7.0,9.0,1.0,3.0,9.0,4.0,4.0,12.0,-9.0
2021-12-05,Leeds,Brentford,2,2,D,1,0,H,13,9,6,3,5,1,11,9,5,3,0,0,1.95,3.6,3.8,2021-22,1760.74914551,1688.69567871,72.05346680000002,1,5.0,4.0,2.0,8.0,6.0,10.0,1.0,4.0,4.0
2021-12-05,Man United,Crystal Palace,1,0,H,0,0,D,16,8,3,2,9,6,16,9,2,2,0,0,1.5,4.33,6.5,2021-22,1892.84912109,1731.03100586,161.81811522999988,0,8.0,9.0,2.0,7.0,8.0,6.0,2.0,7.0,0.0
2021-12-05,Tottenham,Norwich,3,0,H,1,0,H,17,10,7,1,6,4,11,4,1,2,0,0,1.36,5.0,8.5,2021-22,1791.47131348,1644.29528809,147.17602538999995,0,4.0,5.0,2.0,7.0,6.0,5.0,2.0,8.0,-1.0
2021-12-05,Aston Villa,Leicester,2,1,H,1,1,D,13,12,4,5,3,6,8,25,1,1,0,0,2.37,3.4,3.0,2021-22,1745.37475586,1778.92944336,-33.5546875,0,6.0,8.0,2.0,6.0,7.0,10.0,1.0,5.0,1.0
2021-12-06,Everton,Arsenal,2,1,H,0,1,A,11,10,5,3,3,3,8,12,2,2,0,0,3.4,3.5,2.1,2021-22,1739.55175781,1854.97302246,-115.42126465000001,0,2.0,10.0,0.0,1.0,7.0,7.0,3.0,9.0,-8.0
2021-12-10,Brentford,Watford,2,1,H,0,1,A,14,6,5,2,8,2,12,18,4,0,0,0,2.25,3.3,3.3,2021-22,1679.32214355,1668.54187012,10.780273429999852,0,7.0,9.0,1.0,5.0,8.0,11.0,1.0,3.0,2.0
2021-12-11,Man City,Wolves,1,0,H,0,0,D,24,2,10,1,14,1,12,5,3,2,0,1,1.14,8.0,19.0,2021-22,2000.60961914,1734.10595703,266.50366211000005,0,12.0,3.0,5.0,15.0,1.0,3.0,1.0,5.0,10.0
2021-12-11,Liverpool,Aston Villa,1,0,H,0,0,D,20,4,5,0,11,3,13,6,1,2,0,0,1.2,7.0,13.0,2021-22,2004.36584473,1740.89233398,263.47351074999983,0,15.0,4.0,4.0,12.0,7.0,5.0,3.0,9.0,3.0
2021-12-11,Arsenal,Southampton,3,0,H,2,0,H,15,11,5,6,9,8,5,9,2,0,0,0,1.61,4.0,5.5,2021-22,1832.3614502,1698.00439453,134.35705567000014,0,6.0,9.0,2.0,6.0,5.0,9.0,1.0,5.0,1.0
2021-12-11,Chelsea,Leeds,3,2,H,1,1,D,16,12,6,5,5,2,9,15,2,5,0,0,1.25,5.75,12.0,2021-22,1940.07348633,1745.34069824,194.73278808999999,0,9.0,6.0,2.0,8.0,5.0,5.0,1.0,6.0,2.0
2021-12-11,Norwich,Man United,0,1,A,0,0,D,11,13,5,5,8,6,6,17,1,1,0,0,7.0,4.5,1.45,2021-22,1625.37988281,1876.68920898,-251.30932617000008,2,5.0,6.0,2.0,8.0,6.0,9.0,2.0,7.0,1.0
2021-12-12,Burnley,West Ham,0,0,D,0,0,D,9,16,1,3,6,4,13,11,2,1,0,0,3.6,3.6,2.0,2021-22,1688.15722656,1826.57836914,-138.42114257999992,1,7.0,6.0,1.0,6.0,8.0,8.0,2.0,7.0,-1.0
2021-12-12,Leicester,Newcastle,4,0,H,1,0,H,8,12,5,3,4,6,9,16,2,3,0,0,1.66,4.1,4.75,2021-22,1753.4317627,1677.40246582,76.02929687999995,0,8.0,10.0,1.0,5.0,6.0,7.0,1.0,6.0,-1.0
2021-12-12,Crystal Palace,Everton,3,1,H,1,0,H,17,12,6,6,8,2,15,14,0,2,0,0,2.3,3.2,3.3,2021-22,1715.1730957,1737.38134766,-22.208251960000098,0,6.0,7.0,1.0,4.0,3.0,9.0,1.0,4.0,0.0
2021-12-14,Norwich,Aston Villa,0,2,A,0,1,A,7,17,3,6,7,10,12,9,3,1,0,0,3.3,3.3,2.25,2021-22,1622.16967773,1738.86889648,-116.69921875,2,3.0,6.0,1.0,5.0,7.0,5.0,3.0,9.0,-4.0
2021-12-14,Man City,Leeds,7,0,H,3,0,H,31,6,15,3,6,2,5,9,1,1,0,0,1.14,8.5,15.0,2021-22,2002.69116211,1742.34375,260.34741211000005,0,11.0,3.0,5.0,15.0,6.0,7.0,1.0,5.0,10.0
2021-12-15,Brighton,Wolves,0,1,A,0,1,A,12,8,2,5,7,4,11,14,2,0,0,0,2.25,3.1,3.5,2021-22,1725.3067627,1732.02453613,-6.717773429999852,2,3.0,5.0,0.0,4.0,1.0,2.0,1.0,5.0,-1.0
2021-12-15,Crystal Palace,Southampton,2,2,D,1,2,A,9,15,6,4,4,6,16,20,2,4,0,0,2.15,3.3,3.5,2021-22,1726.02746582,1691.12646484,34.90100098000016,1,7.0,8.0,1.0,4.0,4.0,12.0,0.0,2.0,2.0
2021-12-15,Arsenal,West Ham,2,0,H,0,0,D,21,7,8,1,5,2,8,9,2,0,0,1,2.1,3.6,3.3,2021-22,1839.23937988,1823.76293945,15.476440429999911,0,8.0,9.0,2.0,6.0,5.0,6.0,1.0,5.0,1.0
2021-12-16,Chelsea,Everton,1,1,D,0,0,D,23,5,10,3,7,1,11,11,2,3,0,0,1.22,6.5,13.0,2021-22,1943.07055664,1726.52709961,216.5434570299999,1,11.0,7.0,3.0,10.0,4.0,12.0,1.0,3.0,7.0
2021-12-16,Liverpool,Newcastle,3,1,H,2,1,H,23,4,8,2,11,0,9,4,1,3,0,0,1.12,9.0,19.0,2021-22,2006.38928223,1667.20178223,339.1875,0,14.0,1.0,5.0,15.0,5.0,10.0,1.0,5.0,10.0
2021-12-18,Leeds,Arsenal,1,4,A,0,3,A,9,21,2,12,1,4,11,7,3,1,0,0,3.9,3.8,1.83,2021-22,1736.90588379,1848.56567383,-111.65979003999996,2,5.0,12.0,1.0,5.0,10.0,5.0,3.0,9.0,-4.0
2021-12-19,Tottenham,Liverpool,2,2,D,1,1,D,10,18,5,6,6,4,12,11,4,4,0,1,5.25,4.75,1.53,2021-22,1785.6048584,2008.23413086,-222.62927246000004,1,7.0,4.0,3.0,10.0,13.0,2.0,5.0,15.0,-5.0
2021-12-19,Newcastle,Man City,0,4,A,0,2,A,5,18,1,7,3,6,9,6,1,2,0,0,13.0,7.5,1.18,2021-22,1665.35693359,2008.12890625,-342.7719726600001,2,3.0,10.0,1.0,4.0,15.0,3.0,5.0,15.0,-11.0
2021-12-19,Wolves,Chelsea,0,0,D,0,0,D,4,8,1,1,4,9,9,7,0,2,0,0,7.0,4.2,1.5,2021-22,1741.25585938,1936.80102539,-195.54516601,1,1.0,2.0,1.0,5.0,9.0,8.0,2.0,8.0,-3.0
2021-12-26,Man City,Leicester,6,3,H,4,0,H,17,14,9,8,14,4,11,9,1,2,0,0,1.18,7.5,13.0,2021-22,2012.03967285,1763.63256836,248.40710448999994,0,17.0,2.0,5.0,15.0,11.0,9.0,2.0,7.0,8.0
2021-12-26,Norwich,Arsenal,0,5,A,0,2,A,4,16,2,6,3,5,13,7,1,2,0,0,8.0,4.75,1.4,2021-22,1613.67504883,1859.12353516,-245.44848633000015,2,1.0,7.0,0.0,2.0,12.0,6.0,3.0,9.0,-7.0
2021-12-26,Tottenham,Crystal Palace,3,0,H,2,0,H,17,4,6,0,4,2,16,10,1,1,0,1,1.72,3.8,4.75,2021-22,1790.41894531,1723.91955566,66.49938965000001,0,9.0,3.0,3.0,11.0,6.0,7.0,1.0,4.0,7.0
2021-12-26,West Ham,Southampton,2,3,A,0,1,A,11,11,5,6,10,2,10,9,2,3,0,0,1.8,3.9,4.2,2021-22,1814.43676758,1693.234375,121.20239257999992,2,5.0,7.0,1.0,5.0,5.0,12.0,0.0,3.0,2.0
2021-12-26,Aston Villa,Chelsea,1,3,A,1,1,D,8,10,1,4,2,5,8,11,3,1,0,0,5.25,3.8,1.65,2021-22,1747.36352539,1932.60791016,-185.24438477000012,2,7.0,5.0,3.0,9.0,8.0,7.0,2.0,8.0,1.0
2021-12-26,Brighton,Brentford,2,0,H,2,0,H,15,16,5,6,6,9,8,10,1,3,0,0,1.9,3.4,4.2,2021-22,1716.07556152,1686.11853027,29.95703125,0,2.0,5.0,0.0,3.0,8.0,8.0,2.0,8.0,-5.0
2021-12-27,Newcastle,Man United,1,1,D,1,0,H,13,13,8,4,2,4,11,8,3,3,0,0,6.5,4.75,1.44,2021-22,1661.44616699,1879.89941406,-218.4532470700001,1,3.0,12.0,1.0,4.0,7.0,7.0,3.0,10.0,-6.0
2021-12-28,Crystal Palace,Norwich,3,0,H,3,0,H,19,12,6,3,8,8,9,13,1,2,0,0,1.65,3.75,5.5,2021-22,1714.70617676,1606.06677246,108.63940430000002,0,5.0,8.0,1.0,4.0,1.0,12.0,0.0,1.0,3.0
2021-12-28,Southampton,Tottenham,1,1,D,1,1,D,9,21,2,11,3,7,15,5,2,2,1,0,3.75,3.5,2.0,2021-22,1705.13720703,1799.63232422,-94.4951171900002,1,8.0,10.0,1.0,6.0,12.0,3.0,4.0,13.0,-7.0
2021-12-28,Watford,West Ham,1,4,A,1,2,A,14,13,5,6,4,5,12,12,0,1,0,0,3.4,3.6,2.1,2021-22,1661.7454834,1802.53393555,-140.78845215,2,9.0,12.0,1.0,3.0,6.0,8.0,1.0,5.0,-2.0
2021-12-28,Leicester,Liverpool,1,0,H,0,0,D,6,21,1,4,1,12,8,11,0,1,0,0,8.0,5.5,1.33,2021-22,1759.94421387,2003.42004395,-243.47583007999992,0,14.0,12.0,2.0,7.0,11.0,4.0,4.0,13.0,-6.0
2021-12-29,Chelsea,Brighton,1,1,D,1,0,H,11,18,5,6,10,8,14,7,4,1,0,0,1.4,4.5,7.5,2021-22,1938.99743652,1725.06628418,213.93115234000015,1,9.0,7.0,2.0,8.0,4.0,3.0,1.0,6.0,2.0
2021-12-29,Brentford,Man City,0,1,A,0,1,A,6,12,2,3,3,5,12,10,0,0,0,0,19.0,8.0,1.14,2021-22,1677.12768555,2015.72814941,-338.60046386,2,5.0,7.0,2.0,7.0,21.0,4.0,5.0,15.0,-8.0
2021-12-30,Man United,Burnley,3,1,H,3,1,H,18,10,6,3,7,5,5,10,0,0,0,0,1.36,5.0,9.0,2021-22,1875.19055176,1690.97265625,184.21789551000006,0,7.0,4.0,3.0,11.0,4.0,5.0,0.0,4.0,7.0
2022-01-01,Watford,Tottenham,0,1,A,0,0,D,6,21,4,9,3,7,6,9,0,1,0,0,5.0,4.2,1.61,2021-22,1652.23596191,1798.11816406,-145.88220215,2,6.0,15.0,0.0,0.0,11.0,3.0,3.0,11.0,-11.0
2022-01-01,Crystal Palace,West Ham,2,3,A,0,3,A,22,10,6,5,9,1,6,16,0,2,0,0,3.1,3.4,2.3,2021-22,1722.39282227,1812.04345703,-89.65063476,2,8.0,7.0,2.0,7.0,9.0,8.0,2.0,7.0,0.0
2022-01-01,Arsenal,Man City,1,2,A,1,0,H,7,15,2,2,5,5,13,5,3,2,1,0,5.75,4.75,1.5,2021-22,1866.73181152,2017.76074219,-151.0289306699999,2,15.0,3.0,4.0,12.0,19.0,3.0,5.0,15.0,-3.0
2022-01-02,Brentford,Aston Villa,2,1,H,1,1,D,10,16,4,5,3,7,17,11,2,2,0,0,3.0,3.3,2.4,2021-22,1675.09509277,1740.97387695,-65.87878417999991,0,4.0,8.0,1.0,4.0,6.0,7.0,2.0,6.0,-2.0
2022-01-02,Everton,Brighton,2,3,A,0,2,A,17,12,6,5,8,5,5,12,1,1,0,0,2.75,3.2,2.62,2021-22,1732.79650879,1731.34460449,1.4519043000000238,2,5.0,10.0,1.0,4.0,5.0,4.0,1.0,6.0,-2.0
2022-01-02,Leeds,Burnley,3,1,H,1,0,H,22,8,7,2,9,3,11,7,2,1,0,0,2.05,3.5,3.5,2021-22,1726.34802246,1686.56408691,39.783935550000024,0,6.0,16.0,1.0,4.0,4.0,7.0,0.0,3.0,1.0
2022-01-02,Chelsea,Liverpool,2,2,D,2,2,D,15,10,6,6,6,7,5,13,1,2,0,0,3.1,3.5,2.25,2021-22,1932.71911621,1990.65075684,-57.93164062999995,1,8.0,5.0,2.0,9.0,7.0,4.0,3.0,10.0,-1.0
2022-01-03,Man United,Wolves,0,1,A,0,0,D,9,19,2,6,3,8,9,8,3,1,0,0,1.53,4.33,6.0,2021-22,1879.59912109,1745.44897461,134.15014647999988,2,9.0,4.0,4.0,13.0,1.0,2.0,1.0,5.0,8.0
2022-01-11,Southampton,Brentford,4,1,H,2,1,H,12,5,6,4,5,2,9,8,0,1,0,0,2.05,3.4,3.6,2021-22,1706.65136719,1683.77575684,22.875610349999988,0,7.0,9.0,1.0,6.0,6.0,7.0,2.0,7.0,-1.0
2022-01-12,West Ham,Norwich,2,0,H,1,0,H,13,7,5,3,11,2,9,8,0,0,0,0,1.28,5.5,10.0,2021-22,1818.7779541,1598.38012695,220.39782715,0,9.0,8.0,2.0,7.0,0.0,14.0,0.0,0.0,7.0
2022-01-14,Brighton,Crystal Palace,1,1,D,0,0,D,19,3,4,1,9,0,11,7,0,2,0,0,2.05,3.3,3.8,2021-22,1740.6706543,1715.6583252,25.012329099999988,1,7.0,5.0,2.0,8.0,10.0,9.0,2.0,7.0,1.0
2022-01-15,Man City,Chelsea,1,0,H,0,0,D,11,4,6,1,9,1,11,6,0,2,0,0,1.65,4.0,5.0,2021-22,2022.90893555,1933.26733398,89.64160156999992,0,20.0,4.0,5.0,15.0,7.0,5.0,1.0,7.0,8.0
2022-01-15,Norwich,Everton,2,1,H,2,0,H,14,12,3,5,8,8,12,14,3,1,0,0,3.75,3.5,2.0,2021-22,1594.72998047,1723.47058105,-128.74060057999986,0,0.0,13.0,0.0,0.0,7.0,12.0,1.0,4.0,-4.0
2022-01-15,Aston Villa,Man United,2,2,D,0,1,A,13,13,9,6,3,6,8,13,1,2,0,0,2.87,3.5,2.4,2021-22,1732.29321289,1867.23205566,-134.93884277000006,1,6.0,7.0,2.0,6.0,6.0,3.0,3.0,10.0,-4.0
2022-01-15,Wolves,Southampton,3,1,H,1,0,H,9,13,5,10,2,10,13,14,2,3,0,0,2.25,3.2,3.4,2021-22,1757.81604004,1717.91394043,39.90209961000005,0,2.0,2.0,2.0,7.0,10.0,9.0,2.0,8.0,-1.0
2022-01-15,Newcastle,Watford,1,1,D,0,0,D,12,18,1,5,4,6,13,13,3,2,0,0,2.0,3.6,3.6,2021-22,1666.1550293,1646.89208984,19.262939460000098,1,3.0,12.0,1.0,4.0,4.0,12.0,0.0,0.0,4.0
2022-01-16,Liverpool,Brentford,3,0,H,1,0,H,27,6,13,1,9,0,6,6,0,1,0,0,1.3,5.5,10.0,2021-22,1990.10266113,1672.51318359,317.58947753999996,0,8.0,6.0,2.0,8.0,5.0,9.0,2.0,6.0,2.0
2022-01-16,West Ham,Leeds,2,3,A,1,2,A,15,18,5,5,4,3,6,9,3,2,0,0,1.61,4.2,5.0,2021-22,1822.42810059,1734.78405762,87.64404296999987,2,11.0,8.0,3.0,9.0,8.0,17.0,1.0,4.0,5.0
2022-01-18,Brighton,Chelsea,1,1,D,0,1,A,10,15,2,3,5,7,8,5,1,2,0,0,4.75,3.75,1.72,2021-22,1738.88928223,1928.35339355,-189.46411132000003,1,7.0,5.0,2.0,8.0,6.0,5.0,1.0,6.0,2.0
2022-01-19,Leicester,Tottenham,2,3,A,1,1,D,14,27,4,10,3,8,6,12,1,2,0,0,3.0,3.5,2.3,2021-22,1772.71350098,1803.4621582,-30.74865722000004,2,11.0,10.0,2.0,7.0,10.0,3.0,3.0,11.0,-4.0
2022-01-19,Brentford,Man United,1,3,A,0,0,D,18,13,8,5,6,9,7,9,0,0,0,0,4.5,3.7,1.8,2021-22,1669.94616699,1864.49645996,-194.5502929700001,2,3.0,11.0,1.0,3.0,7.0,5.0,2.0,8.0,-5.0
2022-01-21,Watford,Norwich,0,3,A,0,0,D,15,7,4,2,5,1,16,11,0,1,1,0,2.0,3.5,3.75,2021-22,1648.50891113,1605.12597656,43.38293456999986,2,4.0,11.0,0.0,1.0,2.0,13.0,1.0,3.0,-2.0
2022-01-22,Everton,Aston Villa,0,1,A,0,1,A,15,8,1,3,9,2,14,16,5,3,0,0,2.75,3.25,2.62,2021-22,1713.07458496,1735.02880859,-21.954223629999888,2,7.0,10.0,1.0,4.0,6.0,8.0,1.0,4.0,0.0
2022-01-22,Southampton,Man City,1,1,D,1,0,H,7,20,3,5,2,11,13,5,3,0,0,0,10.0,6.5,1.25,2021-22,1709.30224609,2027.82287598,-318.52062989,1,11.0,9.0,2.0,8.0,14.0,4.0,5.0,15.0,-7.0
2022-01-22,Brentford,Wolves,1,2,A,0,0,D,11,7,1,2,6,3,6,7,2,3,0,0,3.2,2.8,2.6,2021-22,1663.94238281,1766.42773438,-102.48535156999992,2,4.0,12.0,1.0,3.0,5.0,2.0,3.0,10.0,-7.0
2022-01-22,Man United,West Ham,1,0,H,0,0,D,18,6,3,1,3,3,9,8,1,1,0,0,1.85,3.8,4.0,2021-22,1870.50012207,1811.29321289,59.20690918000014,0,9.0,6.0,2.0,8.0,13.0,9.0,3.0,9.0,-1.0
2022-01-22,Leeds,Newcastle,0,1,A,0,0,D,13,15,4,3,6,7,9,9,4,2,0,0,2.0,3.5,3.75,2021-22,1745.91894531,1664.53808594,81.38085937000005,2,9.0,17.0,2.0,6.0,3.0,13.0,0.0,2.0,4.0
2022-01-23,Leicester,Brighton,1,1,D,0,0,D,15,14,5,5,4,5,6,8,0,1,0,0,2.5,3.25,2.9,2021-22,1764.5378418,1742.97302246,21.564819339999985,1,11.0,11.0,2.0,6.0,8.0,5.0,2.0,9.0,-3.0
2022-01-23,Arsenal,Burnley,0,0,D,0,0,D,20,10,5,1,12,4,9,13,0,2,0,0,1.36,4.75,9.0,2021-22,1861.58374023,1678.12805176,183.45568847000004,1,15.0,3.0,4.0,12.0,2.0,7.0,0.0,2.0,10.0
2022-01-23,Crystal Palace,Liverpool,1,3,A,0,2,A,8,15,5,7,2,5,12,10,4,1,0,0,6.0,4.2,1.53,2021-22,1717.43969727,1992.66955566,-275.2298583900001,2,8.0,9.0,1.0,5.0,10.0,6.0,2.0,8.0,-3.0
2022-01-23,Chelsea,Tottenham,2,0,H,0,0,D,15,6,7,3,10,3,17,14,2,1,0,0,1.61,4.2,5.0,2021-22,1924.26965332,1811.63781738,112.6318359400002,0,7.0,6.0,1.0,6.0,10.0,5.0,3.0,11.0,-5.0
2022-02-05,Burnley,Watford,0,0,D,0,0,D,13,11,2,5,4,7,16,9,1,2,0,0,2.2,3.25,3.5,2021-22,1683.75366211,1630.75280762,53.00085448999994,1,2.0,7.0,0.0,2.0,3.0,11.0,0.0,1.0,1.0
2022-02-08,Newcastle,Everton,3,1,H,1,1,D,20,11,9,3,6,2,13,13,2,3,0,0,2.5,3.25,2.87,2021-22,1675.48034668,1704.60180664,-29.12145996000004,0,4.0,9.0,1.0,5.0,5.0,10.0,0.0,1.0,4.0
2022-02-08,West Ham,Watford,1,0,H,0,0,D,9,6,3,1,5,6,1,6,1,0,0,0,1.55,4.2,5.75,2021-22,1805.83410645,1633.33361816,172.50048829000002,0,11.0,7.0,3.0,9.0,2.0,9.0,0.0,2.0,7.0
2022-02-08,Burnley,Man United,1,1,D,0,1,A,9,22,3,5,2,10,11,10,2,1,0,0,5.5,4.0,1.61,2021-22,1681.17272949,1875.95922852,-194.78649902999996,1,2.0,6.0,0.0,3.0,9.0,5.0,3.0,10.0,-7.0
2022-02-09,Man City,Brentford,2,0,H,1,0,H,15,6,7,2,9,3,7,13,0,0,0,0,1.1,9.5,23.0,2021-22,2021.13293457,1657.44250488,363.6904296900002,0,11.0,5.0,4.0,13.0,5.0,13.0,1.0,3.0,10.0
2022-02-09,Norwich,Crystal Palace,1,1,D,1,0,H,5,13,1,5,4,6,11,15,1,2,0,0,3.5,3.25,2.15,2021-22,1622.88220215,1713.45483398,-90.57263183000009,1,5.0,11.0,2.0,6.0,7.0,10.0,1.0,4.0,2.0
2022-02-09,Tottenham,Southampton,2,3,A,1,1,D,8,23,3,10,2,8,7,13,2,3,0,0,1.6,4.0,5.5,2021-22,1805.39404297,1715.9921875,89.4018554700001,2,8.0,5.0,3.0,10.0,10.0,8.0,2.0,8.0,2.0
2022-02-09,Aston Villa,Leeds,3,3,D,3,2,H,12,16,4,8,6,11,11,9,1,3,1,0,1.8,3.8,4.2,2021-22,1743.50146484,1734.97668457,8.524780269999837,1,7.0,7.0,2.0,7.0,7.0,15.0,2.0,6.0,1.0
2022-02-10,Liverpool,Leicester,2,0,H,1,0,H,22,5,11,1,7,6,11,7,1,0,0,0,1.25,6.5,10.0,2021-22,1996.65441895,1762.84814453,233.80627442000014,0,10.0,6.0,2.0,8.0,11.0,10.0,2.0,7.0,1.0
2022-02-10,Wolves,Arsenal,0,1,A,0,1,A,15,12,4,2,7,4,12,13,2,3,0,1,3.5,3.2,2.2,2021-22,1772.9276123,1855.95812988,-83.03051757999992,2,7.0,2.0,4.0,13.0,12.0,3.0,3.0,10.0,3.0
2022-02-12,Man United,Southampton,1,1,D,1,0,H,12,13,8,4,1,4,12,13,4,0,0,0,1.6,4.0,5.5,2021-22,1871.76000977,1727.31420898,144.4458007899998,1,7.0,5.0,2.0,8.0,10.0,8.0,2.0,8.0,0.0
2022-02-12,Brentford,Crystal Palace,0,0,D,0,0,D,9,6,2,3,3,9,10,10,1,0,0,0,2.55,3.1,3.0,2021-22,1655.86914062,1712.09265137,-56.22351075000006,1,3.0,14.0,0.0,0.0,8.0,8.0,1.0,5.0,-5.0
2022-02-12,Everton,Leeds,3,0,H,2,0,H,21,7,10,0,5,3,8,9,1,1,0,0,2.25,3.5,3.0,2021-22,1693.5135498,1736.44750977,-42.93395996999993,0,5.0,10.0,0.0,1.0,10.0,11.0,2.0,7.0,-6.0
2022-02-12,Watford,Brighton,0,2,A,0,1,A,9,11,1,6,4,5,16,9,3,2,0,0,3.5,3.3,2.05,2021-22,1630.03918457,1744.66271973,-114.62353515999985,2,1.0,6.0,0.0,2.0,7.0,6.0,1.0,7.0,-5.0
2022-02-12,Norwich,Man City,0,4,A,0,1,A,8,22,3,9,4,12,7,8,0,2,0,0,15.0,8.0,1.16,2021-22,1624.24438477,2022.70617676,-398.46179199000017,2,6.0,7.0,2.0,7.0,7.0,2.0,4.0,13.0,-6.0
2022-02-13,Newcastle,Aston Villa,1,0,H,1,0,H,10,11,2,1,3,6,22,15,3,4,0,0,2.7,3.3,2.62,2021-22,1686.56860352,1742.03063965,-55.462036130000115,0,6.0,7.0,2.0,8.0,8.0,10.0,1.0,5.0,3.0
2022-02-13,Burnley,Liverpool,0,1,A,0,1,A,8,12,5,4,5,8,7,6,0,1,0,0,10.0,5.25,1.28,2021-22,1685.37194824,1999.83862305,-314.4666748100001,2,3.0,7.0,0.0,3.0,10.0,4.0,3.0,10.0,-7.0
2022-02-13,Leicester,West Ham,2,2,D,1,1,D,13,8,2,3,5,4,10,9,1,2,0,0,2.9,3.5,2.3,2021-22,1759.66394043,1809.12854004,-49.46459961000005,1,7.0,12.0,1.0,4.0,8.0,6.0,3.0,9.0,-5.0
2022-02-13,Tottenham,Wolves,0,2,A,0,2,A,17,11,7,7,7,3,13,13,3,1,0,0,1.7,3.6,5.5,2021-22,1794.07202148,1765.7208252,28.351196280000067,2,7.0,8.0,2.0,7.0,6.0,3.0,3.0,10.0,-3.0
2022-02-15,Man United,Brighton,2,0,H,0,0,D,19,10,7,3,10,2,8,10,3,1,0,1,1.72,3.75,4.75,2021-22,1866.83862305,1753.61645508,113.2221679700001,0,8.0,5.0,2.0,9.0,8.0,5.0,2.0,9.0,0.0
2022-02-19,West Ham,Newcastle,1,1,D,1,1,D,11,14,3,3,3,7,3,7,3,3,0,0,1.7,4.0,4.75,2021-22,1812.41137695,1698.22729492,114.1840820299999,1,7.0,6.0,2.0,7.0,7.0,3.0,3.0,11.0,-4.0
2022-02-19,Arsenal,Brentford,2,1,H,0,0,D,24,6,8,2,14,0,10,5,1,1,0,0,1.44,4.2,8.0,2021-22,1866.59887695,1659.68969727,206.90917968000008,0,11.0,3.0,3.0,10.0,2.0,10.0,0.0,1.0,9.0
2022-02-19,Aston Villa,Watford,0,1,A,0,0,D,20,8,1,4,10,5,12,7,1,2,0,0,1.65,3.6,5.75,2021-22,1737.23974609,1624.51928711,112.72045897999988,2,7.0,8.0,1.0,5.0,1.0,7.0,0.0,2.0,3.0
2022-02-19,Brighton,Burnley,0,3,A,0,2,A,11,10,1,4,4,4,12,12,1,4,0,0,1.66,3.5,6.0,2021-22,1750.88342285,1686.36047363,64.5229492200001,2,5.0,5.0,1.0,6.0,2.0,5.0,0.0,3.0,3.0
2022-02-19,Crystal Palace,Chelsea,0,1,A,0,0,D,7,9,0,3,4,4,4,20,1,3,0,0,5.5,3.8,1.65,2021-22,1715.13989258,1933.94714355,-218.80725097000004,2,5.0,8.0,0.0,3.0,6.0,5.0,1.0,6.0,-3.0
2022-02-19,Liverpool,Norwich,3,1,H,0,0,D,29,6,8,1,9,4,7,8,0,1,0,0,1.1,9.0,23.0,2021-22,2012.26379395,1624.69787598,387.5659179700001,0,11.0,3.0,4.0,13.0,6.0,8.0,2.0,7.0,6.0
2022-02-19,Southampton,Everton,2,0,H,0,0,D,19,9,11,0,4,4,6,9,0,2,0,0,2.1,3.5,3.5,2021-22,1735.66955566,1710.82629395,24.84326170999998,0,10.0,8.0,2.0,8.0,7.0,9.0,1.0,3.0,5.0
2022-02-19,Man City,Tottenham,2,3,A,1,1,D,21,6,4,5,10,0,5,7,0,3,0,0,1.28,6.0,10.0,2021-22,2032.22216797,1783.30114746,248.92102051000006,2,10.0,2.0,4.0,13.0,6.0,9.0,2.0,6.0,7.0
2022-02-20,Leeds,Man United,2,4,A,0,2,A,16,15,6,9,3,3,13,19,6,3,0,0,3.9,3.8,1.85,2021-22,1726.00256348,1876.43945312,-150.43688964000012,2,9.0,10.0,2.0,7.0,8.0,3.0,3.0,11.0,-4.0
2022-02-20,Wolves,Leicester,2,1,H,1,1,D,11,17,3,7,7,10,12,9,4,4,0,0,2.25,3.3,3.25,2021-22,1783.35949707,1764.64013672,18.719360349999988,0,8.0,3.0,4.0,12.0,6.0,8.0,1.0,5.0,7.0
2022-02-23,Burnley,Tottenham,1,0,H,0,0,D,15,12,4,2,3,7,8,8,0,0,0,0,4.6,3.8,1.75,2021-22,1706.74853516,1799.10083008,-92.35229491999985,0,4.0,2.0,1.0,6.0,8.0,11.0,2.0,6.0,0.0
2022-02-23,Watford,Crystal Palace,1,4,A,1,2,A,8,7,1,5,6,4,12,9,2,1,0,0,3.1,3.3,2.3,2021-22,1637.57202148,1712.18139648,-74.609375,2,1.0,6.0,1.0,4.0,3.0,6.0,0.0,3.0,1.0
2022-02-23,Liverpool,Leeds,6,0,H,3,0,H,23,3,15,2,4,0,5,11,0,3,0,0,1.16,8.0,15.0,2021-22,2014.65148926,1719.63830566,295.01318360000005,0,12.0,2.0,5.0,15.0,8.0,13.0,1.0,4.0,11.0
2022-02-24,Arsenal,Wolves,2,1,H,0,1,A,26,6,5,2,5,4,8,9,1,1,0,0,1.65,3.8,5.5,2021-22,1870.80273438,1791.41015625,79.39257812999995,0,9.0,3.0,3.0,10.0,9.0,4.0,4.0,12.0,-2.0
2022-02-25,Southampton,Norwich,2,0,H,1,0,H,27,8,9,1,13,6,12,9,1,2,0,0,1.53,4.33,6.0,2021-22,1746.234375,1625.21069336,121.02368163999995,0,8.0,7.0,2.0,8.0,7.0,9.0,2.0,7.0,1.0
2022-02-26,Leeds,Tottenham,0,4,A,0,3,A,19,15,3,11,3,6,16,11,4,2,0,0,4.2,3.6,1.85,2021-22,1716.44189453,1790.58740234,-74.14550781000003,2,5.0,17.0,0.0,1.0,5.0,10.0,1.0,3.0,-2.0
2022-02-26,Brentford,Newcastle,0,2,A,0,2,A,6,26,1,11,6,6,9,7,3,1,1,0,2.5,3.2,3.0,2021-22,1658.87939453,1704.40161133,-45.522216800000024,2,3.0,9.0,0.0,1.0,7.0,3.0,3.0,11.0,-10.0
2022-02-26,Crystal Palace,Burnley,1,1,D,1,0,H,11,5,4,1,5,4,5,17,0,2,0,0,1.9,3.6,4.0,2021-22,1725.7199707,1716.93701172,8.782958979999876,1,6.0,6.0,1.0,5.0,5.0,2.0,2.0,8.0,-3.0
2022-02-26,Man United,Watford,0,0,D,0,0,D,22,10,3,2,4,3,2,7,0,0,0,0,1.3,5.5,9.5,2021-22,1887.29553223,1625.70825195,261.58728027999996,1,9.0,4.0,3.0,11.0,2.0,7.0,1.0,4.0,7.0
2022-02-26,Brighton,Aston Villa,0,2,A,0,1,A,12,9,1,4,7,2,17,11,4,5,0,0,2.2,3.3,3.5,2021-22,1733.39587402,1727.08752441,6.30834961000005,2,4.0,7.0,1.0,5.0,6.0,7.0,1.0,5.0,0.0
2022-02-26,Everton,Man City,0,1,A,0,0,D,6,13,2,8,3,4,7,14,3,2,0,0,10.0,5.75,1.28,2021-22,1703.99938965,2019.32287598,-315.3234863299999,2,5.0,8.0,1.0,3.0,10.0,4.0,3.0,10.0,-7.0
2022-02-27,West Ham,Wolves,1,0,H,0,0,D,13,14,4,1,3,5,8,2,1,0,0,0,2.05,3.3,3.8,2021-22,1809.97509766,1786.54333496,23.431762700000036,0,6.0,7.0,1.0,5.0,7.0,5.0,3.0,9.0,-4.0
2022-03-01,Burnley,Leicester,0,2,A,0,0,D,9,22,2,6,6,8,10,13,1,1,0,0,2.9,3.4,2.4,2021-22,1718.42932129,1761.09680176,-42.6674804700001,2,6.0,3.0,2.0,8.0,6.0,10.0,0.0,2.0,6.0
2022-03-05,Burnley,Chelsea,0,4,A,0,0,D,6,11,1,5,5,2,12,7,2,0,0,0,6.5,4.33,1.5,2021-22,1707.14489746,1943.12902832,-235.98413086000005,2,5.0,4.0,2.0,7.0,6.0,4.0,2.0,8.0,-1.0
2022-03-05,Leicester,Leeds,1,0,H,0,0,D,7,19,4,4,5,10,9,12,1,2,0,0,1.75,4.0,4.2,2021-22,1772.38122559,1702.17980957,70.2014160199999,0,6.0,7.0,1.0,5.0,5.0,20.0,0.0,1.0,4.0
2022-03-05,Norwich,Brentford,1,3,A,0,1,A,15,10,7,6,5,5,13,18,2,5,0,0,2.9,3.1,2.5,2021-22,1619.39978027,1647.59118652,-28.19140625,2,5.0,10.0,1.0,4.0,2.0,8.0,0.0,1.0,3.0
2022-03-05,Aston Villa,Southampton,4,0,H,2,0,H,14,11,9,1,4,7,10,8,1,1,0,0,2.3,3.5,3.0,2021-22,1740.63366699,1752.04528809,-11.411621100000048,0,6.0,5.0,2.0,7.0,9.0,4.0,3.0,11.0,-4.0
2022-03-05,Wolves,Crystal Palace,0,2,A,0,2,A,12,12,5,8,7,7,13,8,0,3,0,0,2.3,3.1,3.4,2021-22,1780.04663086,1724.22766113,55.81896973000016,2,5.0,5.0,2.0,6.0,6.0,4.0,1.0,6.0,0.0
2022-03-05,Liverpool,West Ham,1,0,H,1,0,H,22,13,5,5,4,6,7,7,2,1,0,0,1.28,5.75,9.5,2021-22,2019.52270508,1816.47180176,203.05090331999986,0,15.0,2.0,5.0,15.0,5.0,4.0,2.0,8.0,7.0
2022-03-05,Newcastle,Brighton,2,1,H,2,0,H,10,15,4,4,4,7,8,10,1,1,0,0,2.75,3.2,2.62,2021-22,1715.68981934,1719.84973145,-4.15991211000005,0,8.0,2.0,4.0,13.0,3.0,8.0,1.0,4.0,9.0
2022-03-06,Watford,Arsenal,2,3,A,1,2,A,13,16,7,4,1,5,5,11,1,2,0,0,6.0,4.0,1.57,2021-22,1632.7623291,1876.35852051,-243.59619141000007,2,2.0,7.0,1.0,4.0,6.0,4.0,3.0,10.0,-6.0
2022-03-06,Man City,Man United,4,1,H,2,1,H,24,5,10,2,9,3,10,14,0,1,0,0,1.4,4.75,7.5,2021-22,2021.68725586,1880.24145508,141.44580078000013,0,10.0,4.0,3.0,10.0,8.0,4.0,2.0,9.0,1.0
2022-03-07,Tottenham,Everton,5,0,H,3,0,H,14,6,7,0,5,2,15,10,2,0,0,0,1.57,3.8,5.75,2021-22,1804.8494873,1701.63500977,103.21447753000007,0,9.0,8.0,2.0,6.0,4.0,7.0,1.0,3.0,3.0
2022-03-10,Norwich,Chelsea,1,3,A,0,2,A,9,15,3,7,3,8,8,15,0,2,0,0,11.0,4.75,1.3,2021-22,1607.06762695,1950.15771484,-343.09008788999995,2,3.0,13.0,0.0,1.0,8.0,2.0,3.0,10.0,-9.0
2022-03-10,Southampton,Newcastle,1,2,A,1,1,D,14,8,5,4,12,5,6,7,1,1,0,0,2.0,3.75,3.5,2021-22,1737.39221191,1722.5189209,14.873291010000003,2,8.0,7.0,3.0,10.0,9.0,3.0,4.0,13.0,-3.0
2022-03-10,Wolves,Watford,4,0,H,2,0,H,10,9,5,0,5,2,11,10,2,2,0,0,1.75,3.6,4.5,2021-22,1764.58349609,1628.95898438,135.62451170999998,0,5.0,6.0,2.0,6.0,4.0,9.0,1.0,4.0,2.0
2022-03-10,Leeds,Aston Villa,0,3,A,0,1,A,4,15,1,9,3,5,17,11,5,3,0,0,2.7,3.5,2.5,2021-22,1696.77770996,1754.61730957,-57.83959961000005,2,2.0,18.0,0.0,0.0,9.0,5.0,2.0,7.0,-7.0
2022-03-12,Brighton,Liverpool,0,2,A,0,1,A,8,18,3,9,7,6,12,15,3,1,0,0,6.0,4.33,1.5,2021-22,1713.24975586,2020.8425293,-307.59277344,2,3.0,9.0,1.0,3.0,13.0,1.0,5.0,15.0,-12.0
2022-03-12,Brentford,Burnley,2,0,H,0,0,D,13,7,4,1,2,9,6,10,1,1,0,1,2.15,3.2,3.6,2021-22,1660.15246582,1700.34533691,-40.192871089999926,0,4.0,7.0,1.0,4.0,5.0,7.0,2.0,7.0,-3.0
2022-03-12,Man United,Tottenham,3,2,H,2,1,H,10,10,6,3,4,5,8,7,2,1,0,0,2.2,3.4,3.25,2021-22,1874.30505371,1815.51989746,58.78515625,0,8.0,7.0,2.0,8.0,12.0,5.0,3.0,9.0,-1.0
2022-03-13,Everton,Wolves,0,1,A,0,0,D,8,14,2,3,5,2,13,11,2,1,1,0,2.3,3.2,3.3,2021-22,1692.09228516,1773.65710449,-81.56481932999986,2,4.0,11.0,1.0,3.0,7.0,6.0,2.0,6.0,-3.0
2022-03-13,Leeds,Norwich,2,1,H,1,0,H,13,12,7,4,6,2,18,8,3,1,0,0,1.55,4.2,5.75,2021-22,1684.78356934,1605.09436035,79.68920899,0,2.0,18.0,0.0,0.0,3.0,15.0,0.0,0.0,0.0
2022-03-13,Chelsea,Newcastle,1,0,H,0,0,D,8,7,3,2,7,2,17,16,4,3,0,0,1.3,5.25,11.0,2021-22,1953.92822266,1732.87451172,221.05371093999997,0,11.0,2.0,4.0,13.0,8.0,3.0,4.0,13.0,0.0
2022-03-13,West Ham,Aston Villa,2,1,H,0,0,D,11,13,4,7,5,7,9,3,1,0,0,0,2.25,3.3,3.3,2021-22,1810.7635498,1768.40844727,42.35510253000007,0,5.0,4.0,2.0,8.0,9.0,2.0,3.0,9.0,-1.0
2022-03-13,Arsenal,Leicester,2,0,H,1,0,H,21,6,8,3,2,6,8,10,0,3,0,0,1.5,4.5,6.0,2021-22,1880.39099121,1784.4465332,95.94445801000006,0,8.0,4.0,4.0,13.0,6.0,6.0,2.0,7.0,6.0
2022-03-13,Southampton,Watford,1,2,A,1,2,A,13,9,7,5,11,3,8,12,3,2,0,0,1.6,4.2,5.25,2021-22,1728.83374023,1621.68237305,107.15136718000008,2,6.0,7.0,2.0,7.0,4.0,11.0,1.0,4.0,3.0
2022-03-14,Crystal Palace,Man City,0,0,D,0,0,D,7,18,1,4,2,6,6,11,3,1,0,0,10.0,5.0,1.33,2021-22,1739.92004395,2029.67016602,-289.75012206999986,1,7.0,3.0,2.0,8.0,13.0,4.0,4.0,12.0,-4.0
2022-03-16,Brighton,Tottenham,0,2,A,0,1,A,15,17,0,7,6,3,11,9,2,2,0,0,3.3,3.3,2.25,2021-22,1705.65405273,1805.99047852,-100.3364257899998,2,1.0,11.0,0.0,0.0,14.0,6.0,3.0,9.0,-9.0
2022-03-16,Arsenal,Liverpool,0,2,A,0,0,D,9,9,2,3,1,6,9,9,0,1,0,0,3.5,4.0,1.9,2021-22,1882.77490234,2020.30993652,-137.53503418000014,2,10.0,4.0,5.0,15.0,13.0,1.0,5.0,15.0,0.0
2022-03-17,Everton,Newcastle,1,0,H,0,0,D,9,17,3,6,5,7,13,11,2,1,1,0,2.4,3.25,3.1,2021-22,1681.62780762,1727.06945801,-45.44165038999995,0,3.0,9.0,1.0,3.0,7.0,4.0,3.0,10.0,-7.0
2022-03-18,Wolves,Leeds,2,3,A,2,0,H,14,15,8,6,2,5,13,14,1,4,1,0,2.1,3.5,3.4,2021-22,1782.53686523,1691.48510742,91.05175781000003,2,6.0,5.0,2.0,6.0,2.0,15.0,1.0,3.0,3.0
2022-03-19,Aston Villa,Arsenal,0,1,A,0,1,A,8,10,1,3,6,5,13,14,3,3,0,0,3.0,3.3,2.4,2021-22,1764.2824707,1880.67883301,-116.39636231000009,2,10.0,3.0,3.0,9.0,9.0,6.0,4.0,12.0,-3.0
2022-03-20,Leicester,Brentford,2,1,H,2,0,H,12,15,4,6,2,5,10,10,1,2,0,0,2.15,3.4,3.4,2021-22,1780.81164551,1673.44055176,107.37109375,0,6.0,6.0,2.0,7.0,6.0,5.0,2.0,7.0,0.0
2022-03-20,Tottenham,West Ham,3,1,H,2,1,H,17,6,4,1,5,3,7,7,0,1,0,0,1.72,3.8,4.75,2021-22,1821.14807129,1833.17919922,-12.031127930000139,0,13.0,4.0,3.0,9.0,6.0,5.0,2.0,8.0,1.0
2022-04-02,Leeds,Southampton,1,1,D,1,0,H,12,14,3,6,4,7,14,7,1,1,0,0,2.37,3.75,2.75,2021-22,1703.09423828,1718.70080566,-15.606567380000115,1,5.0,11.0,2.0,6.0,6.0,8.0,2.0,6.0,0.0
2022-04-02,Brighton,Norwich,0,0,D,0,0,D,31,6,4,0,11,2,12,11,1,1,0,0,1.5,4.0,7.0,2021-22,1701.97106934,1601.73913574,100.23193360000005,1,1.0,11.0,0.0,0.0,4.0,13.0,0.0,0.0,0.0
2022-04-02,Burnley,Man City,0,2,A,0,2,A,3,18,1,6,1,8,11,6,1,0,0,0,15.0,6.5,1.2,2021-22,1690.40368652,2025.20727539,-334.8035888699999,2,2.0,9.0,1.0,4.0,11.0,4.0,3.0,10.0,-6.0
2022-04-02,Chelsea,Brentford,1,4,A,0,0,D,21,17,8,6,12,7,11,7,0,0,0,0,1.33,5.0,10.0,2021-22,1960.76708984,1669.12451172,291.6425781199998,2,11.0,1.0,5.0,15.0,7.0,7.0,2.0,6.0,9.0
2022-04-02,Man United,Leicester,1,1,D,0,0,D,11,11,5,3,6,5,13,6,2,2,0,0,1.5,4.5,6.0,2021-22,1868.26831055,1785.12756348,83.14074707000009,1,10.0,8.0,3.0,10.0,6.0,5.0,3.0,9.0,1.0
2022-04-02,Wolves,Aston Villa,2,1,H,2,0,H,11,15,5,5,4,9,15,8,4,3,0,0,3.0,3.1,2.55,2021-22,1770.9276123,1758.2076416,12.719970699999976,0,7.0,6.0,2.0,6.0,10.0,3.0,3.0,9.0,-3.0
2022-04-02,Liverpool,Watford,2,0,H,1,0,H,20,5,3,2,9,3,9,8,1,1,0,0,1.12,9.5,17.0,2021-22,2033.88061523,1635.16162109,398.7189941400002,0,14.0,1.0,5.0,15.0,5.0,12.0,1.0,4.0,11.0
2022-04-03,West Ham,Everton,2,1,H,1,0,H,11,13,5,2,2,4,9,12,1,1,0,1,1.75,3.8,4.5,2021-22,1823.10437012,1694.70178223,128.40258789000018,0,5.0,6.0,2.0,7.0,1.0,9.0,1.0,3.0,4.0
2022-04-03,Tottenham,Newcastle,5,1,H,1,1,D,19,8,6,1,2,3,10,7,2,3,0,0,1.5,4.33,6.5,2021-22,1831.22290039,1723.85766602,107.36523437000005,0,16.0,4.0,4.0,12.0,6.0,4.0,3.0,9.0,3.0
2022-04-04,Crystal Palace,Arsenal,3,0,H,2,0,H,6,12,5,3,0,2,11,15,0,2,0,0,4.0,3.4,1.95,2021-22,1747.72912598,1886.75354004,-139.02441406000003,0,7.0,3.0,2.0,8.0,8.0,5.0,4.0,12.0,-4.0
2022-04-06,Burnley,Everton,3,2,H,1,2,A,13,16,4,4,9,6,11,16,2,2,0,0,2.62,3.1,2.87,2021-22,1687.34375,1690.61096191,-3.2672119100000145,0,1.0,11.0,0.0,1.0,2.0,9.0,1.0,3.0,-2.0
2022-04-08,Newcastle,Wolves,1,0,H,0,0,D,12,5,4,2,1,2,6,13,1,1,0,0,2.25,3.1,3.4,2021-22,1712.71411133,1775.46960449,-62.755493160000015,0,5.0,9.0,2.0,6.0,9.0,6.0,3.0,9.0,-3.0
2022-04-09,Everton,Man United,1,0,H,1,0,H,7,12,3,4,5,7,4,10,2,2,0,0,4.6,3.75,1.75,2021-22,1679.72021484,1861.04089355,-181.32067871000004,0,4.0,11.0,1.0,3.0,9.0,9.0,2.0,8.0,-5.0
2022-04-09,Arsenal,Brighton,1,2,A,0,1,A,20,8,4,3,11,2,12,19,3,4,0,0,1.61,3.8,5.75,2021-22,1864.55639648,1694.31787109,170.23852539000018,2,6.0,7.0,3.0,9.0,1.0,8.0,0.0,1.0,8.0
2022-04-09,Southampton,Chelsea,0,6,A,0,4,A,4,24,1,14,3,3,11,10,1,0,0,0,3.8,3.6,1.95,2021-22,1715.67370605,1919.13830566,-203.46459961000005,2,5.0,9.0,1.0,4.0,10.0,5.0,4.0,12.0,-8.0
2022-04-09,Watford,Leeds,0,3,A,0,1,A,8,10,1,5,3,8,8,12,2,0,0,0,2.7,3.4,2.55,2021-22,1630.06787109,1698.56311035,-68.49523926000006,2,4.0,10.0,1.0,4.0,6.0,8.0,2.0,7.0,-3.0
2022-04-09,Aston Villa,Tottenham,0,4,A,0,1,A,9,11,8,5,9,3,12,14,2,3,0,0,3.2,3.4,2.25,2021-22,1747.67687988,1836.37756348,-88.70068360000005,2,9.0,5.0,2.0,6.0,17.0,5.0,4.0,12.0,-6.0
2022-04-10,Leicester,Crystal Palace,2,1,H,2,0,H,12,11,3,3,3,4,11,12,1,1,0,0,2.37,3.3,2.9,2021-22,1782.32067871,1762.36816406,19.952514650000012,0,6.0,4.0,3.0,10.0,10.0,2.0,3.0,11.0,-1.0
2022-04-10,Brentford,West Ham,2,0,H,0,0,D,15,5,7,1,4,6,2,6,0,1,0,0,2.62,3.3,2.62,2021-22,1692.33508301,1820.76696777,-128.43188476,0,10.0,6.0,3.0,9.0,6.0,6.0,3.0,9.0,0.0
2022-04-10,Man City,Liverpool,2,2,D,2,1,H,11,6,5,4,4,1,9,11,1,4,0,0,2.0,3.75,3.5,2021-22,2026.12304688,2033.44763184,-7.324584960000038,1,9.0,4.0,3.0,10.0,13.0,0.0,5.0,15.0,-5.0
2022-04-10,Norwich,Burnley,2,0,H,1,0,H,17,18,6,4,6,7,12,10,1,1,0,0,2.87,3.2,2.55,2021-22,1601.83422852,1690.67626953,-88.84204101,0,3.0,10.0,0.0,1.0,3.0,12.0,1.0,3.0,-2.0
2022-04-16,Tottenham,Brighton,0,1,A,0,0,D,5,12,0,5,4,4,14,10,3,3,0,0,1.53,4.0,6.5,2021-22,1859.45861816,1717.14172363,142.31689453000013,2,16.0,5.0,4.0,12.0,3.0,7.0,1.0,4.0,8.0
2022-04-16,Man United,Norwich,3,2,H,2,1,H,20,15,9,4,6,7,7,6,0,0,0,0,1.25,6.5,10.0,2021-22,1859.09790039,1624.57824707,234.51965331999986,0,5.0,8.0,1.0,5.0,5.0,8.0,1.0,4.0,1.0
2022-04-16,Southampton,Arsenal,1,0,H,1,0,H,9,23,3,6,6,8,6,6,2,1,0,0,3.8,3.6,1.95,2021-22,1714.90686035,1860.63537598,-145.72851562999995,0,3.0,15.0,0.0,1.0,4.0,7.0,2.0,6.0,-5.0
2022-04-16,Watford,Brentford,1,2,A,0,1,A,17,16,4,5,6,5,11,9,2,1,0,0,2.7,3.3,2.55,2021-22,1626.79089355,1716.36096191,-89.57006836000005,2,4.0,13.0,1.0,3.0,12.0,4.0,4.0,12.0,-9.0
2022-04-17,Newcastle,Leicester,2,1,H,1,1,D,16,8,7,2,3,5,10,10,2,2,0,0,2.2,3.4,3.3,2021-22,1729.22839355,1809.32214355,-80.09375,0,4.0,8.0,2.0,6.0,6.0,5.0,3.0,10.0,-4.0
2022-04-17,West Ham,Burnley,1,1,D,0,1,A,21,9,8,1,13,4,9,10,2,2,0,0,1.7,3.8,5.0,2021-22,1830.6619873,1686.83508301,143.8269042899999,1,5.0,8.0,2.0,6.0,3.0,12.0,1.0,3.0,3.0
2022-04-19,Liverpool,Man United,4,0,H,2,0,H,14,2,5,1,10,2,3,6,1,2,0,0,1.4,5.0,7.0,2021-22,2044.28393555,1861.46618652,182.81774902999996,0,9.0,2.0,4.0,13.0,8.0,10.0,2.0,7.0,6.0
2022-04-20,Newcastle,Crystal Palace,1,0,H,1,0,H,13,10,4,2,2,5,12,12,1,1,0,0,2.25,3.4,3.25,2021-22,1738.20556641,1765.34924316,-27.14367674999994,0,4.0,8.0,2.0,6.0,7.0,3.0,2.0,8.0,-2.0
2022-04-20,Man City,Brighton,3,0,H,0,0,D,17,2,5,1,7,4,12,7,0,3,0,0,1.16,7.0,17.0,2021-22,2037.50024414,1729.86242676,307.6378173799999,0,9.0,3.0,3.0,11.0,3.0,5.0,2.0,7.0,4.0
2022-04-20,Chelsea,Arsenal,2,4,A,2,2,D,11,14,2,4,6,1,7,6,3,1,0,0,1.83,3.6,4.33,2021-22,1940.49230957,1849.97399902,90.51831055000002,2,15.0,5.0,4.0,12.0,2.0,8.0,1.0,3.0,9.0
2022-04-20,Everton,Leicester,1,1,D,0,1,A,13,11,3,3,5,4,8,17,3,1,0,0,2.25,3.4,3.25,2021-22,1700.56591797,1800.3449707,-99.77905272999988,1,5.0,6.0,2.0,6.0,6.0,7.0,2.0,7.0,-1.0
2022-04-21,Burnley,Southampton,2,0,H,2,0,H,16,11,6,3,10,10,7,7,2,2,0,0,2.75,3.25,2.62,2021-22,1691.70629883,1725.5682373,-33.86193847000004,0,4.0,9.0,1.0,4.0,4.0,11.0,1.0,4.0,0.0
2022-04-23,Man City,Watford,5,1,H,3,1,H,21,5,8,2,11,4,9,7,1,0,0,0,1.1,10.0,26.0,2021-22,2040.34863281,1619.90209961,420.4465332,0,11.0,3.0,3.0,11.0,3.0,12.0,1.0,3.0,8.0
2022-04-23,Leicester,Aston Villa,0,0,D,0,0,D,5,11,2,3,7,6,15,16,3,2,0,0,2.8,3.4,2.5,2021-22,1798.67346191,1743.49853516,55.17492674999994,1,7.0,6.0,2.0,8.0,5.0,9.0,1.0,3.0,5.0
2022-04-23,Brentford,Tottenham,0,0,D,0,0,D,15,9,2,0,12,8,8,7,2,1,0,0,4.33,3.5,1.85,2021-22,1723.24963379,1846.73791504,-123.48828125,1,11.0,4.0,4.0,12.0,14.0,3.0,4.0,12.0,0.0
2022-04-23,Norwich,Newcastle,0,3,A,0,2,A,5,13,2,7,2,3,11,10,0,2,0,0,3.5,3.3,2.15,2021-22,1622.20996094,1745.89331055,-123.68334961000005,2,6.0,8.0,1.0,4.0,5.0,7.0,3.0,9.0,-5.0
2022-04-23,Arsenal,Man United,3,1,H,2,1,H,14,14,7,5,1,7,9,12,3,4,0,0,2.05,3.5,3.5,2021-22,1866.10681152,1855.3059082,10.800903320000089,0,6.0,8.0,2.0,6.0,7.0,10.0,2.0,7.0,-1.0
2022-04-24,Brighton,Southampton,2,2,D,2,1,H,8,18,5,5,6,6,12,7,1,0,0,0,2.1,3.4,3.6,2021-22,1727.01403809,1714.2935791,12.720458989999997,1,3.0,6.0,2.0,7.0,3.0,11.0,1.0,4.0,3.0
2022-04-24,Burnley,Wolves,1,0,H,0,0,D,14,10,5,4,3,6,8,7,3,1,0,0,2.7,3.0,2.87,2021-22,1702.98083496,1774.71960449,-71.7387695299999,0,6.0,7.0,2.0,7.0,9.0,5.0,3.0,9.0,-2.0
2022-04-24,Chelsea,West Ham,1,0,H,0,0,D,26,6,5,2,3,1,11,9,1,0,0,1,1.5,4.33,6.5,2021-22,1924.35949707,1825.79077148,98.56872558999999,0,13.0,9.0,3.0,9.0,6.0,8.0,2.0,7.0,2.0
2022-04-24,Liverpool,Everton,2,0,H,0,0,D,18,9,4,1,13,1,8,8,2,5,0,0,1.18,7.0,15.0,2021-22,2050.44433594,1702.23754883,348.2067871100003,0,12.0,2.0,4.0,13.0,6.0,6.0,2.0,7.0,6.0
2022-04-25,Crystal Palace,Leeds,0,0,D,0,0,D,17,9,7,2,6,3,12,13,2,2,0,0,2.05,3.5,3.5,2021-22,1757.66149902,1720.74291992,36.91857909999999,1,6.0,3.0,2.0,7.0,9.0,7.0,3.0,10.0,-3.0
2022-04-28,Man United,Chelsea,1,1,D,0,0,D,6,21,3,6,2,9,9,12,0,1,0,0,3.2,3.4,2.25,2021-22,1846.80895996,1929.78869629,-82.97973632999992,1,5.0,11.0,1.0,4.0,11.0,8.0,3.0,9.0,-5.0
2022-04-30,Aston Villa,Norwich,2,0,H,1,0,H,21,9,6,3,2,3,16,8,4,1,0,0,1.4,4.5,9.0,2021-22,1744.48083496,1610.22680664,134.2540283200001,0,2.0,9.0,0.0,1.0,5.0,8.0,1.0,4.0,-3.0
2022-04-30,Southampton,Crystal Palace,1,2,A,1,0,H,8,14,3,5,6,7,13,11,1,3,0,0,2.4,3.3,3.1,2021-22,1714.11486816,1753.65356445,-39.53869628999996,2,4.0,11.0,1.0,5.0,4.0,3.0,1.0,5.0,0.0
2022-04-30,Newcastle,Liverpool,0,1,A,0,1,A,4,24,2,10,0,6,11,11,1,3,0,0,8.5,5.0,1.36,2021-22,1754.38903809,2052.93139648,-298.5423583899999,2,8.0,6.0,4.0,12.0,12.0,2.0,4.0,13.0,-1.0
2022-04-30,Wolves,Brighton,0,3,A,0,1,A,11,17,1,9,7,3,6,4,2,1,0,0,2.7,3.2,2.75,2021-22,1763.9230957,1723.70544434,40.21765135999999,2,5.0,6.0,2.0,6.0,5.0,6.0,2.0,8.0,-2.0
2022-04-30,Leeds,Man City,0,4,A,0,1,A,7,19,2,6,3,6,13,3,1,2,0,0,8.5,6.0,1.3,2021-22,1721.26342773,2043.05847168,-321.7950439499998,2,9.0,4.0,3.0,11.0,12.0,3.0,3.0,11.0,0.0
2022-04-30,Watford,Burnley,1,2,A,1,0,H,13,17,1,6,5,6,13,9,1,2,0,0,2.6,3.3,2.75,2021-22,1616.51416016,1710.28991699,-93.77575682999986,2,4.0,13.0,1.0,3.0,7.0,5.0,3.0,10.0,-7.0
2022-05-01,Everton,Chelsea,1,0,H,0,0,D,9,17,4,5,3,8,9,12,3,5,0,0,5.0,3.6,1.75,2021-22,1698.7454834,1925.98266602,-227.23718261999988,0,5.0,8.0,1.0,4.0,11.0,9.0,2.0,7.0,-3.0
2022-05-01,Tottenham,Leicester,3,1,H,1,0,H,13,6,7,2,7,3,13,8,2,3,0,0,1.44,4.75,7.0,2021-22,1842.69067383,1791.86010742,50.83056640999985,0,12.0,3.0,3.0,10.0,5.0,5.0,1.0,6.0,4.0
2022-05-01,West Ham,Arsenal,1,2,A,1,1,D,8,13,3,7,3,7,8,9,2,2,0,0,4.33,3.8,1.8,2021-22,1810.74462891,1873.71630859,-62.97167967999985,2,4.0,8.0,1.0,4.0,8.0,9.0,2.0,6.0,-2.0
2022-05-02,Man United,Brentford,3,0,H,1,0,H,9,12,5,4,3,8,4,6,1,0,0,0,1.72,4.0,4.5,2021-22,1845.41491699,1723.80944824,121.60546875,0,5.0,11.0,1.0,4.0,9.0,4.0,3.0,10.0,-6.0
2022-05-07,Brentford,Southampton,3,0,H,2,0,H,18,19,5,4,4,7,12,9,0,1,0,0,2.15,3.5,3.3,2021-22,1706.59399414,1696.07214355,10.521850589999985,0,8.0,5.0,3.0,10.0,4.0,12.0,1.0,4.0,6.0
2022-05-07,Burnley,Aston Villa,1,3,A,0,2,A,14,12,6,7,4,5,13,11,1,2,0,0,3.0,3.3,2.4,2021-22,1707.14941406,1740.09692383,-32.9475097699999,2,6.0,4.0,3.0,10.0,3.0,7.0,1.0,4.0,6.0
2022-05-07,Chelsea,Wolves,2,2,D,0,0,D,19,14,6,4,9,3,7,11,1,3,0,0,1.33,5.0,9.5,2021-22,1903.19360352,1735.95349121,167.24011230999986,1,10.0,6.0,2.0,7.0,4.0,9.0,1.0,3.0,4.0
2022-05-07,Crystal Palace,Watford,1,0,H,1,0,H,15,6,7,1,8,5,11,18,2,1,0,1,1.65,4.0,5.0,2021-22,1751.76672363,1599.72509766,152.0416259699998,0,6.0,4.0,2.0,7.0,3.0,14.0,0.0,0.0,7.0
2022-05-07,Brighton,Man United,4,0,H,1,0,H,17,15,6,5,7,6,13,9,0,2,0,0,2.8,3.5,2.45,2021-22,1731.74572754,1842.70092773,-110.95520019000014,0,8.0,6.0,3.0,10.0,8.0,10.0,2.0,7.0,3.0
2022-05-07,Liverpool,Tottenham,1,1,D,0,0,D,22,8,3,3,11,5,12,8,3,2,0,0,1.4,5.0,7.0,2021-22,2047.53295898,1840.69580078,206.8371582000002,1,11.0,2.0,4.0,13.0,12.0,3.0,3.0,10.0,3.0
2022-05-08,Leicester,Everton,1,2,A,1,2,A,16,10,9,4,6,1,11,6,3,0,0,0,2.6,3.3,2.75,2021-22,1764.68908691,1701.60522461,63.083862299999964,2,5.0,7.0,1.0,5.0,5.0,6.0,2.0,7.0,-2.0
2022-05-08,Arsenal,Leeds,2,1,H,2,0,H,19,3,9,2,8,2,13,15,2,2,0,1,1.45,4.5,7.0,2021-22,1871.09802246,1706.90576172,164.19226073999994,0,10.0,7.0,3.0,9.0,7.0,7.0,2.0,8.0,1.0
2022-05-08,Man City,Newcastle,5,0,H,2,0,H,21,7,9,3,8,2,6,11,1,3,0,0,1.16,7.0,17.0,2021-22,2021.66430664,1741.84997559,279.81433104999996,0,16.0,3.0,4.0,13.0,7.0,2.0,4.0,12.0,1.0
2022-05-08,Norwich,West Ham,0,4,A,0,3,A,8,13,2,5,9,5,7,7,1,1,0,0,4.5,3.8,1.75,2021-22,1594.68139648,1783.48132324,-188.79992675999983,2,4.0,8.0,1.0,4.0,4.0,7.0,1.0,4.0,0.0
2022-05-10,Aston Villa,Liverpool,1,2,A,1,1,D,9,17,4,6,2,3,10,12,0,0,0,0,7.5,4.75,1.4,2021-22,1752.03063965,2041.42504883,-289.3944091799999,2,6.0,7.0,2.0,7.0,10.0,3.0,3.0,11.0,-4.0
2022-05-11,Leeds,Chelsea,0,3,A,0,1,A,5,17,0,4,1,5,10,14,1,0,1,0,4.75,4.2,1.65,2021-22,1703.63513184,1897.85009766,-194.2149658200001,2,5.0,7.0,1.0,5.0,6.0,8.0,1.0,5.0,0.0
2022-05-11,Leicester,Norwich,3,0,H,0,0,D,20,9,8,5,10,2,10,5,0,0,0,0,1.44,4.75,7.0,2021-22,1753.85412598,1585.60180664,168.25231933999999,0,4.0,8.0,0.0,2.0,4.0,12.0,1.0,3.0,-1.0
2022-05-11,Watford,Everton,0,0,D,0,0,D,6,16,0,5,1,13,5,12,1,2,0,0,4.2,3.6,1.83,2021-22,1596.06213379,1712.44006348,-116.37792968999997,1,3.0,13.0,0.0,0.0,5.0,4.0,3.0,10.0,-10.0
2022-05-11,Wolves,Man City,1,5,A,1,3,A,7,16,3,5,6,2,2,10,0,1,0,0,11.0,6.0,1.25,2021-22,1741.29699707,2025.72241211,-284.42541503999996,2,4.0,8.0,1.0,4.0,19.0,3.0,4.0,13.0,-9.0
2022-05-12,Tottenham,Arsenal,3,0,H,2,0,H,16,8,6,4,2,2,8,15,1,3,0,1,2.05,3.75,3.5,2021-22,1846.80371094,1874.36853027,-27.56481933000009,0,8.0,3.0,2.0,8.0,11.0,6.0,4.0,12.0,-4.0
2022-05-15,Aston Villa,Crystal Palace,1,1,D,0,0,D,13,16,4,4,1,5,11,15,1,3,0,0,2.0,3.5,3.75,2021-22,1749.28833008,1755.42980957,-6.141479490000165,1,6.0,7.0,2.0,7.0,4.0,4.0,2.0,7.0,0.0
2022-05-15,Tottenham,Burnley,1,0,H,1,0,H,21,8,8,1,8,2,12,8,3,2,0,0,1.33,5.25,9.0,2021-22,1859.87341309,1695.21557617,164.6578369199999,0,7.0,3.0,2.0,8.0,7.0,5.0,3.0,10.0,-2.0
2022-05-15,Everton,Brentford,2,3,A,2,1,H,10,18,5,7,5,2,8,8,0,3,2,0,2.05,3.6,3.5,2021-22,1710.3782959,1718.07531738,-7.697021479999876,2,4.0,4.0,2.0,8.0,7.0,4.0,3.0,10.0,-2.0
2022-05-15,Leeds,Brighton,1,1,D,0,1,A,19,16,5,6,8,1,16,8,3,2,0,0,2.62,3.5,2.62,2021-22,1696.18994141,1751.83300781,-55.64306639999995,1,4.0,9.0,1.0,4.0,10.0,5.0,3.0,10.0,-6.0
2022-05-15,Wolves,Norwich,1,1,D,0,1,A,17,11,4,2,5,3,5,10,0,3,0,0,1.45,4.75,6.5,2021-22,1735.5267334,1579.94628906,155.58044433999999,1,3.0,12.0,0.0,1.0,2.0,15.0,0.0,0.0,1.0
2022-05-15,West Ham,Man City,2,2,D,2,0,H,6,31,2,8,4,9,9,5,3,1,0,0,7.5,5.0,1.4,2021-22,1792.56091309,2031.49267578,-238.9317626899999,1,6.0,6.0,1.0,4.0,22.0,2.0,5.0,15.0,-11.0
2022-05-15,Watford,Leicester,1,5,A,1,2,A,13,13,5,7,7,3,4,6,0,1,0,0,3.8,3.5,1.95,2021-22,1598.12390137,1759.50952148,-161.38562011,2,3.0,10.0,0.0,1.0,6.0,6.0,1.0,5.0,-4.0
2022-05-16,Newcastle,Arsenal,2,0,H,0,0,D,16,11,4,2,12,8,11,8,0,3,0,0,4.33,3.6,1.83,2021-22,1737.79187012,1861.2989502,-123.50708007999992,0,6.0,7.0,3.0,9.0,11.0,8.0,4.0,12.0,-3.0
2022-05-17,Southampton,Liverpool,1,2,A,1,1,D,4,24,2,5,1,9,6,6,2,0,0,0,7.5,5.5,1.33,2021-22,1684.59069824,2044.1673584,-359.5766601600001,2,4.0,9.0,1.0,4.0,10.0,2.0,4.0,13.0,-9.0
2022-05-19,Everton,Crystal Palace,3,2,H,0,2,A,12,7,6,5,4,5,9,13,2,3,0,0,1.9,3.4,4.33,2021-22,1701.28234863,1756.50231934,-55.2199707100001,0,5.0,6.0,2.0,7.0,4.0,3.0,2.0,8.0,-1.0
2022-05-19,Aston Villa,Burnley,1,1,D,0,1,A,22,10,9,5,13,6,11,20,0,1,0,1,2.05,3.5,3.6,2021-22,1748.21594238,1691.84558105,56.37036132999992,1,7.0,4.0,2.0,8.0,6.0,5.0,3.0,9.0,-1.0
2022-05-19,Chelsea,Leicester,1,1,D,1,1,D,20,2,7,1,6,0,13,7,4,1,0,0,1.4,4.75,8.0,2021-22,1905.29528809,1769.60961914,135.68566895000004,1,7.0,4.0,2.0,8.0,10.0,6.0,2.0,7.0,1.0
2022-05-22,Chelsea,Watford,2,1,H,1,0,H,19,8,8,3,3,3,9,9,0,0,0,0,1.18,7.5,15.0,2021-22,1900.56335449,1588.02380371,312.5395507799999,0,7.0,5.0,1.0,6.0,3.0,13.0,0.0,1.0,5.0
2022-05-22,Arsenal,Everton,5,1,H,2,1,H,26,6,9,2,12,2,8,9,0,1,0,0,1.36,4.75,9.0,2021-22,1846.86962891,1709.68261719,137.1870117200001,0,7.0,8.0,3.0,9.0,8.0,6.0,3.0,10.0,-1.0
2022-05-22,Brighton,West Ham,3,1,H,0,1,A,18,7,7,2,5,6,9,9,1,1,0,0,2.37,3.5,2.9,2021-22,1751.48498535,1797.65820312,-46.173217770000065,0,10.0,6.0,2.0,8.0,8.0,6.0,1.0,5.0,3.0
2022-05-22,Burnley,Newcastle,1,2,A,0,1,A,12,8,5,6,8,2,8,9,1,0,0,0,2.25,3.4,3.2,2021-22,1694.62890625,1752.22119141,-57.592285160000074,2,5.0,6.0,2.0,7.0,6.0,6.0,3.0,9.0,-2.0
2022-05-22,Brentford,Leeds,1,2,A,0,0,D,14,14,5,6,3,2,11,13,2,1,1,0,2.45,3.8,2.62,2021-22,1727.17126465,1696.53796387,30.6333007799999,2,8.0,6.0,3.0,10.0,2.0,10.0,0.0,2.0,8.0
2022-05-22,Crystal Palace,Man United,1,0,H,1,0,H,6,10,3,4,3,6,12,22,2,4,0,0,3.0,3.6,2.25,2021-22,1748.10205078,1822.61364746,-74.51159668000014,0,6.0,5.0,2.0,8.0,5.0,12.0,1.0,4.0,4.0
2022-05-22,Leicester,Southampton,4,1,H,0,0,D,12,7,6,2,3,3,10,5,0,1,0,0,1.85,4.0,3.8,2021-22,1774.34155273,1682.77697754,91.56457519000014,0,11.0,7.0,2.0,7.0,4.0,11.0,0.0,1.0,6.0
2022-05-22,Man City,Aston Villa,3,2,H,0,1,A,24,4,5,2,13,1,5,11,0,1,0,0,1.16,8.0,17.0,2021-22,2026.39538574,1745.43249512,280.9628906199998,0,21.0,4.0,4.0,13.0,8.0,5.0,2.0,8.0,5.0
2022-05-22,Norwich,Tottenham,0,5,A,0,2,A,9,19,0,13,3,2,13,7,3,1,0,0,9.5,6.5,1.25,2021-22,1585.1229248,1863.24353027,-278.1206054700001,2,1.0,13.0,0.0,1.0,8.0,2.0,3.0,11.0,-10.0
2022-05-22,Liverpool,Wolves,3,1,H,1,1,D,29,7,8,5,5,3,6,3,1,0,0,0,1.14,8.5,15.0,2021-22,2045.98120117,1730.35021973,315.63098144000014,0,8.0,3.0,4.0,13.0,4.0,12.0,0.0,2.0,11.0
2022-08-05,Crystal Palace,Arsenal,0,2,A,0,1,A,10,10,2,2,3,5,16,11,1,2,0,0,4.2,3.6,1.85,2022-23,1753.90112305,1851.4576416,-97.55651854999996,2,7.0,5.0,3.0,10.0,9.0,8.0,3.0,9.0,1.0
2022-08-06,Bournemouth,Aston Villa,2,0,H,1,0,H,7,15,3,2,5,5,18,16,3,3,0,0,3.75,3.5,2.0,2022-23,1630.36547852,1740.57543945,-110.20996093000008,0,0.0,0.0,0.0,0.0,8.0,8.0,1.0,5.0,0.0
2022-08-06,Fulham,Liverpool,2,2,D,1,0,H,9,11,3,4,4,4,7,9,2,0,0,0,11.0,6.0,1.25,2022-23,1636.00439453,2035.03369141,-399.0292968800002,1,2.0,10.0,0.0,1.0,9.0,4.0,4.0,13.0,-12.0
2022-08-06,Leeds,Wolves,2,1,H,1,1,D,12,15,4,6,6,4,13,9,2,0,0,0,2.25,3.4,3.2,2022-23,1703.2824707,1725.1184082,-21.8359375,0,4.0,11.0,1.0,4.0,5.0,14.0,0.0,2.0,2.0
2022-08-06,Newcastle,Nott'm Forest,2,0,H,0,0,D,23,5,10,0,11,1,9,14,0,3,0,0,1.66,3.8,5.25,2022-23,1756.95495605,1612.11743164,144.83752441000001,0,7.0,7.0,3.0,9.0,0.0,0.0,0.0,0.0,0.0
2022-08-06,Everton,Chelsea,0,1,A,0,1,A,8,15,4,6,4,16,14,11,3,2,0,0,5.5,4.0,1.61,2022-23,1698.97583008,1899.04138184,-200.06555176000006,2,8.0,11.0,2.0,7.0,8.0,5.0,2.0,8.0,-1.0
2022-08-06,Tottenham,Southampton,4,1,H,2,1,H,18,10,8,2,10,2,11,6,3,0,0,0,1.33,5.5,8.5,2022-23,1866.62145996,1671.66308594,194.95837402000006,0,13.0,2.0,4.0,13.0,5.0,13.0,0.0,1.0,12.0
2022-08-07,Leicester,Brentford,2,2,D,1,0,H,14,8,5,3,5,6,6,5,0,0,0,0,2.0,3.75,3.5,2022-23,1779.33666992,1714.30810547,65.02856444999998,1,14.0,5.0,3.0,10.0,7.0,7.0,2.0,7.0,3.0
2022-08-07,Man United,Brighton,1,2,A,0,2,A,17,15,5,4,6,2,7,12,4,1,0,0,1.6,4.2,5.25,2022-23,1810.69580078,1760.09667969,50.599121089999926,2,5.0,9.0,1.0,4.0,13.0,4.0,3.0,11.0,-7.0
2022-08-07,West Ham,Man City,0,2,A,0,1,A,6,14,1,2,1,4,8,4,0,1,0,0,8.0,5.0,1.36,2022-23,1782.92785645,2025.13366699,-242.2058105399999,2,8.0,8.0,1.0,4.0,19.0,5.0,4.0,13.0,-9.0
2022-08-13,Arsenal,Leicester,4,2,H,2,0,H,19,6,7,2,6,2,15,9,1,1,0,0,1.53,4.33,5.75,2022-23,1861.01391602,1776.17578125,84.8381347699999,0,9.0,7.0,3.0,9.0,15.0,5.0,3.0,11.0,-2.0
2022-08-13,Aston Villa,Everton,2,1,H,1,0,H,12,15,4,4,5,8,9,7,4,1,0,0,1.8,3.5,4.75,2022-23,1726.95800781,1694.67810059,32.27990722000004,0,5.0,9.0,0.0,2.0,6.0,11.0,1.0,4.0,-2.0
2022-08-13,Man City,Bournemouth,4,0,H,3,0,H,19,3,7,1,11,1,9,9,0,3,0,0,1.06,13.0,29.0,2022-23,2030.11157227,1643.98291016,386.1286621099998,0,17.0,5.0,4.0,13.0,2.0,0.0,1.0,3.0,10.0
2022-08-13,Southampton,Leeds,2,2,D,0,0,D,14,13,4,5,2,5,10,12,1,3,0,0,2.25,3.5,3.1,2022-23,1666.89074707,1710.66625977,-43.77551269999981,1,4.0,15.0,0.0,0.0,6.0,8.0,2.0,7.0,-7.0
2022-08-13,Brighton,Newcastle,0,0,D,0,0,D,13,4,7,1,7,3,8,6,2,3,0,0,2.45,3.2,3.0,2022-23,1770.77905273,1762.18933105,8.589721680000139,1,13.0,3.0,4.0,13.0,6.0,7.0,3.0,9.0,4.0
2022-08-13,Brentford,Man United,4,0,H,4,0,H,13,15,7,4,8,2,6,15,0,4,0,0,3.75,3.5,2.0,2022-23,1717.46911621,1800.01342773,-82.54431152000006,0,9.0,9.0,2.0,7.0,5.0,8.0,1.0,4.0,3.0
2022-08-13,Wolves,Fulham,0,0,D,0,0,D,7,9,1,3,5,3,7,14,3,3,0,0,2.3,3.3,3.2,2022-23,1717.73461914,1643.68127441,74.05334472999994,1,6.0,13.0,0.0,2.0,4.0,10.0,0.0,2.0,0.0
2022-08-14,Nott'm Forest,West Ham,1,0,H,1,0,H,13,19,6,5,6,7,10,11,4,1,0,0,4.2,3.6,1.85,2022-23,1606.88305664,1777.94995117,-171.06689453000013,0,0.0,2.0,0.0,0.0,8.0,9.0,1.0,4.0,-4.0
2022-08-14,Chelsea,Tottenham,2,2,D,1,0,H,16,10,3,5,8,5,9,9,3,0,0,0,2.25,3.4,3.2,2022-23,1903.33911133,1871.39379883,31.9453125,1,9.0,4.0,3.0,11.0,14.0,2.0,4.0,13.0,-2.0
2022-08-15,Liverpool,Crystal Palace,1,1,D,0,1,A,24,7,4,3,4,2,7,8,2,4,1,0,1.18,6.75,16.0,2022-23,2027.35693359,1744.34484863,283.01208496000004,1,10.0,6.0,3.0,11.0,5.0,6.0,2.0,7.0,4.0
2022-08-20,Tottenham,Wolves,1,0,H,0,0,D,11,20,4,3,8,6,10,8,2,2,0,0,1.4,4.75,7.5,2022-23,1874.02563477,1714.62683105,159.39880371999993,0,15.0,3.0,4.0,13.0,4.0,11.0,0.0,2.0,11.0
2022-08-20,Crystal Palace,Aston Villa,3,1,H,1,1,D,17,13,9,5,4,2,16,14,2,1,0,0,2.5,3.25,2.9,2022-23,1752.08728027,1733.14367676,18.943603510000003,0,5.0,7.0,1.0,5.0,6.0,8.0,1.0,5.0,0.0
2022-08-20,Everton,Nott'm Forest,1,1,D,0,0,D,19,14,8,5,6,2,6,9,3,2,0,0,1.9,3.6,4.0,2022-23,1689.02844238,1618.4239502,70.60449217999985,1,7.0,13.0,1.0,3.0,1.0,2.0,1.0,3.0,0.0
2022-08-20,Fulham,Brentford,3,2,H,2,1,H,18,13,9,5,6,3,13,7,3,2,0,0,2.45,3.4,2.9,2022-23,1647.32495117,1735.64953613,-88.32458495999981,0,4.0,8.0,0.0,3.0,13.0,6.0,3.0,10.0,-7.0
2022-08-20,Leicester,Southampton,1,2,A,0,0,D,6,9,1,3,2,5,11,15,2,3,0,0,1.83,4.0,4.0,2022-23,1769.77258301,1667.03662109,102.73596192000014,2,14.0,9.0,2.0,8.0,5.0,15.0,0.0,1.0,7.0
2022-08-20,Bournemouth,Arsenal,0,3,A,0,2,A,6,14,1,6,3,4,12,10,2,1,0,0,8.0,4.75,1.4,2022-23,1642.36486816,1867.953125,-225.58825683999999,2,2.0,4.0,1.0,3.0,11.0,8.0,3.0,9.0,-6.0
2022-08-21,Leeds,Chelsea,3,0,H,2,0,H,12,14,6,3,4,6,16,15,0,1,0,1,5.75,4.5,1.53,2022-23,1711.05639648,1901.24328613,-190.18688964999978,0,7.0,8.0,2.0,8.0,9.0,4.0,3.0,11.0,-3.0
2022-08-21,West Ham,Brighton,0,2,A,0,1,A,13,11,3,2,5,4,10,7,2,0,0,0,2.3,3.4,3.1,2022-23,1767.79309082,1769.43200684,-1.638916019999897,2,7.0,8.0,1.0,4.0,10.0,3.0,3.0,11.0,-7.0
2022-08-21,Newcastle,Man City,3,3,D,2,1,H,12,21,6,10,5,5,14,7,4,2,0,0,7.5,5.0,1.36,2022-23,1764.0723877,2032.26574707,-268.19335937000005,1,6.0,6.0,3.0,10.0,16.0,5.0,4.0,13.0,-3.0
2022-08-22,Man United,Liverpool,2,1,H,1,0,H,12,17,4,5,6,8,11,7,3,1,0,0,5.25,4.33,1.6,2022-23,1782.36901855,2020.15039062,-237.7813720700001,0,4.0,11.0,1.0,3.0,10.0,6.0,3.0,11.0,-8.0
2022-08-27,Southampton,Man United,0,1,A,0,0,D,17,11,5,6,5,3,4,14,0,3,0,0,4.2,4.0,1.8,2022-23,1679.32019043,1795.38769531,-116.06750488000012,2,7.0,13.0,1.0,4.0,3.0,12.0,1.0,3.0,1.0
2022-08-27,Brentford,Everton,1,1,D,0,1,A,19,14,5,7,8,5,8,8,2,2,0,0,2.0,3.5,3.75,2022-23,1727.20202637,1686.04040527,41.16162110000005,1,12.0,9.0,2.0,7.0,6.0,11.0,1.0,4.0,3.0
2022-08-27,Brighton,Leeds,1,0,H,0,0,D,13,10,4,2,5,3,10,14,2,3,0,0,1.9,3.8,3.8,2022-23,1783.38195801,1731.14233398,52.23962402999996,0,8.0,3.0,3.0,11.0,10.0,5.0,3.0,11.0,0.0
2022-08-27,Chelsea,Leicester,2,1,H,0,0,D,7,17,3,5,3,11,10,7,1,2,1,0,1.4,5.0,7.0,2022-23,1882.09033203,1758.42199707,123.66833495999981,0,6.0,7.0,2.0,8.0,10.0,10.0,1.0,5.0,3.0
2022-08-27,Liverpool,Bournemouth,9,0,H,5,0,H,19,5,12,2,8,1,6,5,0,1,0,0,1.1,10.0,26.0,2022-23,2008.0645752,1635.93359375,372.13098145000004,0,9.0,7.0,2.0,8.0,2.0,7.0,1.0,3.0,5.0
2022-08-27,Man City,Crystal Palace,4,2,H,0,2,A,18,2,5,2,6,1,14,8,1,2,0,0,1.18,7.5,13.0,2022-23,2027.23266602,1761.25231934,265.9803466799999,0,14.0,7.0,3.0,11.0,7.0,7.0,2.0,7.0,4.0
2022-08-27,Arsenal,Fulham,2,1,H,0,0,D,22,11,8,3,9,2,6,12,2,3,0,0,1.3,5.75,9.0,2022-23,1875.31726074,1656.7052002,218.6120605399999,0,14.0,5.0,4.0,12.0,6.0,7.0,1.0,6.0,6.0
2022-08-28,Aston Villa,West Ham,0,1,A,0,0,D,9,7,3,2,3,2,10,10,2,0,0,0,2.3,3.4,3.1,2022-23,1724.91149902,1756.25036621,-31.338867189999974,2,6.0,10.0,1.0,4.0,3.0,10.0,0.0,1.0,3.0
2022-08-28,Wolves,Newcastle,1,1,D,1,0,H,10,21,4,6,4,13,10,11,2,1,0,0,2.7,3.3,2.7,2022-23,1711.79272461,1770.03833008,-58.24560546999987,1,3.0,7.0,0.0,2.0,9.0,4.0,3.0,11.0,-9.0
2022-08-28,Nott'm Forest,Tottenham,0,2,A,0,1,A,17,18,1,7,6,1,11,13,6,1,0,0,7.0,4.6,1.44,2022-23,1622.34484863,1877.79272461,-255.44787598000016,2,2.0,3.0,1.0,4.0,13.0,3.0,4.0,13.0,-9.0
2022-08-30,Southampton,Chelsea,2,1,H,2,1,H,9,10,7,4,5,3,15,10,2,1,0,0,5.25,4.0,1.61,2022-23,1672.95996094,1885.85290527,-212.8929443300001,0,6.0,12.0,1.0,4.0,7.0,7.0,3.0,10.0,-6.0
2022-08-30,Fulham,Brighton,2,1,H,0,0,D,10,7,3,4,3,3,9,11,2,1,0,0,3.1,3.3,2.3,2022-23,1654.3638916,1788.73535156,-134.37145996000004,0,6.0,8.0,1.0,5.0,8.0,2.0,4.0,13.0,-8.0
2022-08-30,Leeds,Everton,1,1,D,0,1,A,14,7,5,2,10,2,10,9,3,3,0,0,2.15,3.5,3.3,2022-23,1725.78894043,1688.76733398,37.02160644999981,1,9.0,5.0,3.0,10.0,4.0,10.0,0.0,2.0,8.0
2022-08-30,Crystal Palace,Brentford,1,1,D,0,0,D,13,9,4,3,4,6,11,8,1,2,0,0,2.05,3.4,3.6,2022-23,1758.66796875,1724.47509766,34.192871089999926,1,7.0,8.0,2.0,7.0,10.0,8.0,1.0,5.0,2.0
2022-08-31,Arsenal,Aston Villa,2,1,H,1,0,H,22,4,9,3,10,3,10,14,2,3,0,0,1.45,4.5,6.0,2022-23,1877.65856934,1716.25817871,161.40039062999995,0,16.0,4.0,5.0,15.0,5.0,10.0,1.0,3.0,12.0
2022-08-31,Bournemouth,Wolves,0,0,D,0,0,D,5,17,2,4,2,5,12,12,2,1,0,0,3.5,3.3,2.15,2022-23,1632.94958496,1711.90783691,-78.95825194999998,1,2.0,16.0,1.0,3.0,3.0,7.0,0.0,2.0,1.0
2022-08-31,Man City,Nott'm Forest,6,0,H,3,0,H,17,8,9,1,10,1,9,7,0,1,0,0,1.06,13.0,29.0,2022-23,2029.8170166,1617.42907715,412.38793945,0,16.0,7.0,4.0,13.0,2.0,5.0,1.0,4.0,9.0
2022-08-31,West Ham,Tottenham,1,1,D,0,1,A,14,13,4,4,3,4,10,9,2,5,0,0,3.6,3.8,1.95,2022-23,1764.90380859,1882.70849609,-117.8046875,1,2.0,8.0,1.0,3.0,14.0,3.0,4.0,13.0,-10.0
2022-08-31,Liverpool,Newcastle,2,1,H,0,1,A,23,5,6,2,13,0,9,10,0,2,0,0,1.33,5.25,9.0,2022-23,2011.04870605,1769.92321777,241.1254882799999,0,16.0,6.0,2.0,8.0,8.0,5.0,2.0,9.0,-1.0
2022-09-01,Leicester,Man United,0,1,A,0,1,A,10,9,2,2,1,3,7,15,1,3,0,0,3.4,3.75,2.05,2022-23,1754.65942383,1801.7479248,-47.08850097000004,2,10.0,11.0,1.0,4.0,4.0,8.0,2.0,6.0,-2.0
2022-09-03,Newcastle,Crystal Palace,0,0,D,0,0,D,23,19,6,9,13,5,19,12,2,1,0,0,2.0,3.5,3.75,2022-23,1767.81530762,1756.20336914,11.611938480000163,1,7.0,6.0,1.0,6.0,7.0,9.0,1.0,5.0,1.0
2022-09-03,Everton,Liverpool,0,0,D,0,0,D,14,23,3,8,7,9,7,11,2,2,0,0,7.0,4.75,1.4,2022-23,1691.30834961,2013.15661621,-321.8482666,1,4.0,6.0,0.0,3.0,15.0,6.0,2.0,8.0,-5.0
2022-09-03,Brentford,Leeds,5,2,H,2,1,H,14,17,8,6,2,6,8,9,2,2,0,0,2.1,3.5,3.4,2022-23,1726.93969727,1723.24804688,3.6916503899999498,0,10.0,7.0,1.0,6.0,8.0,5.0,2.0,8.0,-2.0
2022-09-03,Chelsea,West Ham,2,1,H,0,0,D,8,6,3,3,10,3,6,11,4,2,0,0,1.55,4.5,5.5,2022-23,1873.86962891,1766.67651367,107.19311524,0,6.0,8.0,2.0,7.0,2.0,6.0,1.0,4.0,3.0
2022-09-03,Tottenham,Fulham,2,1,H,1,0,H,23,9,10,3,10,3,9,6,3,4,0,0,1.5,4.5,6.5,2022-23,1880.93579102,1664.69128418,216.24450683999999,0,10.0,4.0,3.0,11.0,8.0,7.0,2.0,8.0,3.0
2022-09-03,Wolves,Southampton,1,0,H,1,0,H,7,12,2,1,5,6,10,14,4,2,0,0,2.2,3.4,3.25,2022-23,1711.23535156,1684.9432373,26.292114260000062,0,2.0,4.0,0.0,3.0,7.0,9.0,2.0,7.0,-4.0
2022-09-03,Aston Villa,Man City,1,1,D,0,0,D,3,13,1,4,1,4,7,6,2,0,0,0,8.0,5.5,1.33,2022-23,1713.07983398,2031.7364502,-318.65661621999993,1,4.0,9.0,1.0,3.0,19.0,5.0,4.0,13.0,-10.0
2022-09-03,Nott'm Forest,Bournemouth,2,3,A,2,0,H,11,8,3,3,4,6,13,10,2,1,0,0,1.95,3.5,3.8,2022-23,1615.50952148,1633.62207031,-18.112548829999923,2,2.0,11.0,1.0,4.0,2.0,16.0,1.0,4.0,0.0
2022-09-04,Brighton,Leicester,5,2,H,2,2,D,23,6,11,4,10,1,6,8,1,1,0,0,1.83,3.5,4.5,2022-23,1778.40795898,1746.38049316,32.02746582000009,0,6.0,3.0,3.0,10.0,6.0,11.0,0.0,1.0,9.0
2022-09-04,Man United,Arsenal,3,1,H,1,0,H,10,16,6,3,2,5,13,9,3,3,0,0,2.5,3.5,2.7,2022-23,1810.02685547,1880.83691406,-70.81005858999993,0,5.0,7.0,3.0,9.0,13.0,4.0,5.0,15.0,-6.0
2022-09-16,Aston Villa,Southampton,1,0,H,1,0,H,11,7,3,1,6,3,13,13,3,1,0,0,2.1,3.5,3.5,2022-23,1708.04638672,1667.58239746,40.46398926000006,0,5.0,8.0,1.0,4.0,6.0,6.0,2.0,7.0,-3.0
2022-09-16,Nott'm Forest,Fulham,2,3,A,1,0,H,11,15,3,7,2,10,11,10,2,4,0,0,2.75,3.3,2.62,2022-23,1594.92626953,1650.91772461,-55.99145508000015,2,4.0,12.0,1.0,4.0,7.0,7.0,2.0,7.0,-3.0
2022-09-17,Wolves,Man City,0,3,A,0,2,A,6,16,1,7,5,7,7,9,2,1,1,0,9.5,5.0,1.33,2022-23,1707.84179688,2025.93322754,-318.09143066,2,2.0,2.0,1.0,6.0,18.0,6.0,3.0,11.0,-5.0
2022-09-17,Newcastle,Bournemouth,1,1,D,0,0,D,20,10,7,3,8,1,10,11,2,2,0,0,1.44,4.4,7.5,2022-23,1756.54663086,1633.45080566,123.09582520000004,1,5.0,6.0,0.0,4.0,3.0,18.0,1.0,4.0,0.0
2022-09-17,Tottenham,Leicester,6,2,H,2,2,D,16,19,11,7,6,1,9,9,1,2,0,0,1.45,4.5,7.0,2022-23,1865.89465332,1727.05322266,138.84143066000001,0,8.0,4.0,3.0,11.0,6.0,14.0,0.0,0.0,11.0
2022-09-18,Brentford,Arsenal,0,3,A,0,2,A,5,13,2,7,3,3,10,10,0,2,0,0,4.2,3.8,1.8,2022-23,1728.76379395,1861.6138916,-132.85009764999995,2,13.0,7.0,2.0,8.0,12.0,7.0,4.0,12.0,-4.0
2022-09-18,Everton,West Ham,1,0,H,0,0,D,7,14,2,4,5,14,8,11,3,1,0,0,2.9,3.25,2.5,2022-23,1688.40576172,1757.90917969,-69.50341796999987,0,4.0,5.0,0.0,4.0,3.0,6.0,1.0,4.0,0.0
2022-10-01,Bournemouth,Brentford,0,0,D,0,0,D,7,13,1,4,7,8,11,10,1,2,0,0,3.3,3.4,2.2,2022-23,1638.14367676,1718.62121582,-80.47753906000003,1,4.0,15.0,1.0,5.0,9.0,10.0,1.0,5.0,0.0
2022-10-01,Crystal Palace,Chelsea,1,2,A,1,1,D,7,13,3,3,5,2,11,13,1,3,0,0,4.2,3.6,1.85,2022-23,1748.79431152,1852.83117676,-104.03686524,2,7.0,7.0,1.0,6.0,7.0,9.0,2.0,7.0,-1.0
2022-10-01,West Ham,Wolves,2,0,H,1,0,H,18,15,5,4,1,6,8,6,2,2,0,0,1.95,3.5,4.2,2022-23,1749.47143555,1703.44909668,46.02233887000011,0,3.0,6.0,1.0,4.0,2.0,5.0,1.0,5.0,-1.0
2022-10-01,Arsenal,Tottenham,3,1,H,1,1,D,22,7,9,3,5,2,10,10,2,1,0,1,2.05,3.75,3.3,2022-23,1871.75646973,1872.88464355,-1.128173820000029,0,11.0,5.0,4.0,12.0,12.0,4.0,4.0,13.0,-1.0
2022-10-01,Southampton,Everton,1,2,A,0,0,D,22,12,6,5,7,6,11,10,2,2,0,0,2.15,3.4,3.4,2022-23,1664.10778809,1696.84350586,-32.735717770000065,2,4.0,5.0,2.0,6.0,4.0,3.0,1.0,7.0,-1.0
2022-10-01,Fulham,Newcastle,1,4,A,0,3,A,3,19,1,10,1,8,9,10,2,0,1,0,3.0,3.4,2.37,2022-23,1661.09631348,1751.85388184,-90.75756836000005,2,10.0,9.0,3.0,9.0,6.0,7.0,0.0,4.0,5.0
2022-10-01,Liverpool,Brighton,3,3,D,1,2,A,15,6,7,6,9,2,9,13,1,1,0,0,1.33,5.25,8.5,2022-23,1982.13659668,1779.05773926,203.07885741999985,1,13.0,4.0,2.0,8.0,9.0,4.0,3.0,10.0,-2.0
2022-10-02,Man City,Man United,6,3,H,4,0,H,22,12,10,8,5,1,3,9,0,3,0,0,1.33,5.75,7.5,2022-23,2030.32592773,1805.43835449,224.88757324000017,0,17.0,6.0,3.0,11.0,7.0,6.0,4.0,12.0,-1.0
2022-10-02,Leeds,Aston Villa,0,0,D,0,0,D,9,19,1,7,2,9,23,12,3,2,1,0,2.35,3.4,3.0,2022-23,1702.74633789,1715.67456055,-12.928222660000074,1,8.0,9.0,1.0,5.0,4.0,7.0,1.0,4.0,1.0
2022-10-03,Leicester,Nott'm Forest,4,0,H,3,0,H,17,10,7,3,6,6,13,12,2,4,0,0,1.75,4.0,4.33,2022-23,1720.06323242,1588.90136719,131.1618652300001,0,6.0,16.0,0.0,0.0,5.0,15.0,0.0,1.0,-1.0
2022-10-08,Bournemouth,Leicester,2,1,H,0,1,A,10,9,4,5,7,2,8,16,1,2,0,0,3.6,3.4,2.05,2022-23,1645.46582031,1734.11169434,-88.64587402999996,0,4.0,12.0,1.0,6.0,9.0,14.0,1.0,3.0,3.0
2022-10-08,Chelsea,Wolves,3,0,H,1,0,H,20,8,7,2,4,2,8,8,2,0,0,0,1.4,4.5,8.0,2022-23,1876.52185059,1701.96850586,174.55334472999994,0,7.0,8.0,3.0,9.0,2.0,6.0,1.0,5.0,4.0
2022-10-08,Man City,Southampton,4,0,H,2,0,H,21,5,8,0,9,1,4,8,0,1,0,0,1.11,10.0,17.0,2022-23,2041.9630127,1662.02880859,379.9342041100001,0,20.0,6.0,4.0,13.0,3.0,6.0,1.0,3.0,10.0
2022-10-08,Newcastle,Brentford,5,1,H,2,0,H,16,6,6,3,9,5,14,9,0,1,0,0,1.83,3.8,4.2,2022-23,1770.6048584,1724.35351562,46.25134277999996,0,7.0,5.0,1.0,6.0,7.0,7.0,1.0,6.0,0.0
2022-10-08,Brighton,Tottenham,0,1,A,0,1,A,14,8,4,3,6,2,9,14,1,2,0,0,2.8,3.4,2.5,2022-23,1791.85510254,1868.55200195,-76.69689941000001,2,12.0,7.0,3.0,10.0,12.0,7.0,3.0,10.0,0.0
2022-10-09,Arsenal,Liverpool,3,2,H,2,1,H,11,8,7,3,4,3,11,11,1,2,0,0,2.5,3.6,2.62,2022-23,1889.96972656,1984.58581543,-94.61608886999988,0,11.0,6.0,4.0,12.0,15.0,6.0,2.0,8.0,4.0
2022-10-09,Everton,Man United,1,2,A,1,2,A,11,12,2,4,5,4,7,13,2,1,0,0,3.6,3.5,2.05,2022-23,1711.97705078,1809.97900391,-98.00195313000017,2,5.0,3.0,2.0,9.0,10.0,8.0,4.0,12.0,-3.0
2022-10-09,Crystal Palace,Leeds,2,1,H,1,1,D,13,10,5,4,5,3,13,23,3,3,0,0,2.05,3.5,3.6,2022-23,1748.52722168,1708.19445801,40.33276366999985,0,7.0,8.0,1.0,5.0,6.0,7.0,1.0,5.0,0.0
2022-10-09,West Ham,Fulham,3,1,H,1,1,D,17,8,8,2,4,2,9,7,1,3,0,0,1.72,3.8,4.75,2022-23,1768.62756348,1655.3996582,113.22790527999996,0,5.0,4.0,2.0,7.0,8.0,11.0,2.0,6.0,1.0
2022-10-10,Nott'm Forest,Aston Villa,1,1,D,1,1,D,6,12,3,2,1,4,13,19,3,3,0,0,3.3,3.4,2.2,2022-23,1587.90734863,1723.28088379,-135.37353516000007,1,4.0,18.0,0.0,0.0,3.0,4.0,1.0,5.0,-5.0
2022-10-14,Brentford,Brighton,2,0,H,1,0,H,7,21,3,7,2,11,12,15,3,1,0,0,3.1,3.4,2.3,2022-23,1717.5769043,1788.79296875,-71.21606444999998,0,7.0,11.0,1.0,5.0,10.0,8.0,2.0,7.0,-2.0
2022-10-15,Leicester,Crystal Palace,0,0,D,0,0,D,14,8,5,1,9,2,18,13,2,2,0,0,2.3,3.4,3.1,2022-23,1731.24035645,1760.17834473,-28.9379882799999,1,9.0,14.0,1.0,3.0,6.0,8.0,1.0,5.0,-2.0
2022-10-15,Fulham,Bournemouth,2,2,D,1,2,A,19,10,4,6,5,6,9,11,2,0,0,0,1.85,3.75,4.0,2022-23,1655.7956543,1660.49743652,-4.701782220000041,1,8.0,12.0,2.0,6.0,6.0,4.0,2.0,9.0,-3.0
2022-10-15,Wolves,Nott'm Forest,1,0,H,0,0,D,9,10,2,2,4,5,17,13,2,2,0,0,1.7,3.75,5.0,2022-23,1702.52856445,1596.23059082,106.29797362999989,0,1.0,8.0,1.0,4.0,5.0,17.0,0.0,1.0,3.0
2022-10-15,Tottenham,Everton,2,0,H,0,0,D,21,4,7,0,7,1,12,13,1,4,0,0,1.5,4.5,6.5,2022-23,1885.38256836,1711.13879395,174.24377441000001,0,11.0,7.0,3.0,10.0,5.0,4.0,2.0,8.0,2.0
2022-10-16,Aston Villa,Chelsea,0,2,A,0,1,A,18,8,7,4,7,1,12,11,0,3,0,0,4.33,3.75,1.8,2022-23,1727.11779785,1900.36206055,-173.24426270000004,2,4.0,4.0,1.0,6.0,10.0,5.0,4.0,12.0,-6.0
2022-10-16,Leeds,Arsenal,0,1,A,0,1,A,16,9,4,4,6,3,10,11,0,2,0,0,6.0,4.2,1.55,2022-23,1708.70349121,1907.52490234,-198.8214111299999,2,4.0,9.0,0.0,2.0,12.0,7.0,4.0,12.0,-10.0
2022-10-16,Man United,Newcastle,0,0,D,0,0,D,15,9,2,2,4,4,13,11,3,1,0,0,1.95,3.8,3.5,2022-23,1823.83825684,1787.82141113,36.0168457100001,1,10.0,8.0,4.0,12.0,11.0,5.0,2.0,8.0,4.0
2022-10-16,Southampton,West Ham,1,1,D,1,0,H,10,25,8,4,4,14,7,3,1,1,0,0,2.9,3.4,2.4,2022-23,1666.26379395,1782.73950195,-116.47570799999994,1,3.0,9.0,1.0,3.0,7.0,5.0,2.0,7.0,-4.0
2022-10-16,Liverpool,Man City,1,0,H,0,0,D,13,16,2,6,5,6,10,7,3,1,0,0,3.6,4.0,1.9,2022-23,1988.66687012,2041.54541016,-52.87854003999996,0,16.0,7.0,2.0,8.0,20.0,4.0,4.0,13.0,-5.0
2022-10-18,Brighton,Nott'm Forest,0,0,D,0,0,D,19,3,7,0,9,1,10,14,3,1,0,0,1.4,4.75,7.0,2022-23,1778.58129883,1591.96643066,186.6148681699999,1,9.0,10.0,1.0,4.0,5.0,12.0,0.0,1.0,3.0
2022-10-18,Crystal Palace,Wolves,2,1,H,0,1,A,14,10,4,4,4,3,14,18,3,1,0,0,2.25,3.1,3.4,2022-23,1761.02539062,1706.79284668,54.23254394000014,0,4.0,4.0,1.0,6.0,2.0,8.0,2.0,6.0,0.0
2022-10-19,Bournemouth,Southampton,0,1,A,0,1,A,15,9,3,3,7,3,8,13,1,3,0,0,2.62,3.3,2.62,2022-23,1662.03173828,1667.94873047,-5.916992190000201,2,8.0,6.0,2.0,9.0,2.0,9.0,0.0,1.0,8.0
2022-10-19,Brentford,Chelsea,0,0,D,0,0,D,8,14,5,5,6,2,7,7,0,0,0,0,4.75,3.8,1.72,2022-23,1731.22937012,1907.63208008,-176.4027099599998,1,8.0,10.0,2.0,7.0,10.0,4.0,4.0,12.0,-5.0
2022-10-19,Liverpool,West Ham,1,0,H,1,0,H,22,8,7,3,8,3,9,8,0,0,0,0,1.4,5.0,7.0,2022-23,1996.49133301,1781.05444336,215.43688965,0,8.0,7.0,2.0,8.0,7.0,5.0,2.0,7.0,1.0
2022-10-19,Newcastle,Everton,1,0,H,1,0,H,16,1,4,0,8,2,9,12,2,4,0,0,1.6,3.8,5.75,2022-23,1790.44628906,1706.96386719,83.48242187000005,0,10.0,3.0,2.0,9.0,4.0,5.0,2.0,7.0,2.0
2022-10-19,Man United,Tottenham,2,0,H,0,0,D,28,9,10,2,8,3,7,7,1,0,0,0,2.45,3.5,2.75,2022-23,1821.21325684,1889.55749512,-68.34423828000013,0,9.0,8.0,3.0,10.0,12.0,6.0,4.0,12.0,-2.0
2022-10-20,Fulham,Aston Villa,3,0,H,1,0,H,18,12,8,6,9,7,11,11,0,2,0,1,2.9,3.3,2.5,2022-23,1654.26123047,1719.84777832,-65.58654784999999,0,8.0,13.0,1.0,4.0,3.0,4.0,1.0,6.0,-2.0
2022-10-20,Leicester,Leeds,2,0,H,2,0,H,5,14,1,2,2,9,15,11,2,1,0,0,2.25,3.6,3.0,2022-23,1730.39331055,1704.23022461,26.163085939999974,0,9.0,13.0,1.0,4.0,4.0,9.0,0.0,2.0,2.0
2022-10-22,Nott'm Forest,Liverpool,1,0,H,0,0,D,10,15,7,7,2,11,14,8,2,1,0,0,11.0,6.0,1.25,2022-23,1598.87243652,1999.79663086,-400.92419434,0,3.0,9.0,0.0,2.0,7.0,6.0,2.0,8.0,-6.0
2022-10-22,Everton,Crystal Palace,3,0,H,1,0,H,9,9,6,2,3,4,16,14,3,4,0,0,2.6,3.2,2.87,2022-23,1703.09118652,1767.35876465,-64.26757812999995,0,4.0,6.0,2.0,6.0,5.0,4.0,2.0,8.0,-2.0
2022-10-22,Man City,Brighton,3,1,H,2,0,H,10,8,4,2,7,3,11,12,1,3,0,0,1.2,7.0,13.0,2022-23,2034.59350586,1773.42028809,261.17321777000006,0,14.0,5.0,3.0,10.0,8.0,8.0,1.0,5.0,5.0
2022-10-22,Chelsea,Man United,1,1,D,0,0,D,6,13,2,6,6,4,8,10,1,4,0,0,2.05,3.5,3.5,2022-23,1905.10510254,1833.87939453,71.22570801000006,1,9.0,2.0,4.0,13.0,10.0,8.0,3.0,10.0,3.0
2022-10-23,Southampton,Arsenal,1,1,D,0,1,A,10,12,3,3,9,4,11,8,2,1,0,0,6.0,4.0,1.57,2022-23,1678.02770996,1915.7401123,-237.71240233999993,1,3.0,8.0,1.0,4.0,11.0,6.0,4.0,12.0,-8.0
2022-10-23,Leeds,Fulham,2,3,A,1,1,D,14,11,5,5,3,6,12,8,1,1,0,0,2.05,3.5,3.6,2022-23,1696.98876953,1669.42944336,27.55932616999985,2,3.0,10.0,0.0,1.0,10.0,11.0,2.0,7.0,-6.0
2022-10-23,Tottenham,Newcastle,1,2,A,0,2,A,17,13,5,5,6,7,12,6,4,2,0,0,2.05,3.5,3.5,2022-23,1878.63647461,1796.06408691,82.57238770000004,2,10.0,7.0,3.0,9.0,11.0,3.0,3.0,11.0,-2.0
2022-10-23,Wolves,Leicester,0,4,A,0,2,A,21,5,5,4,9,2,10,13,2,1,0,0,2.25,3.25,3.25,2022-23,1702.20446777,1739.37988281,-37.17541503999996,2,2.0,10.0,1.0,3.0,9.0,8.0,2.0,7.0,-4.0
2022-10-23,Aston Villa,Brentford,4,0,H,3,0,H,19,12,11,3,7,6,14,11,1,0,0,0,2.1,3.5,3.5,2022-23,1706.42468262,1735.50134277,-29.076660149999952,0,2.0,6.0,1.0,5.0,3.0,8.0,1.0,5.0,0.0
2022-10-24,West Ham,Bournemouth,2,0,H,1,0,H,20,5,4,3,5,0,9,11,0,2,0,0,1.55,4.0,6.0,2022-23,1779.4942627,1653.69787598,125.7963867200001,0,6.0,4.0,2.0,7.0,5.0,5.0,1.0,6.0,1.0
2022-10-29,Brentford,Wolves,1,1,D,0,0,D,12,14,3,4,3,6,10,17,3,3,0,1,2.2,3.4,3.3,2022-23,1718.9675293,1682.76757812,36.19995117999997,1,3.0,9.0,1.0,5.0,2.0,11.0,1.0,3.0,2.0
2022-10-29,Leicester,Man City,0,1,A,0,0,D,10,15,5,5,3,10,5,10,0,0,0,0,10.0,6.5,1.25,2022-23,1754.70227051,2030.46386719,-275.7615966799999,2,11.0,2.0,3.0,10.0,16.0,5.0,4.0,12.0,-2.0
2022-10-29,Brighton,Chelsea,4,1,H,3,0,H,19,15,9,7,8,7,16,6,1,2,0,0,3.0,3.3,2.4,2022-23,1768.6796875,1905.19580078,-136.5161132799999,0,4.0,9.0,0.0,2.0,8.0,2.0,3.0,11.0,-9.0
2022-10-29,Bournemouth,Tottenham,2,3,A,1,0,H,6,23,4,7,2,19,10,5,1,2,0,0,5.0,3.8,1.7,2022-23,1646.28662109,1860.08508301,-213.79846192000014,2,4.0,6.0,1.0,5.0,5.0,7.0,2.0,6.0,-1.0
2022-10-29,Fulham,Everton,0,0,D,0,0,D,24,9,6,4,13,4,10,8,2,1,0,0,2.37,3.4,3.0,2022-23,1677.45727539,1715.42358398,-37.96630859000015,1,10.0,11.0,2.0,7.0,6.0,6.0,2.0,6.0,1.0
2022-10-29,Liverpool,Leeds,1,2,A,1,1,D,22,14,10,6,14,5,9,3,0,1,0,0,1.3,6.0,9.0,2022-23,1991.63562012,1684.84631348,306.7893066400002,2,7.0,7.0,2.0,7.0,3.0,8.0,0.0,1.0,6.0
2022-10-29,Newcastle,Aston Villa,4,0,H,1,0,H,20,3,7,0,3,0,11,11,1,1,0,0,1.8,3.75,4.5,2022-23,1805.72106934,1718.84399414,86.87707520000004,0,12.0,3.0,4.0,13.0,5.0,6.0,1.0,5.0,8.0
2022-10-29,Crystal Palace,Southampton,1,0,H,1,0,H,12,14,3,4,8,4,13,12,3,3,0,0,1.9,3.6,4.0,2022-23,1750.91174316,1680.71130371,70.20043944999998,0,5.0,7.0,2.0,7.0,4.0,8.0,1.0,5.0,2.0
2022-10-30,Arsenal,Nott'm Forest,5,0,H,1,0,H,24,5,10,2,9,4,9,8,0,1,0,0,1.2,7.0,12.0,2022-23,1893.13061523,1612.41186523,280.71875,0,11.0,4.0,4.0,13.0,2.0,6.0,1.0,5.0,8.0
2022-10-30,Man United,West Ham,1,0,H,1,0,H,16,13,3,5,5,10,12,10,1,3,0,0,1.66,4.0,4.8,2022-23,1837.2076416,1784.22155762,52.986083979999876,0,8.0,8.0,2.0,8.0,8.0,3.0,3.0,10.0,-2.0
2022-11-05,Leeds,Bournemouth,4,3,H,1,2,A,18,9,4,6,13,3,16,10,2,2,0,0,1.72,3.8,4.75,2022-23,1708.8092041,1650.31665039,58.49255371000004,0,5.0,9.0,1.0,3.0,6.0,9.0,1.0,4.0,-1.0
2022-11-05,Man City,Fulham,2,1,H,1,1,D,16,4,5,2,9,0,6,11,2,4,1,0,1.11,9.5,19.0,2022-23,2043.88769531,1685.14367676,358.74401854999996,0,14.0,5.0,4.0,12.0,9.0,7.0,2.0,8.0,4.0
2022-11-05,Nott'm Forest,Brentford,2,2,D,1,1,D,15,6,7,2,3,3,10,11,2,2,0,0,2.75,3.3,2.6,2022-23,1616.95141602,1724.58728027,-107.63586425000017,1,2.0,7.0,1.0,5.0,4.0,10.0,1.0,5.0,0.0
2022-11-05,Wolves,Brighton,2,3,A,2,2,D,8,19,5,8,4,9,15,11,2,0,1,0,3.3,3.3,2.25,2022-23,1693.79296875,1794.69714355,-100.90417479999996,2,3.0,10.0,1.0,4.0,5.0,7.0,1.0,4.0,0.0
2022-11-05,Everton,Leicester,0,2,A,0,1,A,12,22,2,8,8,3,9,5,0,0,0,0,2.4,3.3,3.0,2022-23,1724.38232422,1759.97094727,-35.588623049999796,2,4.0,5.0,1.0,4.0,7.0,3.0,2.0,7.0,-3.0
2022-11-06,Southampton,Newcastle,1,4,A,0,1,A,16,7,5,4,8,2,7,10,1,0,0,0,4.0,3.6,1.9,2022-23,1684.15441895,1823.06726074,-138.9128417899999,2,3.0,7.0,1.0,5.0,12.0,2.0,4.0,13.0,-8.0
2022-11-06,Aston Villa,Man United,3,1,H,2,1,H,6,8,4,3,3,5,6,12,3,3,0,0,3.3,3.8,2.1,2022-23,1718.14282227,1858.27246094,-140.12963867000008,0,5.0,10.0,1.0,4.0,6.0,2.0,3.0,11.0,-7.0
2022-11-06,Tottenham,Liverpool,1,2,A,0,2,A,14,13,5,6,5,3,10,8,0,0,0,0,3.3,3.6,2.1,2022-23,1878.54614258,1990.89648438,-112.35034180000002,2,7.0,6.0,3.0,9.0,5.0,6.0,2.0,6.0,3.0
2022-11-06,West Ham,Crystal Palace,1,2,A,1,1,D,5,15,2,6,2,5,10,7,1,1,0,0,1.9,3.4,4.2,2022-23,1790.52062988,1764.11376953,26.406860349999988,2,6.0,4.0,2.0,7.0,5.0,5.0,3.0,10.0,-3.0
2022-11-06,Chelsea,Arsenal,0,1,A,0,0,D,5,14,1,2,4,6,20,13,5,2,0,0,2.55,3.4,2.7,2022-23,1897.93908691,1905.82983398,-7.890747070000089,2,7.0,5.0,2.0,8.0,13.0,4.0,4.0,13.0,-5.0
2022-11-12,Man City,Brentford,1,2,A,1,1,D,29,10,6,8,10,2,9,7,2,2,0,0,1.14,8.0,17.0,2022-23,2044.9029541,1723.15454102,321.7484130800001,2,10.0,3.0,4.0,12.0,5.0,7.0,1.0,6.0,6.0
2022-11-12,Bournemouth,Everton,3,0,H,2,0,H,16,15,9,3,3,5,12,8,2,0,0,0,2.8,3.25,2.6,2022-23,1645.16027832,1712.22839355,-67.06811522999988,0,7.0,12.0,0.0,1.0,3.0,5.0,1.0,4.0,-3.0
2022-11-12,Liverpool,Southampton,3,1,H,3,1,H,15,9,7,5,6,0,8,8,0,2,0,0,1.25,6.5,11.0,2022-23,1997.30712891,1674.11987305,323.18725586000005,0,5.0,4.0,3.0,9.0,4.0,7.0,1.0,5.0,4.0
2022-11-12,Nott'm Forest,Crystal Palace,1,0,H,0,0,D,9,8,2,0,1,5,11,13,1,4,0,0,3.1,3.1,2.45,2022-23,1618.3840332,1774.21716309,-155.83312989,0,3.0,8.0,1.0,5.0,5.0,5.0,3.0,10.0,-5.0
2022-11-12,Tottenham,Leeds,4,3,H,1,2,A,14,12,8,5,9,2,8,7,1,1,0,1,1.65,4.2,4.75,2022-23,1872.13549805,1713.96557617,158.16992187999995,0,7.0,8.0,2.0,6.0,8.0,10.0,2.0,6.0,0.0
2022-11-12,West Ham,Leicester,0,2,A,0,1,A,18,9,6,6,7,2,9,8,3,1,0,0,2.05,3.4,3.75,2022-23,1780.41711426,1772.12487793,8.29223633000015,2,4.0,5.0,1.0,4.0,8.0,1.0,3.0,10.0,-6.0
2022-11-12,Newcastle,Chelsea,1,0,H,0,0,D,10,5,3,2,5,3,14,11,3,2,0,0,2.35,3.4,3.0,2022-23,1833.10192871,1888.72277832,-55.62084961000005,0,11.0,2.0,4.0,13.0,4.0,6.0,1.0,5.0,8.0
2022-11-12,Wolves,Arsenal,0,2,A,0,0,D,11,14,2,4,6,4,5,6,3,2,0,0,6.0,4.2,1.55,2022-23,1686.64331055,1915.04614258,-228.4028320299999,2,5.0,10.0,1.0,4.0,11.0,3.0,4.0,13.0,-9.0
2022-11-13,Brighton,Aston Villa,1,2,A,1,1,D,7,8,2,2,11,4,14,11,2,7,0,0,1.83,3.75,4.2,2022-23,1801.84680176,1732.72180176,69.125,2,8.0,8.0,2.0,7.0,7.0,10.0,2.0,6.0,1.0
2022-11-13,Fulham,Man United,1,2,A,0,1,A,14,14,7,9,10,3,9,10,1,1,0,0,3.8,3.8,1.9,2022-23,1684.1282959,1843.69348145,-159.56518555000002,2,9.0,6.0,2.0,8.0,5.0,4.0,2.0,8.0,0.0
2022-12-26,Leicester,Newcastle,0,3,A,0,3,A,8,12,2,5,5,5,9,6,0,0,0,0,3.25,3.5,2.2,2022-23,1785.39929199,1841.32421875,-55.92492676000006,2,10.0,1.0,4.0,12.0,12.0,2.0,5.0,15.0,-3.0
2022-12-26,Crystal Palace,Fulham,0,3,A,0,1,A,4,23,0,11,1,8,12,15,0,0,2,0,2.05,3.6,3.5,2022-23,1763.26940918,1678.95703125,84.31237792999991,2,5.0,6.0,3.0,9.0,8.0,6.0,2.0,7.0,2.0
2022-12-26,Everton,Wolves,1,2,A,1,1,D,12,7,6,4,2,2,9,22,1,6,0,0,2.3,3.25,3.2,2022-23,1697.43737793,1681.09326172,16.34411620999981,2,3.0,6.0,1.0,4.0,4.0,12.0,0.0,1.0,3.0
2022-12-26,Arsenal,West Ham,3,1,H,0,1,A,16,8,5,4,7,5,13,17,0,2,0,0,1.5,4.33,6.5,2022-23,1920.59619141,1767.14257812,153.45361329000002,0,10.0,1.0,4.0,13.0,3.0,6.0,1.0,3.0,10.0
2022-12-26,Southampton,Brighton,1,3,A,0,2,A,14,7,4,4,4,2,9,10,1,2,0,0,3.3,3.5,2.15,2022-23,1672.19580078,1790.72070312,-118.52490234000015,2,4.0,9.0,1.0,4.0,9.0,8.0,2.0,7.0,-3.0
2022-12-26,Aston Villa,Liverpool,1,3,A,0,2,A,12,16,6,9,0,6,7,12,0,0,0,0,4.75,4.0,1.7,2022-23,1743.84777832,1999.2310791,-255.3833007799999,2,9.0,9.0,3.0,9.0,7.0,5.0,3.0,9.0,0.0
2022-12-26,Brentford,Tottenham,2,2,D,1,0,H,9,16,5,8,6,5,11,10,3,1,0,0,4.0,3.6,1.91,2022-23,1738.86108398,1875.4041748,-136.54309081999986,1,5.0,8.0,1.0,6.0,9.0,11.0,2.0,6.0,0.0
2022-12-27,Chelsea,Bournemouth,2,0,H,2,0,H,15,9,5,4,6,8,8,10,0,0,0,0,1.3,5.5,10.0,2022-23,1880.50048828,1659.95129395,220.54919432999986,0,2.0,7.0,0.0,2.0,8.0,10.0,1.0,3.0,-1.0
2022-12-27,Man United,Nott'm Forest,3,0,H,2,0,H,17,8,8,3,9,9,13,4,3,1,0,0,1.29,5.5,11.0,2022-23,1848.86486816,1629.33166504,219.53320312000005,0,7.0,5.0,3.0,10.0,4.0,7.0,2.0,8.0,2.0
2022-12-28,Leeds,Man City,1,3,A,0,1,A,9,26,1,9,3,5,11,14,3,3,0,0,9.5,6.0,1.29,2022-23,1710.69689941,2029.19641113,-318.4995117199999,2,11.0,13.0,2.0,6.0,7.0,5.0,3.0,9.0,-3.0
2022-12-30,West Ham,Brentford,0,2,A,0,2,A,20,9,5,6,8,1,9,5,1,0,0,0,2.0,3.6,3.6,2022-23,1762.09204102,1741.48974609,20.60229492999997,2,4.0,8.0,1.0,3.0,7.0,10.0,1.0,6.0,-3.0
2022-12-30,Liverpool,Leicester,2,1,H,2,1,H,21,7,5,2,4,5,8,15,0,1,0,0,1.29,6.0,9.5,2022-23,2003.81494141,1772.11779785,231.6971435600001,0,9.0,6.0,3.0,9.0,8.0,4.0,3.0,9.0,0.0
2022-12-31,Fulham,Southampton,2,1,H,1,0,H,8,9,2,3,4,4,8,13,0,1,0,0,1.95,3.6,3.75,2022-23,1698.45214844,1663.60864258,34.84350586000005,0,8.0,6.0,2.0,7.0,4.0,12.0,0.0,1.0,6.0
2022-12-31,Bournemouth,Crystal Palace,0,2,A,0,2,A,6,15,2,6,2,7,17,11,4,1,0,0,2.8,3.3,2.5,2022-23,1656.28674316,1743.77441406,-87.48767090000001,2,8.0,11.0,1.0,3.0,3.0,8.0,2.0,6.0,-3.0
2022-12-31,Wolves,Man United,0,1,A,0,0,D,10,16,3,6,7,5,11,11,1,3,0,0,4.0,3.6,1.91,2022-23,1690.80871582,1853.42248535,-162.6137695299999,2,5.0,11.0,1.0,4.0,8.0,5.0,3.0,10.0,-6.0
2022-12-31,Man City,Everton,1,1,D,1,0,H,16,2,3,1,7,1,13,14,3,4,0,0,1.13,9.0,19.0,2022-23,2032.33178711,1687.72192383,344.6098632800001,1,10.0,5.0,4.0,12.0,4.0,7.0,1.0,4.0,8.0
2022-12-31,Brighton,Arsenal,2,4,A,0,2,A,9,14,5,7,7,4,7,11,3,3,0,0,3.4,3.5,2.1,2022-23,1799.30786133,1925.64685059,-126.33898926000006,2,12.0,9.0,3.0,9.0,12.0,2.0,4.0,13.0,-4.0
2022-12-31,Newcastle,Leeds,0,0,D,0,0,D,16,8,5,1,9,3,13,19,3,5,0,0,1.45,4.5,7.0,2022-23,1854.60571289,1707.56152344,147.04418944999998,1,14.0,2.0,5.0,15.0,12.0,14.0,2.0,6.0,9.0
2023-01-01,Tottenham,Aston Villa,0,2,A,0,0,D,6,13,2,4,5,3,15,10,4,3,0,0,1.67,4.0,5.0,2022-23,1872.77539062,1739.26391602,133.51147460000016,2,11.0,11.0,2.0,7.0,10.0,9.0,3.0,9.0,-2.0
2023-01-01,Nott'm Forest,Chelsea,1,1,D,0,1,A,12,7,5,2,1,2,16,14,2,2,0,0,5.0,3.8,1.7,2022-23,1624.77416992,1884.16503906,-259.39086913999995,1,4.0,10.0,2.0,7.0,4.0,7.0,1.0,4.0,3.0
2023-01-02,Brentford,Liverpool,3,1,H,2,0,H,10,16,7,6,4,9,5,8,1,3,0,0,5.5,4.33,1.55,2022-23,1754.91503906,2006.18847656,-251.2734375,0,9.0,6.0,2.0,9.0,11.0,6.0,4.0,12.0,-3.0
2023-01-03,Arsenal,Newcastle,0,0,D,0,0,D,17,8,4,1,5,5,10,16,4,4,0,0,1.8,3.8,4.33,2022-23,1933.81469727,1849.7487793,84.06591796999987,1,15.0,3.0,5.0,15.0,12.0,1.0,4.0,13.0,2.0
2023-01-03,Everton,Brighton,1,4,A,0,1,A,10,19,4,8,5,2,8,10,3,1,0,0,3.5,3.5,2.1,2022-23,1695.72351074,1791.14001465,-95.41650391000007,2,2.0,8.0,0.0,2.0,13.0,10.0,3.0,9.0,-7.0
2023-01-03,Leicester,Fulham,0,1,A,0,1,A,15,11,6,2,6,3,12,11,2,6,0,0,2.2,3.6,3.1,2022-23,1769.74438477,1704.48791504,65.25646972999994,2,5.0,6.0,2.0,6.0,7.0,5.0,2.0,7.0,-1.0
2023-01-03,Man United,Bournemouth,3,0,H,1,0,H,18,7,6,4,6,5,13,7,0,3,0,0,1.29,5.5,11.0,2022-23,1858.39404297,1646.6842041,211.7098388700001,0,8.0,4.0,4.0,12.0,8.0,11.0,1.0,3.0,9.0
2023-01-04,Southampton,Nott'm Forest,0,1,A,0,1,A,8,11,0,1,6,2,14,17,2,2,0,0,2.0,3.5,3.8,2022-23,1657.57287598,1630.46240234,27.11047364000001,2,4.0,13.0,0.0,0.0,4.0,11.0,1.0,5.0,-5.0
2023-01-04,Leeds,West Ham,2,2,D,1,1,D,14,15,6,2,8,1,11,18,3,1,0,0,2.6,3.5,2.6,2022-23,1712.41845703,1748.66674805,-36.248291020000124,1,10.0,11.0,2.0,7.0,2.0,10.0,0.0,0.0,7.0
2023-01-04,Aston Villa,Wolves,1,1,D,0,1,A,13,10,4,3,7,8,6,12,1,3,0,0,1.95,3.6,4.0,2022-23,1756.51733398,1685.8371582,70.68017578000013,1,8.0,9.0,3.0,9.0,5.0,8.0,1.0,4.0,5.0
2023-01-04,Crystal Palace,Tottenham,0,4,A,0,0,D,19,14,4,6,10,4,11,8,1,2,0,0,3.4,3.5,2.15,2022-23,1753.37695312,1855.52209473,-102.14514160999988,2,5.0,5.0,3.0,9.0,10.0,11.0,2.0,7.0,2.0
2023-01-05,Chelsea,Man City,0,1,A,0,0,D,8,12,2,3,3,2,9,9,2,0,0,0,5.0,4.0,1.67,2022-23,1878.47680664,2024.3302002,-145.8533935600001,2,4.0,7.0,1.0,4.0,8.0,5.0,3.0,10.0,-6.0
2023-01-12,Fulham,Chelsea,2,1,H,1,0,H,8,20,3,10,5,7,12,16,4,3,0,1,3.3,3.5,2.15,2022-23,1714.91918945,1873.39746094,-158.47827149,0,8.0,5.0,3.0,9.0,3.0,4.0,1.0,4.0,5.0
2023-01-13,Aston Villa,Leeds,2,1,H,1,0,H,11,16,5,4,0,11,12,8,2,2,0,0,1.91,3.6,4.0,2022-23,1753.65686035,1712.55371094,41.103149410000015,0,9.0,6.0,3.0,10.0,10.0,12.0,1.0,5.0,5.0
2023-01-14,Man United,Man City,2,1,H,0,0,D,8,5,4,1,1,2,15,5,3,0,0,0,4.2,3.6,1.85,2022-23,1863.21459961,2029.40942383,-166.19482421999987,0,10.0,4.0,4.0,12.0,8.0,5.0,3.0,10.0,2.0
2023-01-14,Brighton,Liverpool,3,0,H,0,0,D,16,6,9,2,7,1,8,15,1,3,0,0,3.4,3.6,2.1,2022-23,1802.40270996,1987.2824707,-184.87976073999994,0,13.0,10.0,3.0,9.0,11.0,7.0,4.0,12.0,-3.0
2023-01-14,Everton,Southampton,1,2,A,1,0,H,12,13,4,5,6,4,7,19,0,3,0,0,2.25,3.25,3.3,2022-23,1684.4609375,1648.04064941,36.420288089999985,2,3.0,12.0,0.0,1.0,4.0,13.0,0.0,0.0,1.0
2023-01-14,Nott'm Forest,Leicester,2,0,H,0,0,D,15,6,5,1,3,5,11,12,1,2,0,0,2.7,3.3,2.63,2022-23,1639.99462891,1759.31298828,-119.31835936999983,0,5.0,6.0,2.0,8.0,5.0,6.0,2.0,6.0,2.0
2023-01-14,Wolves,West Ham,1,0,H,0,0,D,17,16,4,4,4,3,10,7,0,2,0,0,2.63,3.3,2.7,2022-23,1688.69750977,1748.53149414,-59.83398437000005,0,5.0,8.0,1.0,4.0,4.0,11.0,0.0,1.0,3.0
2023-01-14,Brentford,Bournemouth,2,0,H,1,0,H,12,7,4,2,5,3,5,9,1,1,0,0,1.65,4.0,5.25,2022-23,1773.82104492,1641.86364746,131.95739746000004,0,11.0,6.0,3.0,11.0,6.0,11.0,1.0,3.0,8.0
2023-01-15,Chelsea,Crystal Palace,1,0,H,0,0,D,15,10,5,5,11,7,10,17,2,5,0,0,1.62,4.0,5.25,2022-23,1862.16723633,1741.02978516,121.13745116999985,0,4.0,5.0,1.0,4.0,4.0,9.0,2.0,6.0,-2.0
2023-01-15,Newcastle,Fulham,1,0,H,0,0,D,20,5,5,0,10,5,6,14,1,3,0,0,1.5,4.33,6.5,2022-23,1852.99780273,1726.14953613,126.84826660000022,0,8.0,1.0,3.0,11.0,9.0,4.0,4.0,12.0,-1.0
2023-01-15,Tottenham,Arsenal,0,2,A,0,2,A,17,14,7,5,4,3,16,15,4,2,0,0,3.1,3.6,2.2,2022-23,1867.8692627,1930.56567383,-62.69641112999989,2,11.0,9.0,2.0,7.0,10.0,3.0,4.0,13.0,-6.0
2023-01-18,Crystal Palace,Man United,1,1,D,0,1,A,10,15,5,4,3,3,9,10,1,2,0,0,4.5,3.6,1.8,2022-23,1736.68188477,1874.46447754,-137.78259277000006,1,2.0,9.0,1.0,3.0,11.0,2.0,5.0,15.0,-12.0
2023-01-19,Man City,Tottenham,4,2,H,0,2,A,16,9,6,3,8,3,10,14,1,2,0,0,1.36,5.0,8.5,2022-23,2018.15966797,1857.59106445,160.56860352000012,0,7.0,6.0,2.0,7.0,10.0,9.0,2.0,7.0,0.0
2023-01-21,Leicester,Brighton,2,2,D,1,1,D,9,13,2,4,5,6,9,9,0,1,0,0,3.6,3.5,2.05,2022-23,1744.72021484,1823.11181641,-78.39160157000015,1,3.0,8.0,1.0,3.0,13.0,8.0,3.0,9.0,-6.0
2023-01-21,Bournemouth,Nott'm Forest,1,1,D,1,0,H,16,20,4,5,4,6,10,7,1,2,0,0,2.75,3.1,2.75,2022-23,1636.03796387,1654.58740234,-18.549438469999814,1,3.0,9.0,1.0,3.0,5.0,4.0,3.0,10.0,-7.0
2023-01-21,Liverpool,Chelsea,0,0,D,0,0,D,15,11,3,2,5,5,16,9,3,1,0,0,1.85,3.75,4.0,2022-23,1966.57336426,1866.51513672,100.05822753999996,1,9.0,9.0,3.0,9.0,5.0,4.0,2.0,7.0,2.0
2023-01-21,Crystal Palace,Newcastle,0,0,D,0,0,D,6,16,1,7,3,15,13,7,4,2,0,0,4.4,3.5,1.85,2022-23,1739.55004883,1857.1541748,-117.60412597000004,1,3.0,9.0,1.0,4.0,5.0,0.0,3.0,11.0,-7.0
2023-01-21,West Ham,Everton,2,0,H,2,0,H,11,5,4,2,4,9,9,6,1,1,0,0,1.8,3.75,4.75,2022-23,1739.55041504,1674.78503418,64.76538086000005,0,3.0,10.0,0.0,1.0,4.0,12.0,0.0,1.0,0.0
2023-01-21,Southampton,Aston Villa,0,1,A,0,0,D,8,16,5,5,2,2,19,9,1,2,0,0,2.88,3.25,2.55,2022-23,1657.71655273,1759.75231934,-102.03576660999988,2,5.0,10.0,1.0,3.0,8.0,6.0,3.0,10.0,-7.0
2023-01-22,Leeds,Brentford,0,0,D,0,0,D,9,6,5,0,2,3,10,18,2,2,0,0,2.38,3.6,2.88,2022-23,1706.45825195,1779.64672852,-73.18847656999992,1,7.0,11.0,0.0,2.0,11.0,4.0,4.0,13.0,-11.0
2023-01-22,Man City,Wolves,3,0,H,1,0,H,13,10,7,1,5,7,10,10,1,2,0,0,1.2,8.0,11.0,2022-23,2023.02734375,1697.67871094,325.34863281,0,10.0,6.0,3.0,10.0,4.0,5.0,2.0,7.0,3.0
2023-01-22,Arsenal,Man United,3,2,H,1,1,D,25,6,5,4,12,4,8,9,1,2,0,0,1.8,3.8,4.2,2022-23,1940.84387207,1871.59631348,69.24755859000015,0,11.0,3.0,4.0,13.0,10.0,2.0,4.0,13.0,0.0
2023-01-23,Fulham,Tottenham,0,1,A,0,1,A,10,10,5,3,3,8,10,10,1,3,0,0,3.3,3.6,2.1,2022-23,1721.99316406,1852.72338867,-130.73022461000005,2,8.0,3.0,4.0,12.0,8.0,10.0,1.0,4.0,8.0
2023-02-03,Chelsea,Fulham,0,0,D,0,0,D,12,10,3,4,6,2,16,12,1,4,0,0,1.62,4.0,5.25,2022-23,1870.25158691,1716.51513672,153.7364501899999,1,3.0,4.0,1.0,5.0,5.0,4.0,3.0,9.0,-4.0
2023-02-04,Everton,Arsenal,1,0,H,0,0,D,12,15,4,3,7,5,13,8,4,1,0,0,8.5,4.5,1.4,2022-23,1666.92407227,1946.26928711,-279.34521484000015,0,4.0,11.0,0.0,1.0,12.0,5.0,4.0,13.0,-12.0
2023-02-04,Aston Villa,Leicester,2,4,A,2,3,A,19,9,4,5,11,3,10,10,0,2,0,0,1.95,3.6,3.8,2022-23,1766.03100586,1745.92407227,20.106933590000153,2,7.0,5.0,3.0,10.0,3.0,10.0,0.0,1.0,9.0
2023-02-04,Brentford,Southampton,3,0,H,2,0,H,14,14,4,6,4,4,10,9,1,2,0,0,1.85,3.6,4.2,2022-23,1778.54077148,1651.43774414,127.10302734000015,0,9.0,3.0,3.0,11.0,4.0,8.0,1.0,3.0,8.0
2023-02-04,Brighton,Bournemouth,1,0,H,0,0,D,20,12,6,2,7,3,14,7,3,1,0,0,1.33,5.25,8.5,2022-23,1821.90795898,1635.52563477,186.3823242100002,0,14.0,8.0,3.0,10.0,1.0,10.0,0.0,1.0,9.0
2023-02-04,Man United,Crystal Palace,2,1,H,1,0,H,14,10,5,3,5,5,9,9,1,2,1,0,1.4,4.75,8.0,2022-23,1866.17077637,1741.84655762,124.32421875,0,9.0,5.0,3.0,10.0,3.0,6.0,1.0,5.0,5.0
2023-02-04,Wolves,Liverpool,3,0,H,2,0,H,12,22,6,4,2,7,9,7,1,1,0,0,4.0,3.8,1.85,2022-23,1695.0546875,1962.83691406,-267.78222656,0,4.0,6.0,2.0,7.0,6.0,8.0,2.0,7.0,0.0
2023-02-04,Newcastle,West Ham,1,1,D,1,1,D,8,10,2,1,4,2,11,13,2,1,0,0,1.6,3.8,6.0,2022-23,1854.85754395,1747.41137695,107.44616700000006,1,4.0,0.0,2.0,9.0,5.0,8.0,1.0,4.0,5.0
2023-02-05,Nott'm Forest,Leeds,1,0,H,1,0,H,6,10,2,4,0,2,15,14,4,2,0,0,2.63,3.3,2.7,2022-23,1655.09960938,1707.56433105,-52.46472167000002,0,5.0,5.0,2.0,8.0,4.0,7.0,0.0,3.0,5.0
2023-02-05,Tottenham,Man City,1,0,H,1,0,H,12,15,3,5,4,6,19,14,2,3,1,0,4.33,4.2,1.73,2022-23,1858.20129395,2025.65148926,-167.45019531000003,0,7.0,8.0,2.0,6.0,10.0,5.0,3.0,10.0,-4.0
2023-02-08,Man United,Leeds,2,2,D,0,1,A,24,8,7,2,6,5,7,11,1,3,0,0,1.45,5.0,6.0,2022-23,1870.37194824,1699.21447754,171.15747069999998,1,10.0,6.0,3.0,10.0,3.0,5.0,0.0,3.0,7.0
2023-02-11,West Ham,Chelsea,1,1,D,1,1,D,10,12,2,4,5,6,9,11,1,1,0,0,3.3,3.3,2.25,2022-23,1751.38952637,1865.21569824,-113.82617186999983,1,5.0,6.0,1.0,5.0,2.0,3.0,1.0,5.0,0.0
2023-02-11,Arsenal,Brentford,1,1,D,0,0,D,23,9,7,2,7,4,9,9,0,2,0,0,1.44,4.75,7.0,2022-23,1932.35388184,1785.5625,146.79138183999999,1,9.0,5.0,3.0,10.0,10.0,1.0,4.0,13.0,-3.0
2023-02-11,Crystal Palace,Brighton,1,1,D,0,0,D,6,17,1,7,1,6,10,11,4,1,0,0,3.8,3.5,2.0,2022-23,1737.64538574,1824.99304199,-87.34765625,1,2.0,8.0,0.0,2.0,12.0,7.0,3.0,10.0,-8.0
2023-02-11,Fulham,Nott'm Forest,2,0,H,1,0,H,16,10,3,1,5,4,9,11,0,1,0,0,1.91,3.5,4.33,2022-23,1721.55102539,1663.44946289,58.1015625,0,3.0,3.0,2.0,7.0,6.0,2.0,3.0,11.0,-4.0
2023-02-11,Leicester,Tottenham,4,1,H,3,1,H,15,11,7,4,1,5,14,9,5,2,0,0,3.4,3.6,2.1,2022-23,1759.25036621,1869.27246094,-110.02209472999994,0,7.0,9.0,1.0,4.0,8.0,6.0,3.0,9.0,-5.0
2023-02-11,Southampton,Wolves,1,2,A,1,0,H,17,11,2,2,5,2,12,14,2,2,0,1,2.9,3.2,2.55,2022-23,1644.41601562,1719.13122559,-74.71520996999993,2,3.0,8.0,1.0,3.0,5.0,5.0,2.0,7.0,-4.0
2023-02-11,Bournemouth,Newcastle,1,1,D,1,1,D,11,15,5,7,4,6,8,10,2,3,0,0,6.5,4.0,1.53,2022-23,1632.44067383,1850.87939453,-218.43872069999998,1,1.0,9.0,0.0,1.0,2.0,1.0,1.0,7.0,-6.0
2023-02-12,Leeds,Man United,0,2,A,0,0,D,16,11,6,5,7,3,10,13,2,1,0,0,3.75,3.8,1.91,2022-23,1704.67956543,1864.90686035,-160.22729492000008,2,5.0,7.0,0.0,3.0,9.0,8.0,2.0,8.0,-5.0
2023-02-12,Man City,Aston Villa,3,1,H,3,0,H,17,6,9,2,8,4,13,14,1,2,0,0,1.25,6.5,11.0,2022-23,2014.58032227,1752.70471191,261.8756103599999,0,9.0,5.0,3.0,9.0,8.0,6.0,3.0,10.0,-1.0
2023-02-13,Liverpool,Everton,2,0,H,1,0,H,15,6,6,1,3,3,8,16,1,3,0,0,1.5,4.33,6.5,2022-23,1938.76025391,1680.83947754,257.9207763700001,0,3.0,10.0,1.0,4.0,4.0,9.0,1.0,4.0,0.0
2023-02-15,Arsenal,Man City,1,3,A,1,1,D,10,9,1,6,1,3,11,15,2,3,0,0,2.9,3.5,2.35,2022-23,1926.0369873,2016.03466797,-89.99768067000014,2,6.0,4.0,2.0,8.0,11.0,6.0,3.0,9.0,-1.0
2023-02-18,Aston Villa,Arsenal,2,4,A,2,1,H,7,20,5,5,2,9,13,4,2,1,0,0,4.5,3.6,1.5,2022-23,1747.88244629,1915.75280762,-167.87036133000015,2,7.0,9.0,2.0,7.0,7.0,7.0,2.0,7.0,0.0
2023-02-18,Brentford,Crystal Palace,1,1,D,0,0,D,12,10,5,4,2,6,10,8,2,2,0,0,1.83,3.5,4.5,2022-23,1788.51147461,1736.90576172,51.60571288999995,1,9.0,2.0,3.0,11.0,3.0,5.0,0.0,3.0,8.0
2023-02-18,Brighton,Fulham,0,1,A,0,0,D,21,5,7,2,10,2,12,14,0,5,0,0,1.65,3.8,5.5,2022-23,1821.69287109,1727.38684082,94.30603026999984,2,11.0,4.0,3.0,11.0,4.0,3.0,2.0,7.0,4.0
2023-02-18,Chelsea,Southampton,0,1,A,0,1,A,17,8,5,5,8,2,16,24,3,6,0,0,1.4,4.75,8.5,2022-23,1857.0177002,1635.07531738,221.94238282000015,2,3.0,3.0,1.0,6.0,3.0,8.0,1.0,3.0,3.0
2023-02-18,Everton,Leeds,1,0,H,0,0,D,15,8,6,0,6,4,8,6,2,3,0,0,2.4,3.3,3.0,2022-23,1675.8927002,1695.50720215,-19.614501949999976,0,3.0,10.0,1.0,3.0,3.0,7.0,0.0,2.0,1.0
2023-02-18,Nott'm Forest,Man City,1,1,D,0,1,A,4,26,1,6,0,10,8,6,1,0,0,0,8.5,5.5,1.3,2022-23,1653.57385254,2024.97509766,-371.4012451200001,1,5.0,3.0,3.0,10.0,13.0,5.0,4.0,12.0,-2.0
2023-02-18,Wolves,Bournemouth,0,1,A,0,0,D,15,5,4,1,12,2,12,10,3,3,0,0,1.67,3.6,6.0,2022-23,1724.43212891,1635.08935547,89.34277343999997,2,7.0,5.0,3.0,10.0,2.0,8.0,0.0,2.0,8.0
2023-02-18,Newcastle,Liverpool,0,2,A,0,2,A,14,13,4,7,6,7,3,8,1,1,1,0,2.5,3.5,2.7,2022-23,1844.19091797,1939.6673584,-95.47644042999991,2,3.0,2.0,1.0,7.0,3.0,9.0,1.0,4.0,3.0
2023-02-19,Man United,Leicester,3,0,H,1,0,H,26,19,8,3,6,6,9,9,0,2,0,0,1.62,4.33,5.25,2022-23,1872.03869629,1773.74938965,98.28930663999995,0,9.0,7.0,2.0,8.0,10.0,8.0,2.0,7.0,1.0
2023-02-19,Tottenham,West Ham,2,0,H,0,0,D,16,6,6,1,4,7,16,10,2,1,0,0,1.75,3.6,4.75,2022-23,1846.40539551,1751.39086914,95.01452637000011,0,5.0,10.0,2.0,6.0,6.0,5.0,1.0,6.0,0.0
2023-02-24,Fulham,Wolves,1,1,D,0,1,A,10,8,5,2,4,3,12,17,2,0,0,0,2.5,3.2,3.0,2022-23,1737.55480957,1711.32421875,26.23059082000009,1,3.0,2.0,2.0,7.0,6.0,5.0,3.0,9.0,-2.0
2023-02-25,Everton,Aston Villa,0,2,A,0,0,D,15,9,5,5,5,1,12,12,2,1,0,0,2.5,3.2,3.0,2022-23,1681.7442627,1739.49206543,-57.747802729999876,2,3.0,6.0,2.0,6.0,8.0,12.0,2.0,6.0,0.0
2023-02-25,Leeds,Southampton,1,0,H,0,0,D,14,8,4,2,9,2,15,13,2,4,0,0,1.95,3.5,4.0,2022-23,1686.68652344,1647.84594727,38.84057617000008,0,2.0,6.0,0.0,2.0,4.0,7.0,2.0,6.0,-4.0
2023-02-25,Leicester,Arsenal,0,1,A,0,0,D,1,10,0,2,0,8,14,9,0,1,0,0,4.75,4.0,1.7,2022-23,1764.45349121,1921.17407227,-156.72058105999986,2,10.0,10.0,2.0,7.0,9.0,9.0,2.0,7.0,0.0
2023-02-25,West Ham,Nott'm Forest,4,0,H,0,0,D,18,8,5,3,12,3,8,5,0,0,0,0,1.75,3.6,5.0,2022-23,1743.2689209,1659.45617676,83.81274413999995,0,4.0,5.0,1.0,5.0,5.0,4.0,2.0,8.0,-3.0
2023-02-25,Bournemouth,Man City,1,4,A,0,3,A,13,20,2,5,4,6,10,9,2,2,0,0,10.0,5.75,1.29,2022-23,1645.22827148,2016.33105469,-371.10278320999987,2,3.0,5.0,1.0,5.0,10.0,4.0,3.0,10.0,-5.0
2023-02-25,Crystal Palace,Liverpool,0,0,D,0,0,D,6,12,0,4,5,3,11,14,2,5,0,0,4.75,3.8,1.73,2022-23,1738.09765625,1933.30065918,-195.2030029299999,1,4.0,5.0,0.0,4.0,4.0,6.0,2.0,7.0,-3.0
2023-02-26,Tottenham,Chelsea,2,0,H,0,0,D,8,10,3,2,4,4,10,10,2,3,0,0,2.55,3.25,2.9,2022-23,1851.55834961,1841.27807617,10.280273439999974,0,7.0,8.0,3.0,9.0,2.0,2.0,1.0,6.0,3.0
2023-03-01,Arsenal,Everton,4,0,H,2,0,H,15,8,5,5,5,1,5,12,0,2,0,0,1.36,4.75,10.0,2022-23,1926.26721191,1670.74597168,255.5212402300001,0,7.0,7.0,2.0,7.0,2.0,6.0,2.0,6.0,1.0
2023-03-01,Liverpool,Wolves,2,0,H,0,0,D,15,4,6,1,5,2,13,14,2,3,0,0,1.5,4.75,6.0,2022-23,1929.21496582,1713.33532715,215.87963867000008,0,4.0,3.0,2.0,8.0,6.0,6.0,2.0,7.0,1.0
2023-03-04,Man City,Newcastle,2,0,H,1,0,H,11,5,3,2,8,4,8,13,2,4,0,0,1.45,4.5,7.0,2022-23,2019.34545898,1833.15686035,186.18859863000012,0,11.0,5.0,3.0,10.0,3.0,4.0,1.0,6.0,4.0
2023-03-04,Arsenal,Bournemouth,3,2,H,0,1,A,31,4,9,4,17,1,6,8,0,2,0,0,1.22,7.0,12.0,2022-23,1930.43652344,1642.21386719,288.22265625,0,11.0,6.0,3.0,10.0,4.0,7.0,1.0,5.0,5.0
2023-03-04,Aston Villa,Crystal Palace,1,0,H,1,0,H,8,3,1,0,2,4,14,17,2,3,0,1,2.05,3.3,3.8,2022-23,1750.49047852,1742.18322754,8.307250979999935,0,8.0,11.0,2.0,6.0,3.0,4.0,0.0,4.0,2.0
2023-03-04,Brighton,West Ham,4,0,H,1,0,H,20,3,9,2,7,3,6,8,0,3,0,0,1.8,3.6,4.5,2022-23,1808.55578613,1753.38598633,55.169799799999964,0,7.0,4.0,2.0,8.0,8.0,4.0,2.0,8.0,0.0
2023-03-04,Chelsea,Leeds,1,0,H,0,0,D,13,11,3,2,5,7,10,7,2,0,0,0,1.62,4.0,5.5,2022-23,1831.93103027,1692.50622559,139.42480468000008,0,1.0,4.0,0.0,3.0,3.0,6.0,1.0,4.0,-1.0
2023-03-04,Wolves,Tottenham,1,0,H,0,0,D,8,21,5,6,4,8,11,18,1,1,0,0,3.3,3.4,2.2,2022-23,1709.67138672,1860.90539551,-151.23400878999996,0,6.0,5.0,2.0,7.0,7.0,4.0,4.0,12.0,-5.0
2023-03-04,Southampton,Leicester,1,0,H,1,0,H,11,11,5,0,3,4,12,11,4,2,0,0,2.75,3.3,2.6,2022-23,1642.02624512,1759.36035156,-117.33410643999991,0,2.0,7.0,1.0,3.0,10.0,9.0,2.0,7.0,-4.0
2023-03-05,Nott'm Forest,Everton,2,2,D,1,2,A,10,10,4,3,3,3,11,17,3,5,0,0,2.7,3.0,2.88,2022-23,1649.3392334,1666.57653809,-17.237304689999974,1,3.0,8.0,1.0,5.0,2.0,8.0,2.0,6.0,-1.0
2023-03-05,Liverpool,Man United,7,0,H,1,0,H,18,8,8,4,4,3,13,14,2,3,0,0,2.38,3.6,2.88,2022-23,1932.87890625,1887.84191895,45.036987299999964,0,6.0,3.0,3.0,10.0,11.0,6.0,3.0,10.0,0.0
2023-03-06,Brentford,Fulham,3,2,H,1,1,D,14,9,6,5,2,3,12,17,0,3,0,0,1.95,3.6,3.75,2022-23,1784.35070801,1735.54382324,48.806884770000124,0,7.0,2.0,2.0,9.0,4.0,2.0,2.0,8.0,1.0
2023-03-11,Bournemouth,Liverpool,1,0,H,1,0,H,5,15,2,6,3,8,7,9,2,1,0,0,7.5,5.0,1.4,2022-23,1645.58935547,1952.60327148,-307.01391601,0,5.0,9.0,1.0,4.0,13.0,0.0,4.0,13.0,-9.0
2023-03-11,Everton,Brentford,1,0,H,1,0,H,13,12,6,4,5,8,11,12,2,1,0,0,2.7,3.25,2.7,2022-23,1672.66345215,1794.85876465,-122.1953125,0,3.0,10.0,1.0,4.0,8.0,4.0,2.0,9.0,-5.0
2023-03-11,Leeds,Brighton,2,2,D,1,1,D,12,14,4,2,4,7,12,9,1,1,0,0,3.75,3.6,1.95,2022-23,1693.86279297,1824.63146973,-130.76867675999983,1,3.0,6.0,1.0,4.0,8.0,4.0,2.0,8.0,-4.0
2023-03-11,Leicester,Chelsea,1,3,A,1,2,A,17,12,7,6,2,5,10,11,1,2,1,0,3.75,3.5,1.95,2022-23,1754.80114746,1855.05310059,-100.25195312999995,2,8.0,8.0,2.0,6.0,2.0,4.0,1.0,5.0,1.0
2023-03-11,Tottenham,Nott'm Forest,3,1,H,2,0,H,15,9,7,5,2,10,13,13,3,1,0,0,1.44,4.75,7.0,2022-23,1847.31860352,1653.40246582,193.9161376999998,0,6.0,5.0,3.0,9.0,4.0,9.0,1.0,5.0,4.0
2023-03-11,Crystal Palace,Man City,0,1,A,0,0,D,4,14,0,4,2,6,11,17,2,2,0,0,9.0,4.75,1.36,2022-23,1740.62304688,2028.57324219,-287.95019531,2,3.0,5.0,0.0,3.0,13.0,4.0,4.0,13.0,-10.0
2023-03-12,Fulham,Arsenal,0,3,A,0,3,A,12,15,2,7,4,8,10,9,0,1,0,0,6.0,4.0,1.57,2022-23,1735.18579102,1937.4263916,-202.2406005800001,2,6.0,4.0,2.0,8.0,13.0,7.0,4.0,12.0,-4.0
2023-03-12,Man United,Southampton,0,0,D,0,0,D,10,17,4,4,7,8,12,9,2,0,0,0,1.36,5.0,9.0,2022-23,1885.69750977,1656.7355957,228.96191406999992,1,9.0,10.0,3.0,10.0,3.0,6.0,2.0,6.0,4.0
2023-03-12,West Ham,Aston Villa,1,1,D,1,1,D,17,12,6,4,13,2,8,6,1,0,0,0,2.2,3.3,3.4,2022-23,1749.76013184,1762.20080566,-12.440673820000029,1,6.0,8.0,1.0,5.0,8.0,11.0,2.0,6.0,-1.0
2023-03-12,Newcastle,Wolves,2,1,H,1,0,H,19,7,8,4,10,3,11,10,1,2,0,0,1.65,3.75,5.5,2022-23,1834.07922363,1725.56445312,108.51477050999983,0,2.0,6.0,0.0,3.0,4.0,5.0,2.0,7.0,-4.0
2023-03-15,Brighton,Crystal Palace,1,0,H,1,0,H,11,11,5,3,1,4,13,20,1,2,0,0,1.44,4.2,8.0,2022-23,1825.34350586,1740.55212402,84.79138183999999,0,8.0,4.0,2.0,8.0,2.0,4.0,0.0,3.0,5.0
2023-03-15,Southampton,Brentford,0,2,A,0,1,A,7,11,1,5,3,3,14,10,1,2,0,0,2.88,3.25,2.5,2022-23,1666.37268066,1787.93322754,-121.56054687999995,2,3.0,3.0,2.0,7.0,8.0,5.0,2.0,8.0,-1.0
2023-03-17,Nott'm Forest,Newcastle,1,2,A,1,1,D,5,15,3,4,3,7,17,9,5,1,0,0,5.5,3.8,1.62,2022-23,1650.14916992,1839.0255127,-188.87634277999996,2,4.0,12.0,0.0,2.0,4.0,7.0,1.0,5.0,-3.0
2023-03-18,Brentford,Leicester,1,1,D,1,0,H,11,14,2,1,8,4,10,11,1,2,1,0,1.91,3.6,3.75,2022-23,1794.66345215,1745.73510742,48.928344729999935,1,7.0,5.0,2.0,8.0,5.0,9.0,1.0,3.0,5.0
2023-03-18,Wolves,Leeds,2,4,A,0,1,A,23,11,8,4,5,4,15,9,3,5,1,0,2.25,3.2,3.3,2022-23,1721.95092773,1696.69433594,25.25659179000013,2,3.0,6.0,1.0,4.0,3.0,6.0,1.0,4.0,0.0
2023-03-18,Aston Villa,Bournemouth,3,0,H,1,0,H,20,10,9,3,9,6,8,13,1,4,0,0,1.7,3.8,5.0,2022-23,1764.12915039,1660.17456055,103.95458983999993,0,7.0,8.0,2.0,7.0,6.0,8.0,2.0,7.0,0.0
2023-03-18,Chelsea,Everton,2,2,D,0,0,D,20,12,7,3,8,2,8,12,2,2,0,0,1.5,4.2,7.5,2022-23,1865.45202637,1683.13269043,182.3193359400002,1,5.0,5.0,2.0,7.0,4.0,8.0,2.0,7.0,0.0
2023-03-18,Southampton,Tottenham,3,3,D,0,1,A,19,17,7,3,10,3,13,8,1,1,0,0,4.75,3.6,1.75,2022-23,1655.22070312,1851.90478516,-196.68408204000002,1,2.0,3.0,2.0,7.0,8.0,6.0,3.0,9.0,-2.0
2023-03-19,Arsenal,Crystal Palace,4,1,H,2,0,H,15,8,5,4,5,4,8,10,0,1,0,0,1.25,5.5,15.0,2022-23,1937.35522461,1733.6418457,203.71337891000007,0,15.0,4.0,5.0,15.0,1.0,4.0,0.0,2.0,13.0
2023-04-01,Man City,Liverpool,4,1,H,1,1,D,17,4,8,1,7,1,9,12,1,1,0,0,1.62,4.2,5.0,2022-23,2041.54101562,1933.89111328,107.64990234000015,0,11.0,3.0,4.0,13.0,11.0,1.0,3.0,10.0,3.0
2023-04-01,Arsenal,Leeds,4,1,H,1,0,H,13,7,6,5,4,3,11,13,0,2,0,0,1.29,6.0,9.0,2022-23,1941.99780273,1711.10632324,230.89147949000017,0,15.0,3.0,5.0,15.0,7.0,6.0,2.0,7.0,8.0
2023-04-01,Bournemouth,Fulham,2,1,H,0,1,A,12,10,7,2,4,3,15,13,1,4,0,0,2.55,3.3,2.8,2022-23,1652.87463379,1728.14892578,-75.27429198999994,0,5.0,10.0,2.0,6.0,6.0,7.0,2.0,7.0,-1.0
2023-04-01,Brighton,Brentford,3,3,D,2,2,D,33,7,15,5,14,0,16,10,2,1,0,0,1.67,4.0,5.0,2022-23,1827.83215332,1791.74316406,36.08898926000006,1,8.0,4.0,2.0,8.0,7.0,5.0,2.0,8.0,0.0
2023-04-01,Crystal Palace,Leicester,2,1,H,0,0,D,31,3,9,2,10,1,12,16,3,4,0,0,2.5,3.25,2.9,2022-23,1728.99938965,1748.65527344,-19.65588378999996,0,1.0,7.0,0.0,1.0,2.0,9.0,0.0,1.0,0.0
2023-04-01,Nott'm Forest,Wolves,1,1,D,1,0,H,17,8,7,1,4,3,14,13,3,5,0,0,3.0,3.1,2.55,2022-23,1645.27526855,1707.53881836,-62.263549810000086,1,5.0,12.0,0.0,2.0,5.0,9.0,1.0,4.0,-2.0
2023-04-01,Chelsea,Aston Villa,0,2,A,0,1,A,27,5,8,2,13,2,14,16,3,3,0,0,1.67,3.8,5.25,2022-23,1859.50634766,1771.42907715,88.07727051000006,2,6.0,6.0,2.0,7.0,9.0,5.0,3.0,10.0,-3.0
2023-04-02,West Ham,Southampton,1,0,H,1,0,H,12,9,2,3,5,3,10,11,0,2,0,0,1.73,3.6,5.0,2022-23,1751.7487793,1659.07275391,92.67602538999995,0,6.0,8.0,1.0,5.0,4.0,6.0,1.0,5.0,0.0
2023-04-02,Newcastle,Man United,2,0,H,0,0,D,22,6,6,1,7,4,8,12,0,0,0,0,2.4,3.4,2.9,2022-23,1843.89941406,1883.70861816,-39.80920409999999,0,5.0,7.0,2.0,7.0,7.0,9.0,2.0,8.0,-1.0
2023-04-03,Everton,Tottenham,1,1,D,0,0,D,15,8,6,2,3,3,10,14,0,3,1,1,3.4,3.3,2.2,2022-23,1689.07836914,1848.05273438,-158.97436524,1,5.0,10.0,1.0,5.0,10.0,5.0,3.0,10.0,-5.0
2023-04-04,Bournemouth,Brighton,0,2,A,0,1,A,14,16,3,6,5,5,11,5,1,1,0,0,6.0,4.2,1.53,2022-23,1661.45166016,1825.32202148,-163.87036132000003,2,6.0,11.0,2.0,6.0,10.0,6.0,2.0,8.0,-2.0
2023-04-04,Leeds,Nott'm Forest,2,1,H,2,1,H,21,13,6,1,11,4,11,13,1,4,0,0,1.7,3.75,5.0,2022-23,1707.2677002,1645.5411377,61.7265625,0,8.0,9.0,2.0,7.0,5.0,12.0,0.0,2.0,5.0
2023-04-04,Leicester,Aston Villa,1,2,A,1,1,D,9,15,4,5,4,8,10,14,2,0,1,0,2.55,3.3,2.75,2022-23,1741.45727539,1788.20214844,-46.744873050000024,2,3.0,8.0,0.0,1.0,9.0,1.0,4.0,13.0,-12.0
2023-04-04,Chelsea,Liverpool,0,0,D,0,0,D,12,7,3,4,3,5,6,17,1,4,0,0,2.2,3.4,3.25,2022-23,1842.73327637,1926.77844238,-84.04516600999978,1,6.0,7.0,2.0,7.0,10.0,5.0,2.0,7.0,0.0
2023-04-05,Man United,Brentford,1,0,H,1,0,H,18,6,3,1,12,3,8,13,3,2,0,0,1.65,4.0,5.0,2022-23,1872.80004883,1794.2532959,78.54675292999991,0,5.0,9.0,2.0,7.0,9.0,7.0,2.0,8.0,-1.0
2023-04-05,West Ham,Newcastle,1,5,A,1,2,A,7,15,2,8,7,6,11,12,2,1,0,0,3.6,3.25,2.15,2022-23,1756.24475098,1854.8079834,-98.56323242000008,2,6.0,7.0,2.0,7.0,6.0,6.0,3.0,9.0,-2.0
2023-04-08,Fulham,West Ham,0,1,A,0,1,A,16,9,3,5,11,4,10,12,1,1,0,0,2.8,3.25,2.63,2022-23,1719.57177734,1742.21166992,-22.63989258000015,2,5.0,9.0,1.0,4.0,7.0,10.0,2.0,7.0,-3.0
2023-04-08,Man United,Everton,2,0,H,1,0,H,29,15,11,1,10,4,10,9,0,0,0,0,1.5,4.33,6.5,2022-23,1877.56213379,1691.98669434,185.57543944999998,0,4.0,9.0,2.0,7.0,6.0,9.0,1.0,6.0,1.0
2023-04-08,Aston Villa,Nott'm Forest,2,0,H,0,0,D,8,6,3,2,1,8,7,17,3,4,0,0,1.6,4.2,5.25,2022-23,1796.50170898,1640.36157227,156.1401367100002,0,9.0,2.0,4.0,13.0,6.0,10.0,0.0,2.0,11.0
2023-04-08,Brentford,Newcastle,1,2,A,1,0,H,12,10,6,4,6,5,10,15,0,0,0,0,3.6,3.4,2.05,2022-23,1789.49121094,1868.84106445,-79.34985351,2,6.0,6.0,1.0,5.0,11.0,5.0,4.0,12.0,-7.0
2023-04-08,Tottenham,Brighton,2,1,H,1,1,D,9,17,3,4,3,7,15,15,3,1,0,0,2.55,3.5,2.7,2022-23,1845.14440918,1832.90759277,12.236816409999847,0,9.0,6.0,2.0,8.0,12.0,5.0,3.0,11.0,-3.0
2023-04-08,Wolves,Chelsea,1,0,H,1,0,H,9,13,4,1,8,8,14,10,2,5,0,0,4.2,3.5,1.91,2022-23,1707.27294922,1843.56323242,-136.29028319999998,0,5.0,9.0,1.0,4.0,6.0,5.0,2.0,8.0,-4.0
2023-04-08,Southampton,Man City,1,4,A,0,1,A,4,13,1,8,0,10,6,10,0,2,0,0,11.0,6.0,1.25,2022-23,1654.57678223,2048.65356445,-394.07678222000004,2,4.0,6.0,1.0,5.0,12.0,3.0,4.0,13.0,-8.0
2023-04-08,Leicester,Bournemouth,0,1,A,0,1,A,14,19,4,7,6,6,10,13,0,3,0,0,1.83,3.75,4.2,2022-23,1733.15759277,1653.86621094,79.29138183000009,2,4.0,9.0,0.0,1.0,5.0,9.0,2.0,6.0,-5.0
2023-04-09,Leeds,Crystal Palace,1,5,A,1,1,D,11,16,7,8,2,4,11,8,3,1,0,0,2.1,3.4,3.6,2022-23,1712.44714355,1736.1973877,-23.75024415000007,2,9.0,10.0,2.0,7.0,3.0,8.0,1.0,3.0,4.0
2023-04-09,Liverpool,Arsenal,2,2,D,1,2,A,21,9,6,5,5,4,11,11,4,4,0,0,2.88,3.6,2.38,2022-23,1925.94848633,1945.83642578,-19.887939449999976,1,10.0,5.0,2.0,7.0,18.0,4.0,5.0,15.0,-8.0
2023-04-15,Southampton,Crystal Palace,0,2,A,0,0,D,11,9,4,2,6,2,6,13,3,1,0,0,2.8,3.1,2.7,2022-23,1652.02697754,1753.99755859,-101.97058104999996,2,4.0,10.0,0.0,2.0,8.0,8.0,2.0,6.0,-4.0
2023-04-15,Aston Villa,Newcastle,3,0,H,1,0,H,16,8,6,2,7,2,13,15,1,1,0,0,3.6,3.4,2.05,2022-23,1801.51342773,1876.32397461,-74.81054687999995,0,10.0,2.0,4.0,13.0,13.0,4.0,5.0,15.0,-2.0
2023-04-15,Everton,Fulham,1,3,A,1,1,D,15,21,7,7,4,8,10,6,3,2,0,0,2.05,3.4,3.7,2022-23,1687.98425293,1710.90380859,-22.919555660000015,2,6.0,7.0,1.0,6.0,4.0,10.0,0.0,1.0,5.0
2023-04-15,Wolves,Brentford,2,0,H,1,0,H,11,10,9,3,5,2,12,8,1,1,0,0,2.45,3.1,3.0,2022-23,1717.95959473,1782.32702637,-64.36743164000018,0,6.0,7.0,2.0,7.0,7.0,7.0,1.0,5.0,2.0
2023-04-15,Tottenham,Bournemouth,2,3,A,1,1,D,24,6,8,6,8,1,8,9,1,2,0,0,1.45,4.5,7.0,2022-23,1851.72363281,1665.28271484,186.4409179700001,2,9.0,7.0,2.0,8.0,4.0,6.0,3.0,9.0,-1.0
2023-04-15,Man City,Leicester,3,1,H,3,0,H,12,10,4,4,6,2,8,8,1,1,0,0,1.14,8.5,15.0,2022-23,2060.53149414,1722.06005859,338.47143555000025,0,15.0,3.0,5.0,15.0,4.0,9.0,0.0,1.0,14.0
2023-04-15,Chelsea,Brighton,1,2,A,1,1,D,8,26,2,10,2,8,11,11,2,2,0,0,2.63,3.4,2.63,2022-23,1827.19384766,1826.64733887,0.5465087899999617,2,5.0,6.0,1.0,5.0,9.0,7.0,2.0,8.0,-3.0
2023-04-16,West Ham,Arsenal,2,2,D,1,2,A,16,11,3,5,7,2,11,8,1,2,0,0,6.0,4.2,1.55,2022-23,1751.61779785,1946.84753418,-195.22973632999992,1,4.0,10.0,2.0,7.0,16.0,6.0,4.0,13.0,-6.0
2023-04-16,Nott'm Forest,Man United,0,2,A,0,1,A,6,22,0,8,4,9,9,9,2,2,0,0,5.5,4.0,1.62,2022-23,1635.66882324,1878.94750977,-243.27868652999996,2,4.0,10.0,0.0,1.0,3.0,9.0,2.0,7.0,-6.0
2023-04-17,Leeds,Liverpool,1,6,A,0,2,A,13,13,3,7,4,2,6,12,0,1,0,0,4.2,4.2,1.73,2022-23,1694.96582031,1925.25634766,-230.29052735000005,2,10.0,14.0,2.0,7.0,10.0,7.0,1.0,5.0,2.0
2023-04-21,Arsenal,Southampton,3,3,D,1,2,A,25,8,6,6,7,2,10,14,1,5,0,0,1.2,7.0,13.0,2022-23,1941.6619873,1641.28869629,300.37329101,1,15.0,6.0,3.0,11.0,4.0,12.0,0.0,1.0,10.0
2023-04-22,Leicester,Wolves,2,1,H,1,1,D,15,16,8,3,1,7,17,16,1,3,0,0,2.38,3.3,3.0,2022-23,1713.68310547,1723.38537598,-9.702270509999835,0,4.0,9.0,0.0,1.0,7.0,7.0,2.0,7.0,-6.0
2023-04-22,Liverpool,Nott'm Forest,3,2,H,0,0,D,18,11,6,5,9,3,9,12,0,1,0,0,1.17,7.5,17.0,2022-23,1926.88867188,1623.88769531,303.0009765699999,0,9.0,8.0,1.0,5.0,3.0,9.0,0.0,1.0,4.0
2023-04-22,Fulham,Leeds,2,1,H,0,0,D,12,10,5,2,8,6,10,15,1,4,0,0,2.3,3.4,3.1,2022-23,1716.72583008,1680.00134277,36.72448730999986,0,6.0,10.0,1.0,3.0,9.0,18.0,2.0,6.0,-3.0
2023-04-22,Brentford,Aston Villa,1,1,D,0,0,D,6,14,5,2,8,4,12,8,3,2,0,0,2.5,3.25,2.88,2022-23,1763.5690918,1810.03161621,-46.462524410000015,1,5.0,9.0,0.0,2.0,12.0,1.0,5.0,15.0,-13.0
2023-04-22,Crystal Palace,Everton,0,0,D,0,0,D,12,10,2,5,8,1,12,14,1,1,0,1,2.05,3.2,3.75,2022-23,1756.86157227,1668.82995605,88.03161621999993,1,10.0,7.0,3.0,9.0,5.0,8.0,1.0,5.0,4.0
2023-04-23,Bournemouth,West Ham,0,4,A,0,3,A,17,18,5,10,8,5,7,8,1,2,0,0,2.88,3.2,2.55,2022-23,1672.1394043,1757.16345215,-85.02404784999999,2,6.0,8.0,3.0,9.0,6.0,8.0,2.0,8.0,1.0
2023-04-23,Newcastle,Tottenham,6,1,H,5,0,H,25,11,8,3,9,3,7,13,0,3,0,0,1.83,3.75,4.2,2022-23,1854.47363281,1831.53466797,22.938964839999926,0,11.0,6.0,4.0,12.0,11.0,9.0,2.0,8.0,4.0
2023-04-25,Wolves,Crystal Palace,2,0,H,1,0,H,9,14,3,4,6,11,13,14,5,4,0,0,2.45,3.2,3.0,2022-23,1716.23925781,1753.18127441,-36.94201659999999,0,7.0,7.0,2.0,7.0,10.0,6.0,3.0,10.0,-3.0
2023-04-25,Aston Villa,Fulham,1,0,H,1,0,H,14,1,3,0,8,2,6,18,3,2,0,0,1.75,4.0,4.2,2022-23,1810.02209473,1722.50805664,87.51403808999999,0,10.0,2.0,4.0,13.0,6.0,8.0,2.0,6.0,7.0
2023-04-25,Leeds,Leicester,1,1,D,1,0,H,13,15,3,3,3,6,14,15,4,2,0,0,2.3,3.5,3.0,2022-23,1674.21923828,1720.82922363,-46.60998534999999,1,6.0,18.0,1.0,3.0,5.0,9.0,1.0,3.0,0.0
2023-04-26,Nott'm Forest,Brighton,3,1,H,1,1,D,12,17,5,7,2,7,7,8,2,0,0,0,6.0,4.2,1.53,2022-23,1622.29052734,1829.50939941,-207.2188720700001,0,4.0,10.0,0.0,1.0,9.0,6.0,3.0,10.0,-9.0
2023-04-26,Chelsea,Brentford,0,2,A,0,1,A,15,7,4,1,5,2,5,13,1,2,0,0,1.7,4.0,4.75,2022-23,1804.6706543,1763.57873535,41.091918950000036,2,3.0,7.0,0.0,2.0,5.0,9.0,0.0,2.0,0.0
2023-04-26,West Ham,Liverpool,1,2,A,1,1,D,7,20,2,4,3,6,6,8,0,0,0,0,3.9,3.9,1.85,2022-23,1771.29333496,1928.48571777,-157.19238281000003,2,9.0,7.0,3.0,10.0,12.0,9.0,2.0,8.0,2.0
2023-04-26,Man City,Arsenal,4,1,H,2,0,H,14,8,9,2,1,3,13,13,3,1,0,0,1.55,4.5,5.25,2022-23,2057.96728516,1928.5925293,129.37475585999982,0,14.0,3.0,5.0,15.0,15.0,9.0,2.0,9.0,6.0
2023-04-27,Everton,Newcastle,1,4,A,0,1,A,13,15,5,8,3,14,8,6,2,1,0,0,4.75,3.6,1.73,2022-23,1672.51037598,1868.48242188,-195.9720459,2,4.0,8.0,0.0,3.0,15.0,6.0,4.0,12.0,-9.0
2023-04-27,Southampton,Bournemouth,0,1,A,0,0,D,11,16,2,2,6,4,9,11,0,3,0,0,2.25,3.4,3.2,2022-23,1643.44238281,1658.00964355,-14.567260739999938,2,7.0,13.0,0.0,2.0,6.0,9.0,3.0,9.0,-7.0
2023-04-27,Tottenham,Man United,2,2,D,0,2,A,18,17,7,8,6,8,8,7,1,2,0,0,2.8,3.6,2.4,2022-23,1817.52575684,1851.24658203,-33.720825189999914,1,9.0,14.0,1.0,5.0,5.0,2.0,3.0,10.0,-5.0
2023-04-29,Crystal Palace,West Ham,4,3,H,3,2,H,16,8,6,4,8,5,9,17,1,2,0,0,2.63,3.25,2.75,2022-23,1741.75256348,1766.06311035,-24.310546870000053,0,9.0,4.0,3.0,10.0,9.0,9.0,2.0,7.0,3.0
2023-04-29,Brentford,Nott'm Forest,2,1,H,0,1,A,14,5,8,3,6,0,6,13,1,2,0,0,1.65,3.8,5.5,2022-23,1778.25683594,1639.59765625,138.65917968999997,0,4.0,6.0,1.0,4.0,6.0,10.0,1.0,3.0,1.0
2023-04-29,Brighton,Wolves,6,0,H,4,0,H,22,10,8,2,2,5,14,11,1,1,0,0,1.5,4.33,6.5,2022-23,1812.20227051,1727.66784668,84.53442383000015,0,9.0,9.0,2.0,7.0,7.0,3.0,3.0,10.0,-3.0
2023-04-30,Bournemouth,Leeds,4,1,H,2,1,H,12,15,7,6,2,6,12,14,1,0,0,0,2.55,3.5,2.7,2022-23,1666.98657227,1674.25036621,-7.2637939400001414,0,5.0,8.0,3.0,9.0,6.0,15.0,1.0,4.0,5.0
2023-04-30,Fulham,Man City,1,2,A,1,2,A,4,12,1,9,2,5,9,10,1,3,0,0,12.0,6.0,1.25,2022-23,1717.72265625,2064.57592773,-346.8532714799999,2,6.0,6.0,2.0,6.0,16.0,4.0,5.0,15.0,-9.0
2023-04-30,Man United,Aston Villa,1,0,H,1,0,H,14,7,6,1,1,4,16,7,2,0,0,0,1.73,3.9,4.6,2022-23,1851.63476562,1814.80749512,36.82727049999994,0,7.0,4.0,3.0,10.0,9.0,2.0,4.0,13.0,-3.0
2023-04-30,Newcastle,Southampton,3,1,H,0,1,A,22,4,5,3,11,2,7,10,1,4,0,0,1.3,5.25,10.0,2022-23,1876.25109863,1634.46533203,241.7857666,0,17.0,7.0,4.0,12.0,4.0,11.0,0.0,1.0,11.0
2023-04-30,Liverpool,Tottenham,4,3,H,3,1,H,12,10,4,7,5,2,12,6,3,2,0,0,1.53,4.5,5.75,2022-23,1933.71594238,1817.13769531,116.57824706999986,0,13.0,6.0,3.0,11.0,8.0,13.0,1.0,5.0,6.0
2023-05-01,Leicester,Everton,2,2,D,2,1,H,15,23,6,8,2,9,10,12,4,1,0,0,2.0,3.5,3.75,2022-23,1720.79797363,1664.74169922,56.05627440999979,1,5.0,8.0,1.0,4.0,3.0,10.0,0.0,2.0,2.0
2023-05-02,Arsenal,Chelsea,3,1,H,3,0,H,16,7,10,4,7,2,10,10,0,2,0,0,1.6,4.0,5.5,2022-23,1921.98376465,1789.99243164,131.99133301000006,0,12.0,12.0,1.0,6.0,1.0,7.0,0.0,1.0,5.0
2023-05-03,Liverpool,Fulham,1,0,H,1,0,H,15,9,3,3,7,5,10,8,0,0,0,0,1.25,5.75,11.0,2022-23,1937.74694824,1715.74194336,222.0050048799999,0,17.0,9.0,4.0,13.0,6.0,6.0,2.0,6.0,7.0
2023-05-03,Man City,West Ham,3,0,H,0,0,D,16,6,7,2,6,3,8,8,0,1,0,0,1.2,7.0,13.0,2022-23,2066.55664062,1758.54016113,308.01647949000017,0,17.0,5.0,5.0,15.0,11.0,8.0,2.0,7.0,8.0
2023-05-04,Brighton,Man United,1,0,H,0,0,D,22,16,6,5,8,6,10,14,4,4,0,0,1.95,3.5,3.75,2022-23,1824.46618652,1857.52453613,-33.05834960999982,0,12.0,6.0,3.0,9.0,8.0,2.0,4.0,13.0,-4.0
2023-05-06,Bournemouth,Chelsea,1,3,A,1,1,D,10,11,4,5,7,7,9,11,1,3,0,0,3.3,3.5,2.15,2022-23,1679.01330566,1784.52539062,-105.51208496000004,2,9.0,7.0,4.0,12.0,2.0,8.0,0.0,1.0,11.0
2023-05-06,Man City,Leeds,2,1,H,2,0,H,18,4,6,2,10,1,3,16,0,3,0,0,1.17,8.5,15.0,2022-23,2069.11499023,1662.22363281,406.89135741999985,0,16.0,4.0,5.0,15.0,5.0,18.0,0.0,1.0,14.0
2023-05-06,Tottenham,Crystal Palace,1,0,H,1,0,H,8,7,3,2,8,4,15,14,3,5,0,0,1.8,3.8,4.2,2022-23,1813.10656738,1749.2755127,63.83105467999985,0,10.0,16.0,1.0,4.0,11.0,6.0,3.0,10.0,-6.0
2023-05-06,Wolves,Aston Villa,1,0,H,1,0,H,6,16,2,3,5,6,20,9,3,3,0,0,2.88,3.3,2.5,2022-23,1715.40405273,1808.91772461,-93.51367187999995,0,6.0,8.0,3.0,9.0,7.0,2.0,3.0,10.0,-1.0
2023-05-06,Liverpool,Brentford,1,0,H,1,0,H,15,5,5,1,7,3,19,10,4,2,0,0,1.44,5.0,6.0,2022-23,1940.13647461,1782.06506348,158.07141113000012,0,16.0,7.0,5.0,15.0,6.0,6.0,2.0,7.0,8.0
2023-05-07,Newcastle,Arsenal,0,2,A,0,1,A,12,10,5,6,9,4,16,12,2,1,0,0,2.45,3.75,2.63,2022-23,1879.38903809,1927.45080566,-48.06176757000003,2,15.0,7.0,4.0,12.0,11.0,12.0,1.0,6.0,6.0
2023-05-07,West Ham,Man United,1,0,H,1,0,H,15,19,4,4,5,6,4,9,0,2,0,0,3.4,3.75,2.05,2022-23,1755.98181152,1849.97033691,-93.98852538999995,0,10.0,11.0,1.0,4.0,7.0,3.0,3.0,10.0,-6.0
2023-05-08,Brighton,Everton,1,5,A,0,3,A,23,10,5,5,15,1,11,13,1,5,0,0,1.33,5.25,9.0,2022-23,1832.02038574,1667.64343262,164.37695311999983,2,11.0,6.0,3.0,9.0,4.0,11.0,0.0,2.0,7.0
2023-05-08,Nott'm Forest,Southampton,4,3,H,3,1,H,9,19,4,5,2,11,16,10,1,0,0,0,2.1,3.6,3.4,2022-23,1635.78942871,1631.32751465,4.461914060000026,0,6.0,10.0,1.0,3.0,5.0,13.0,0.0,1.0,2.0
2023-05-08,Fulham,Leicester,5,3,H,3,0,H,17,18,7,9,2,7,13,15,0,3,0,0,2.63,3.5,2.6,2022-23,1713.35253906,1717.8963623,-4.543823239999938,0,6.0,6.0,2.0,6.0,6.0,8.0,1.0,5.0,1.0
2023-05-13,Leeds,Newcastle,2,2,D,1,1,D,9,18,4,5,2,6,16,14,3,2,1,0,4.33,4.2,1.7,2022-23,1662.25305176,1868.69396973,-206.44091796999987,1,5.0,15.0,0.0,1.0,13.0,8.0,3.0,9.0,-8.0
2023-05-13,Aston Villa,Tottenham,2,1,H,1,0,H,8,5,4,2,8,3,9,14,3,3,0,0,2.25,3.6,2.9,2022-23,1800.42492676,1819.12731934,-18.702392579999923,0,5.0,3.0,2.0,7.0,9.0,15.0,1.0,4.0,3.0
2023-05-13,Chelsea,Nott'm Forest,2,2,D,0,1,A,14,11,6,2,2,5,13,15,3,1,0,0,1.5,4.5,6.0,2022-23,1794.84033203,1643.26086426,151.57946776999984,1,5.0,9.0,1.0,3.0,10.0,11.0,2.0,6.0,-3.0
2023-05-13,Crystal Palace,Bournemouth,2,0,H,1,0,H,17,5,5,0,11,2,5,12,0,2,0,0,1.83,3.6,4.2,2022-23,1744.87902832,1670.32250977,74.55651855000019,0,6.0,6.0,2.0,7.0,9.0,10.0,3.0,9.0,-2.0
2023-05-13,Man United,Wolves,2,0,H,1,0,H,27,5,9,0,11,7,9,9,3,2,0,0,1.36,5.0,7.5,2022-23,1841.63452148,1725.52087402,116.11364746000004,0,5.0,4.0,2.0,7.0,6.0,8.0,3.0,9.0,-2.0
2023-05-13,Southampton,Fulham,0,2,A,0,0,D,5,9,1,4,1,8,17,12,2,0,0,0,2.75,3.3,2.5,2022-23,1625.48022461,1723.70690918,-98.22668456999986,2,7.0,13.0,0.0,1.0,8.0,8.0,2.0,6.0,-5.0
2023-05-14,Brentford,West Ham,2,0,H,2,0,H,24,4,10,4,7,5,5,5,1,0,0,0,2.0,3.5,3.6,2022-23,1779.58166504,1768.19128418,11.39038086000005,0,5.0,5.0,2.0,7.0,9.0,9.0,2.0,6.0,1.0
2023-05-14,Everton,Man City,0,3,A,0,2,A,7,9,3,4,8,6,12,4,1,0,0,0,9.0,4.75,1.36,2022-23,1694.99169922,2071.11010742,-376.1184082,2,9.0,10.0,1.0,5.0,14.0,4.0,5.0,15.0,-10.0
2023-05-14,Arsenal,Brighton,0,3,A,0,0,D,14,12,2,6,5,2,13,17,1,2,0,0,1.73,4.2,4.2,2022-23,1939.77001953,1806.29614258,133.47387694999998,2,11.0,10.0,2.0,8.0,11.0,9.0,3.0,9.0,-1.0
2023-05-15,Leicester,Liverpool,0,3,A,0,2,A,4,16,4,5,4,4,11,17,2,1,0,0,5.25,4.33,1.57,2022-23,1709.1661377,1944.24414062,-235.07800292000002,2,9.0,12.0,1.0,5.0,11.0,6.0,5.0,15.0,-10.0
2023-05-18,Newcastle,Brighton,4,1,H,2,0,H,22,8,9,2,6,1,17,16,2,4,0,0,2.0,3.8,3.5,2022-23,1864.4185791,1827.98217773,36.436401369999885,0,15.0,7.0,3.0,10.0,12.0,8.0,3.0,9.0,1.0
2023-05-20,Wolves,Everton,1,1,D,1,0,H,13,19,5,4,1,7,18,10,5,1,0,0,2.75,3.3,2.6,2022-23,1724.22692871,1696.65820312,27.568725589999985,1,4.0,10.0,2.0,6.0,8.0,10.0,1.0,5.0,1.0
2023-05-20,Liverpool,Aston Villa,1,1,D,0,1,A,10,6,5,3,9,4,16,13,3,5,0,0,1.45,5.0,6.25,2022-23,1955.11572266,1812.30029297,142.81542968999997,1,11.0,4.0,5.0,15.0,4.0,4.0,2.0,7.0,8.0
2023-05-20,Bournemouth,Man United,0,1,A,0,1,A,10,20,4,5,3,6,6,7,1,0,0,0,6.0,4.75,1.5,2022-23,1667.70898438,1852.27661133,-184.56762694999998,2,6.0,10.0,2.0,6.0,5.0,4.0,2.0,7.0,-1.0
2023-05-20,Fulham,Crystal Palace,2,2,D,1,1,D,11,11,4,5,7,4,13,12,3,0,0,0,2.45,3.4,2.9,2022-23,1737.79785156,1756.84069824,-19.04284667999991,1,8.0,7.0,2.0,6.0,6.0,6.0,2.0,7.0,-1.0
2023-05-20,Nott'm Forest,Arsenal,1,0,H,1,0,H,6,11,2,3,3,6,11,12,3,2,0,0,5.25,4.33,1.57,2022-23,1653.11474609,1922.75805664,-269.64331055,0,12.0,11.0,2.0,7.0,9.0,11.0,2.0,7.0,0.0
2023-05-20,Tottenham,Brentford,1,3,A,1,0,H,22,11,8,4,8,2,11,9,1,1,0,0,1.83,3.9,4.0,2022-23,1816.60021973,1793.40161133,23.198608400000012,2,8.0,14.0,1.0,4.0,7.0,3.0,3.0,10.0,-6.0
2023-05-21,West Ham,Leeds,3,1,H,1,1,D,19,12,9,3,9,5,6,11,1,3,0,0,2.4,3.5,2.88,2022-23,1770.27746582,1671.20251465,99.07495117000008,0,5.0,11.0,1.0,3.0,6.0,11.0,0.0,2.0,1.0
2023-05-21,Brighton,Southampton,3,1,H,2,0,H,26,5,8,1,4,3,8,9,2,5,0,0,1.22,7.0,11.0,2022-23,1822.49365234,1620.73742676,201.75622557999986,0,12.0,9.0,3.0,9.0,7.0,13.0,0.0,1.0,8.0
2023-05-21,Man City,Chelsea,1,0,H,1,0,H,15,13,2,6,5,2,12,9,0,2,0,0,1.25,6.0,11.0,2022-23,2087.48999023,1794.33447266,293.1555175699998,0,14.0,3.0,5.0,15.0,7.0,10.0,1.0,4.0,11.0
2023-05-22,Newcastle,Leicester,0,0,D,0,0,D,23,1,4,1,12,1,9,5,2,0,0,0,1.36,5.5,7.0,2022-23,1879.25537109,1707.6427002,171.6126708899999,1,13.0,7.0,3.0,10.0,8.0,12.0,1.0,5.0,5.0
2023-05-24,Brighton,Man City,1,1,D,1,1,D,20,13,7,4,5,1,16,11,2,1,0,0,4.0,4.33,1.75,2022-23,1826.29492188,2089.16748047,-262.87255859000015,1,9.0,10.0,3.0,9.0,11.0,2.0,5.0,15.0,-6.0
2023-05-25,Man United,Chelsea,4,1,H,2,0,H,18,14,9,5,3,4,12,6,1,1,0,0,1.6,4.33,5.0,2022-23,1856.97680664,1792.65698242,64.31982421999987,0,4.0,2.0,3.0,9.0,6.0,9.0,1.0,4.0,5.0
2023-05-28,Arsenal,Wolves,5,0,H,3,0,H,14,6,8,0,8,4,8,11,0,0,0,0,1.36,5.25,8.0,2022-23,1909.25439453,1722.08422852,187.17016601,0,6.0,9.0,2.0,6.0,4.0,9.0,2.0,7.0,-1.0
2023-05-28,Chelsea,Newcastle,1,1,D,1,1,D,22,13,5,4,10,3,9,11,0,0,0,0,2.9,3.5,2.38,2022-23,1783.37414551,1873.66137695,-90.28723143999991,1,7.0,11.0,1.0,4.0,9.0,6.0,2.0,8.0,-4.0
2023-05-28,Aston Villa,Brighton,2,1,H,2,1,H,12,8,5,4,4,3,15,16,4,4,0,0,2.0,3.6,3.5,2022-23,1817.30053711,1831.8046875,-14.50415038999995,0,4.0,4.0,2.0,7.0,9.0,11.0,2.0,7.0,0.0
2023-05-28,Crystal Palace,Nott'm Forest,1,1,D,0,1,A,16,7,4,4,5,4,9,13,0,2,0,0,1.67,4.0,5.0,2022-23,1757.67358398,1666.61853027,91.05505371000004,1,8.0,8.0,2.0,7.0,11.0,8.0,3.0,10.0,-3.0
2023-05-28,Brentford,Man City,1,0,H,0,0,D,11,17,4,3,3,4,12,8,4,0,0,0,3.8,4.0,1.83,2022-23,1807.13378906,2083.65771484,-276.5239257800001,0,9.0,3.0,4.0,12.0,10.0,2.0,4.0,13.0,-1.0
2023-05-28,Southampton,Liverpool,4,4,D,2,2,D,15,30,10,8,2,9,4,10,0,2,0,0,6.5,4.75,1.44,2022-23,1616.93615723,1950.11547852,-333.17932128999996,1,5.0,13.0,0.0,0.0,10.0,4.0,4.0,13.0,-13.0
2023-05-28,Man United,Fulham,2,1,H,1,1,D,21,10,8,3,5,4,14,10,1,2,0,0,1.5,4.33,6.0,2022-23,1866.25976562,1736.96496582,129.29479979999996,0,7.0,3.0,3.0,9.0,10.0,8.0,2.0,7.0,2.0
2023-05-28,Leicester,West Ham,2,1,H,1,0,H,13,16,4,3,3,5,8,10,1,1,0,0,1.91,3.8,3.6,2022-23,1713.23669434,1776.47998047,-63.243286130000115,0,6.0,11.0,0.0,3.0,7.0,10.0,2.0,6.0,-3.0
2023-05-28,Everton,Bournemouth,1,0,H,0,0,D,13,7,6,2,9,3,11,12,1,3,0,0,1.5,4.5,6.5,2022-23,1698.80090332,1663.00878906,35.79211426000006,0,9.0,11.0,1.0,5.0,6.0,7.0,2.0,6.0,-1.0
2023-05-28,Leeds,Tottenham,1,4,A,0,1,A,19,11,2,7,12,3,7,5,3,0,0,0,2.75,3.8,2.3,2022-23,1665.0,1802.86804199,-137.86804198999994,2,6.0,12.0,0.0,2.0,8.0,11.0,1.0,4.0,-2.0
2023-08-11,Burnley,Man City,0,3,A,0,2,A,6,17,1,8,6,5,11,8,0,0,1,0,8.0,5.5,1.33,2023-24,1726.4185791,2077.26904297,-350.8504638700001,2,5.0,8.0,1.0,4.0,7.0,3.0,3.0,10.0,-6.0
2023-08-12,Arsenal,Nott'm Forest,2,1,H,2,0,H,15,6,7,2,8,3,12,12,2,2,0,0,1.18,7.0,15.0,2023-24,1919.38110352,1673.98498535,245.3961181699999,0,10.0,5.0,3.0,9.0,9.0,8.0,2.0,8.0,1.0
2023-08-12,Bournemouth,West Ham,1,1,D,0,0,D,14,16,5,3,10,4,9,14,1,4,0,0,2.7,3.4,2.55,2023-24,1660.65661621,1779.47558594,-118.81896972999994,1,5.0,8.0,1.0,3.0,5.0,8.0,2.0,6.0,-3.0
2023-08-12,Brighton,Luton,4,1,H,1,0,H,27,9,12,3,6,7,11,12,2,2,0,0,1.33,5.5,9.0,2023-24,1828.19702148,1606.53967285,221.65734863000012,0,9.0,8.0,2.0,7.0,0.0,0.0,0.0,0.0,0.0
2023-08-12,Everton,Fulham,0,1,A,0,0,D,19,9,9,2,10,4,12,6,0,2,0,0,2.2,3.4,3.3,2023-24,1708.25268555,1736.65002441,-28.39733885999999,2,9.0,7.0,2.0,8.0,10.0,8.0,2.0,7.0,1.0
2023-08-12,Sheffield United,Crystal Palace,0,1,A,0,0,D,8,24,1,8,5,5,18,11,3,0,0,0,3.0,3.3,2.38,2023-24,1644.08129883,1757.40673828,-113.32543944999998,2,2.0,7.0,2.0,6.0,9.0,7.0,2.0,8.0,-2.0
2023-08-12,Newcastle,Aston Villa,5,1,H,2,1,H,17,16,13,6,6,5,12,17,4,4,0,0,1.75,3.75,4.6,2023-24,1876.01745605,1828.00793457,48.009521479999876,0,7.0,6.0,1.0,6.0,5.0,5.0,2.0,7.0,-1.0
2023-08-13,Brentford,Tottenham,2,2,D,2,2,D,11,18,6,6,3,6,12,13,1,4,0,0,2.75,3.4,2.45,2023-24,1824.3449707,1815.88818359,8.45678711000005,1,8.0,3.0,4.0,12.0,10.0,10.0,2.0,6.0,6.0
2023-08-13,Chelsea,Liverpool,1,1,D,1,1,D,10,13,4,1,4,4,5,12,3,3,0,0,2.9,3.4,2.38,2023-24,1788.11755371,1946.9197998,-158.80224608999993,1,7.0,9.0,1.0,5.0,10.0,5.0,3.0,11.0,-6.0
2023-08-14,Man United,Wolves,1,0,H,0,0,D,15,23,3,6,8,7,14,10,2,3,0,0,1.33,5.5,9.0,2023-24,1873.67431641,1719.05712891,154.6171875,0,9.0,3.0,4.0,12.0,2.0,14.0,1.0,4.0,8.0
2023-08-18,Nott'm Forest,Sheffield United,2,1,H,1,0,H,16,7,4,3,6,7,5,9,2,3,0,0,1.95,3.4,4.0,2023-24,1671.89074707,1637.47949219,34.411254880000115,0,9.0,8.0,2.0,8.0,2.0,4.0,2.0,6.0,2.0
2023-08-19,Fulham,Brentford,0,3,A,0,1,A,10,17,2,8,5,5,13,12,2,2,1,0,2.7,3.3,2.63,2023-24,1745.37902832,1822.56152344,-77.18249511999988,2,11.0,7.0,3.0,10.0,8.0,4.0,3.0,10.0,0.0
2023-08-19,Liverpool,Bournemouth,3,1,H,2,1,H,26,13,10,5,10,2,11,13,1,3,1,0,1.2,7.0,13.0,2023-24,1943.99621582,1662.55541992,281.4407959,0,10.0,6.0,2.0,9.0,2.0,8.0,0.0,1.0,8.0
2023-08-19,Wolves,Brighton,1,4,A,0,1,A,16,16,5,8,5,3,14,11,3,6,1,0,4.0,3.8,1.85,2023-24,1715.65100098,1832.39196777,-116.74096679000013,2,2.0,9.0,1.0,4.0,10.0,9.0,2.0,7.0,-3.0
2023-08-19,Tottenham,Man United,2,0,H,0,0,D,17,22,6,6,5,6,9,8,1,3,0,0,2.8,3.6,2.38,2023-24,1817.67163086,1877.08044434,-59.408813479999935,0,9.0,8.0,2.0,7.0,10.0,2.0,5.0,15.0,-8.0
2023-08-19,Man City,Newcastle,1,0,H,1,0,H,14,7,4,1,3,0,12,11,1,5,0,0,1.67,4.0,5.0,2023-24,2080.86743164,1887.08215332,193.7852783200001,0,8.0,2.0,3.0,10.0,12.0,5.0,2.0,9.0,1.0
2023-08-20,Aston Villa,Everton,4,0,H,2,0,H,13,9,7,2,7,6,8,12,3,4,0,0,1.7,4.0,4.5,2023-24,1816.9432373,1699.52368164,117.41955566000001,0,6.0,9.0,2.0,7.0,7.0,6.0,2.0,7.0,0.0
2023-08-20,West Ham,Chelsea,3,1,H,1,1,D,12,17,6,4,3,9,12,9,2,3,1,0,3.75,3.5,2.0,2023-24,1777.57678223,1791.04125977,-13.464477539999962,0,6.0,6.0,2.0,7.0,5.0,9.0,0.0,3.0,4.0
2023-08-21,Crystal Palace,Arsenal,0,1,A,0,0,D,14,14,2,3,1,8,14,10,2,1,0,1,5.5,4.0,1.6,2023-24,1764.00854492,1921.4753418,-157.46679687999995,2,6.0,4.0,2.0,8.0,9.0,5.0,3.0,9.0,-1.0
2023-08-25,Chelsea,Luton,3,0,H,1,0,H,19,11,8,1,6,4,15,12,2,3,0,0,1.29,5.5,11.0,2023-24,1781.06811523,1602.49462891,178.57348632000003,0,4.0,10.0,0.0,2.0,1.0,4.0,0.0,0.0,2.0
2023-08-26,Bournemouth,Tottenham,0,2,A,0,1,A,11,17,3,6,6,2,18,11,1,3,0,0,3.8,3.75,1.91,2023-24,1660.30993652,1829.25024414,-168.94030761999988,2,2.0,8.0,0.0,1.0,10.0,8.0,2.0,7.0,-6.0
2023-08-26,Brentford,Crystal Palace,1,1,D,1,0,H,12,15,1,5,8,6,9,15,0,0,0,0,2.15,3.4,3.5,2023-24,1835.59460449,1758.73913574,76.85546875,1,11.0,3.0,4.0,13.0,6.0,4.0,2.0,8.0,5.0
2023-08-26,Arsenal,Fulham,2,2,D,0,1,A,19,8,11,3,8,3,6,5,0,3,0,1,1.2,7.0,13.0,2023-24,1927.04455566,1732.64587402,194.39868163999995,1,8.0,5.0,3.0,9.0,6.0,7.0,2.0,7.0,2.0
2023-08-26,Brighton,West Ham,1,3,A,0,1,A,25,12,10,3,17,4,10,9,1,3,0,0,1.53,4.75,5.25,2023-24,1843.78979492,1787.84973145,55.94006347000004,2,13.0,6.0,3.0,10.0,8.0,7.0,2.0,7.0,3.0
2023-08-26,Man United,Nott'm Forest,3,2,H,1,2,A,18,9,9,4,11,3,13,11,4,4,0,1,1.3,6.0,8.0,2023-24,1865.80163574,1677.89990234,187.9017334,0,8.0,4.0,4.0,12.0,7.0,6.0,2.0,8.0,4.0
2023-08-26,Everton,Wolves,0,1,A,0,0,D,15,11,7,2,7,0,10,14,3,4,0,0,2.3,3.3,3.2,2023-24,1691.48242188,1704.55297852,-13.07055663999995,2,2.0,9.0,1.0,4.0,2.0,13.0,0.0,1.0,3.0
2023-08-27,Burnley,Aston Villa,1,3,A,0,2,A,9,16,2,6,4,6,12,11,2,0,0,0,3.4,3.4,2.15,2023-24,1722.96984863,1825.75439453,-102.78454590000001,2,3.0,10.0,0.0,1.0,10.0,8.0,3.0,10.0,-9.0
2023-08-27,Sheffield United,Man City,1,2,A,0,0,D,6,30,2,9,1,12,11,2,3,0,0,0,13.0,8.0,1.17,2023-24,1631.7701416,2083.71899414,-451.9488525400002,2,3.0,4.0,2.0,6.0,6.0,2.0,3.0,10.0,-4.0
2023-08-27,Newcastle,Liverpool,1,2,A,1,0,H,23,9,8,4,5,9,16,10,1,2,0,1,2.2,3.75,3.0,2023-24,1884.53051758,1946.54150391,-62.01098633000015,2,10.0,4.0,2.0,8.0,12.0,7.0,2.0,9.0,-1.0
2023-09-01,Luton,West Ham,1,2,A,0,1,A,16,9,1,3,9,6,8,13,1,1,0,0,4.75,3.8,1.73,2023-24,1597.16125488,1803.14929199,-205.98803711000005,2,1.0,7.0,0.0,0.0,11.0,6.0,3.0,10.0,-10.0
2023-09-02,Sheffield United,Everton,2,2,D,2,1,H,13,16,8,6,4,6,11,13,1,2,0,0,2.9,3.25,2.5,2023-24,1630.7019043,1682.2376709,-51.53576659999999,1,3.0,6.0,1.0,3.0,2.0,7.0,1.0,4.0,-1.0
2023-09-02,Brentford,Bournemouth,2,2,D,1,1,D,21,12,7,5,5,2,6,13,1,2,0,0,1.73,3.8,4.75,2023-24,1832.10632324,1653.27856445,178.82775878999996,1,10.0,4.0,3.0,11.0,2.0,8.0,0.0,1.0,10.0
2023-09-02,Burnley,Tottenham,2,5,A,1,2,A,16,20,4,10,7,4,15,9,4,3,0,0,3.6,4.0,1.85,2023-24,1713.48669434,1836.46740723,-122.98071288999995,2,3.0,10.0,0.0,1.0,11.0,6.0,3.0,10.0,-9.0
2023-09-02,Chelsea,Nott'm Forest,0,1,A,0,0,D,21,7,2,3,8,0,10,9,3,4,0,0,1.4,4.5,8.5,2023-24,1786.49438477,1675.13842773,111.3559570399998,2,7.0,9.0,1.0,5.0,7.0,7.0,2.0,7.0,-2.0
2023-09-02,Man City,Fulham,5,1,H,2,1,H,7,6,5,4,4,5,12,12,2,4,0,0,1.17,8.0,15.0,2023-24,2084.97290039,1738.86462402,346.1082763700001,0,7.0,3.0,3.0,10.0,6.0,9.0,1.0,5.0,5.0
2023-09-02,Brighton,Newcastle,3,1,H,1,0,H,15,9,6,2,5,3,14,17,4,4,0,0,2.5,3.8,2.55,2023-24,1828.58312988,1876.95678711,-48.37365723000016,0,11.0,8.0,2.0,7.0,7.0,5.0,1.0,5.0,2.0
2023-09-03,Liverpool,Aston Villa,3,0,H,2,0,H,17,9,4,3,7,3,12,7,0,1,0,0,1.65,4.5,4.5,2023-24,1954.30114746,1835.71435547,118.58679198999994,0,11.0,8.0,2.0,9.0,11.0,8.0,3.0,10.0,-1.0
2023-09-03,Arsenal,Man United,3,1,H,1,1,D,17,10,5,2,12,3,8,7,2,3,0,0,1.75,3.8,4.5,2023-24,1921.01159668,1868.74890137,52.2626953099998,0,10.0,4.0,3.0,10.0,10.0,6.0,4.0,12.0,-2.0
2023-09-03,Crystal Palace,Wolves,3,2,H,0,0,D,16,12,11,4,4,2,12,12,1,3,0,0,1.91,3.3,4.33,2023-24,1762.41333008,1713.98352051,48.42980956999986,0,5.0,5.0,1.0,6.0,3.0,11.0,1.0,4.0,2.0
2023-09-16,Wolves,Liverpool,1,3,A,1,0,H,11,16,2,6,4,4,10,4,1,3,0,0,6.0,5.0,1.45,2023-24,1708.1940918,1961.35400391,-253.15991211000005,2,4.0,13.0,1.0,3.0,13.0,7.0,3.0,11.0,-8.0
2023-09-16,Aston Villa,Crystal Palace,3,1,H,0,0,D,16,6,5,3,4,2,13,9,5,3,0,0,1.91,3.6,4.0,2023-24,1828.66149902,1768.20275879,60.4587402300001,0,10.0,10.0,3.0,9.0,6.0,5.0,2.0,8.0,1.0
2023-09-16,Fulham,Luton,1,0,H,0,0,D,13,7,2,2,6,2,6,14,2,2,0,0,1.67,3.75,5.5,2023-24,1736.46740723,1592.94726562,143.52014160999988,0,5.0,12.0,1.0,4.0,2.0,9.0,0.0,0.0,4.0
2023-09-16,Man United,Brighton,1,3,A,0,1,A,14,10,4,8,8,1,8,9,2,2,0,0,2.15,4.0,2.88,2023-24,1860.99414062,1839.81298828,21.181152340000153,2,7.0,8.0,3.0,9.0,13.0,8.0,3.0,9.0,0.0
2023-09-16,Tottenham,Sheffield United,2,1,H,0,0,D,28,7,10,5,15,2,13,14,6,5,0,1,1.29,5.5,11.0,2023-24,1846.953125,1630.78259277,216.17053222999994,0,15.0,5.0,4.0,13.0,5.0,7.0,1.0,4.0,9.0
2023-09-16,West Ham,Man City,1,3,A,1,0,H,6,29,3,15,4,11,7,11,3,2,0,0,7.0,4.5,1.45,2023-24,1807.54907227,2087.37011719,-279.8210449200003,2,10.0,6.0,3.0,10.0,11.0,3.0,4.0,12.0,-2.0
2023-09-16,Newcastle,Brentford,1,0,H,0,0,D,9,11,2,2,8,3,8,12,3,5,0,0,1.53,4.2,6.0,2023-24,1865.72692871,1826.35632324,39.3706054700001,0,8.0,8.0,1.0,4.0,9.0,5.0,2.0,9.0,-5.0
2023-09-17,Bournemouth,Chelsea,0,0,D,0,0,D,13,14,4,6,1,7,15,20,1,5,0,0,4.33,3.75,1.8,2023-24,1659.02856445,1774.23071289,-115.20214843999997,1,4.0,9.0,0.0,2.0,6.0,6.0,1.0,5.0,-3.0
2023-09-17,Everton,Arsenal,0,1,A,0,0,D,8,13,1,4,1,11,12,10,1,1,0,0,6.0,4.5,1.5,2023-24,1682.15698242,1928.76647949,-246.60949706999986,2,3.0,8.0,1.0,4.0,13.0,4.0,4.0,13.0,-9.0
2023-09-18,Nott'm Forest,Burnley,1,1,D,0,1,A,14,10,4,3,5,4,16,10,2,3,0,1,2.2,3.5,3.25,2023-24,1687.40209961,1703.00109863,-15.598999019999837,1,7.0,7.0,2.0,7.0,5.0,14.0,0.0,1.0,6.0
2023-09-23,Man City,Nott'm Forest,2,0,H,2,0,H,7,10,4,3,6,6,5,17,3,7,1,0,1.14,8.5,15.0,2023-24,2084.56982422,1679.07067871,405.49914551000006,0,14.0,3.0,5.0,15.0,7.0,7.0,2.0,7.0,8.0
2023-09-23,Crystal Palace,Fulham,0,0,D,0,0,D,7,10,3,5,3,2,10,15,3,2,0,0,1.91,3.4,4.2,2023-24,1753.1595459,1732.76599121,20.393554689999974,1,6.0,7.0,2.0,7.0,5.0,10.0,2.0,7.0,0.0
2023-09-23,Brentford,Everton,1,3,A,1,1,D,12,18,2,6,1,4,9,12,2,2,0,0,1.8,3.8,4.2,2023-24,1813.14941406,1671.26208496,141.8873291,2,8.0,6.0,1.0,6.0,2.0,9.0,0.0,1.0,5.0
2023-09-23,Burnley,Man United,0,1,A,0,1,A,12,11,4,4,9,5,6,12,1,2,0,0,4.2,4.2,1.73,2023-24,1696.51257324,1835.94836426,-139.43579102000012,2,5.0,14.0,0.0,1.0,6.0,10.0,2.0,6.0,-5.0
2023-09-23,Luton,Wolves,1,1,D,0,0,D,20,3,4,3,10,1,12,17,0,2,0,1,3.25,3.4,2.2,2023-24,1581.82861328,1695.98669434,-114.15808106000009,1,2.0,10.0,0.0,0.0,5.0,11.0,1.0,3.0,-3.0
2023-09-24,Arsenal,Tottenham,2,2,D,1,1,D,13,13,6,5,11,4,12,19,3,4,0,0,1.67,4.33,4.33,2023-24,1930.57763672,1842.04785156,88.52978516000007,1,9.0,4.0,4.0,13.0,13.0,5.0,4.0,13.0,0.0
2023-09-24,Brighton,Bournemouth,3,1,H,1,1,D,13,12,4,4,4,4,12,17,3,3,0,0,1.36,5.25,7.5,2023-24,1830.11193848,1653.51000977,176.60192871000004,0,15.0,7.0,4.0,12.0,4.0,8.0,0.0,3.0,9.0
2023-09-24,Chelsea,Aston Villa,0,1,A,0,0,D,10,15,4,7,5,11,9,11,2,3,0,0,1.91,3.75,3.8,2023-24,1764.92932129,1814.9901123,-50.06079101,2,5.0,5.0,1.0,5.0,11.0,10.0,3.0,9.0,-4.0
2023-09-24,Liverpool,West Ham,3,1,H,1,1,D,22,11,7,4,7,4,12,13,0,2,0,0,1.4,5.0,7.0,2023-24,1960.77502441,1796.79309082,163.98193358999993,0,12.0,4.0,4.0,13.0,10.0,7.0,3.0,10.0,3.0
2023-09-24,Sheffield United,Newcastle,0,8,A,0,3,A,9,22,1,15,2,6,12,8,3,0,0,0,7.0,4.75,1.44,2023-24,1620.86791992,1865.42749023,-244.55957031000003,2,5.0,9.0,0.0,1.0,8.0,7.0,2.0,6.0,-5.0
2023-09-30,Aston Villa,Brighton,6,1,H,3,0,H,19,11,9,3,1,3,19,21,4,4,0,0,2.55,3.75,2.55,2023-24,1823.10534668,1834.3605957,-11.255249020000065,0,11.0,5.0,4.0,12.0,14.0,7.0,4.0,12.0,0.0
2023-09-30,Bournemouth,Arsenal,0,4,A,0,2,A,8,15,1,8,6,6,11,10,0,1,0,0,5.5,4.5,1.53,2023-24,1649.26147461,1926.79016113,-277.52868651999984,2,4.0,10.0,0.0,2.0,9.0,5.0,3.0,11.0,-9.0
2023-09-30,Everton,Luton,1,2,A,1,2,A,23,9,5,2,3,6,8,10,0,1,0,0,1.57,3.8,6.5,2023-24,1689.38586426,1583.7166748,105.6691894600001,2,5.0,9.0,1.0,4.0,3.0,11.0,0.0,1.0,3.0
2023-09-30,Man United,Crystal Palace,0,1,A,0,1,A,19,8,4,2,10,4,10,8,3,2,0,0,1.55,4.2,5.75,2023-24,1841.6015625,1751.22265625,90.37890625,2,6.0,10.0,2.0,6.0,5.0,7.0,1.0,5.0,1.0
2023-09-30,Newcastle,Burnley,2,0,H,1,0,H,20,8,8,2,5,3,7,15,1,3,0,0,1.3,5.75,9.0,2023-24,1875.69689941,1690.859375,184.83752441000001,0,11.0,6.0,2.0,6.0,4.0,13.0,0.0,1.0,5.0
2023-09-30,West Ham,Sheffield United,2,0,H,2,0,H,20,16,9,2,7,4,6,9,1,1,0,0,1.45,4.5,7.0,2023-24,1792.29077148,1610.59851074,181.69226074000017,0,10.0,9.0,3.0,9.0,5.0,16.0,0.0,1.0,8.0
2023-09-30,Wolves,Man City,2,1,H,1,0,H,3,23,1,8,0,6,18,12,5,4,0,0,8.0,5.75,1.33,2023-24,1694.09863281,2085.77734375,-391.67871094,0,6.0,11.0,1.0,4.0,13.0,3.0,5.0,15.0,-11.0
2023-09-30,Tottenham,Liverpool,2,1,H,1,1,D,24,12,8,4,12,5,11,17,5,4,0,2,2.9,4.0,2.15,2023-24,1845.83532715,1965.27734375,-119.44201659999999,0,13.0,5.0,4.0,13.0,14.0,4.0,5.0,15.0,-2.0
2023-10-01,Nott'm Forest,Brentford,1,1,D,0,0,D,6,18,1,5,1,11,6,10,1,2,1,0,2.75,3.1,2.7,2023-24,1677.86328125,1795.02563477,-117.1623535199999,1,6.0,7.0,2.0,7.0,7.0,7.0,1.0,5.0,2.0
2023-10-02,Fulham,Chelsea,0,2,A,0,2,A,10,11,3,4,8,1,15,12,1,4,0,0,3.6,3.5,2.05,2023-24,1734.70300293,1756.81408691,-22.111083980000103,2,4.0,10.0,1.0,5.0,4.0,5.0,1.0,4.0,1.0
2023-10-03,Luton,Burnley,1,2,A,0,1,A,18,14,3,4,7,6,14,6,4,2,0,0,2.9,3.0,2.63,2023-24,1595.82226562,1686.61621094,-90.79394531999992,2,4.0,8.0,1.0,4.0,4.0,12.0,0.0,1.0,3.0
2023-10-07,Luton,Tottenham,0,1,A,0,0,D,12,15,2,4,5,6,16,7,2,1,0,1,6.0,4.75,1.45,2023-24,1588.85107422,1855.43896484,-266.5878906199998,2,5.0,7.0,1.0,4.0,13.0,6.0,4.0,13.0,-9.0
2023-10-07,Burnley,Chelsea,1,4,A,1,1,D,10,9,3,5,7,3,11,8,2,4,0,0,4.5,3.8,1.73,2023-24,1693.57299805,1769.1763916,-75.60339354999996,2,5.0,10.0,1.0,4.0,5.0,2.0,2.0,7.0,-3.0
2023-10-07,Everton,Bournemouth,3,0,H,2,0,H,25,11,8,4,8,7,14,15,1,2,0,0,1.91,3.6,3.8,2023-24,1677.27294922,1643.3996582,33.873291020000124,0,6.0,7.0,1.0,4.0,3.0,11.0,0.0,2.0,2.0
2023-10-07,Fulham,Sheffield United,3,1,H,0,0,D,20,5,6,2,9,4,8,10,1,2,0,0,1.62,3.8,6.0,2023-24,1722.32629395,1606.29992676,116.02636718999997,0,4.0,9.0,1.0,5.0,4.0,16.0,0.0,1.0,4.0
2023-10-07,Man United,Brentford,2,1,H,0,1,A,21,11,8,3,7,5,10,17,0,5,0,0,1.67,4.2,4.75,2023-24,1816.89611816,1792.96337891,23.93273924999994,0,6.0,9.0,2.0,6.0,5.0,8.0,0.0,3.0,3.0
2023-10-07,Crystal Palace,Nott'm Forest,0,0,D,0,0,D,8,16,2,5,3,7,7,12,0,1,0,0,2.2,3.1,3.6,2023-24,1762.85095215,1679.91113281,82.93981933999999,1,6.0,6.0,2.0,8.0,5.0,7.0,1.0,5.0,3.0
2023-10-08,Brighton,Liverpool,2,2,D,1,2,A,14,14,3,4,8,1,12,20,1,2,0,0,3.0,3.8,2.2,2023-24,1817.17126465,1957.5201416,-140.34887694999998,1,11.0,12.0,3.0,9.0,12.0,5.0,4.0,12.0,-3.0
2023-10-08,West Ham,Newcastle,2,2,D,1,0,H,5,10,3,3,4,2,11,18,3,3,0,0,3.2,3.75,2.1,2023-24,1804.78173828,1888.63635254,-83.85461426000006,1,9.0,8.0,3.0,9.0,13.0,5.0,3.0,9.0,0.0
2023-10-08,Wolves,Aston Villa,1,1,D,0,0,D,8,18,3,4,2,10,19,9,2,2,1,0,3.5,3.4,2.1,2023-24,1709.81921387,1839.2467041,-129.42749022999988,1,7.0,8.0,2.0,7.0,13.0,6.0,4.0,12.0,-5.0
2023-10-08,Arsenal,Man City,1,0,H,0,0,D,12,4,2,1,5,4,8,7,2,3,0,0,2.9,3.3,2.4,2023-24,1921.5402832,2076.63427734,-155.09399414000018,0,12.0,5.0,3.0,11.0,13.0,5.0,4.0,12.0,-1.0
2023-10-21,Man City,Brighton,2,1,H,2,0,H,10,5,6,3,2,2,9,11,2,2,1,0,1.4,5.25,6.5,2023-24,2065.77539062,1819.86157227,245.91381835000016,0,11.0,5.0,3.0,9.0,12.0,11.0,3.0,10.0,-1.0
2023-10-21,Liverpool,Everton,2,0,H,0,0,D,26,6,6,1,12,4,9,9,1,1,0,1,1.33,5.75,7.5,2023-24,1954.82983398,1687.64025879,267.18957519000014,0,12.0,6.0,3.0,10.0,9.0,6.0,2.0,7.0,3.0
2023-10-21,Brentford,Burnley,3,0,H,1,0,H,23,6,10,1,5,5,14,12,5,2,0,1,1.83,3.75,4.2,2023-24,1786.79138184,1680.66809082,106.1232910199999,0,5.0,9.0,0.0,2.0,4.0,9.0,1.0,4.0,-2.0
2023-10-21,Bournemouth,Wolves,1,2,A,1,0,H,7,20,4,7,3,12,15,10,2,6,1,0,2.38,3.4,3.0,2023-24,1633.0324707,1712.2154541,-79.18298340000001,2,3.0,12.0,0.0,2.0,7.0,9.0,1.0,5.0,-3.0
2023-10-21,Chelsea,Arsenal,2,2,D,1,0,H,11,13,5,3,2,7,7,14,3,3,0,0,3.2,3.4,2.25,2023-24,1782.08129883,1932.39916992,-150.31787109000015,1,6.0,3.0,2.0,7.0,11.0,3.0,4.0,13.0,-6.0
2023-10-21,Nott'm Forest,Luton,2,2,D,0,0,D,19,13,8,4,4,2,12,11,3,0,0,0,1.67,3.75,5.5,2023-24,1683.48803711,1585.72192383,97.76611328000013,1,3.0,4.0,1.0,6.0,4.0,6.0,1.0,4.0,2.0
2023-10-21,Sheffield United,Man United,1,2,A,1,1,D,12,14,6,5,5,4,12,10,3,1,0,0,6.5,5.25,1.4,2023-24,1600.39245605,1823.06811523,-222.67565918000014,2,4.0,17.0,0.0,1.0,5.0,8.0,2.0,6.0,-5.0
2023-10-21,Newcastle,Crystal Palace,4,0,H,3,0,H,10,17,7,3,6,8,7,12,2,3,0,0,1.45,4.5,7.0,2023-24,1887.5090332,1759.27404785,128.23498535,0,14.0,5.0,3.0,10.0,5.0,5.0,2.0,8.0,2.0
2023-10-22,Aston Villa,West Ham,4,1,H,1,0,H,15,14,7,4,8,7,9,15,0,1,0,0,1.85,3.6,4.0,2023-24,1836.85046387,1805.90905762,30.94140625,0,11.0,6.0,3.0,10.0,8.0,9.0,2.0,7.0,3.0
2023-10-23,Tottenham,Fulham,2,0,H,1,0,H,15,10,5,3,3,5,10,14,2,0,0,0,1.5,4.5,6.0,2023-24,1858.56811523,1728.23376465,130.3343505800001,0,12.0,6.0,4.0,13.0,5.0,8.0,2.0,7.0,6.0
2023-10-27,Crystal Palace,Tottenham,1,2,A,0,0,D,13,10,3,1,11,2,19,11,2,1,0,0,4.5,3.75,1.75,2023-24,1750.68383789,1863.38220215,-112.69836426000006,2,2.0,7.0,1.0,5.0,9.0,4.0,4.0,13.0,-8.0
2023-10-28,Chelsea,Brentford,0,2,A,0,0,D,17,7,2,5,10,1,12,7,1,4,0,0,1.65,4.0,5.25,2023-24,1785.82946777,1795.19042969,-9.360961919999909,2,8.0,4.0,2.0,8.0,6.0,7.0,1.0,4.0,4.0
2023-10-28,Arsenal,Sheffield United,5,0,H,1,0,H,13,2,8,0,6,1,9,13,0,3,0,0,1.13,8.5,19.0,2023-24,1935.56542969,1597.33032227,338.2351074200001,0,10.0,4.0,3.0,11.0,3.0,17.0,0.0,0.0,11.0
2023-10-28,Bournemouth,Burnley,2,1,H,1,1,D,13,6,6,3,10,5,9,12,2,3,0,0,2.15,3.5,3.3,2023-24,1626.60473633,1673.92407227,-47.319335939999974,0,2.0,12.0,0.0,1.0,3.0,11.0,1.0,3.0,-2.0
2023-10-28,Wolves,Newcastle,2,2,D,1,2,A,11,13,6,5,8,7,13,15,1,4,0,0,4.2,4.0,1.75,2023-24,1720.29821777,1885.14978027,-164.8515625,1,7.0,7.0,2.0,8.0,17.0,2.0,4.0,13.0,-5.0
2023-10-29,Aston Villa,Luton,3,1,H,1,0,H,17,7,6,1,6,4,11,10,3,2,0,0,1.25,6.5,9.5,2023-24,1857.25,1590.46154785,266.78845215,0,15.0,4.0,4.0,13.0,6.0,7.0,1.0,5.0,8.0
2023-10-29,Liverpool,Nott'm Forest,3,0,H,2,0,H,21,9,8,1,8,3,9,13,2,3,0,0,1.29,5.75,11.0,2023-24,1960.31335449,1680.40344238,279.90991211000005,0,11.0,6.0,3.0,10.0,4.0,6.0,0.0,4.0,6.0
2023-10-29,West Ham,Everton,0,1,A,0,0,D,12,10,2,4,4,3,7,11,4,1,0,0,2.15,3.5,3.3,2023-24,1785.34008789,1685.74060059,99.59948729999996,2,7.0,12.0,1.0,4.0,7.0,6.0,2.0,6.0,-2.0
2023-10-29,Man United,Man City,0,3,A,0,1,A,7,21,3,10,7,12,9,4,4,1,0,0,5.0,3.8,1.67,2023-24,1830.11706543,2070.60717773,-240.49011229999996,2,6.0,6.0,3.0,9.0,8.0,5.0,3.0,9.0,0.0
2023-10-29,Brighton,Fulham,1,1,D,1,0,H,18,10,7,5,7,3,12,8,0,3,0,0,1.55,4.2,5.5,2023-24,1822.88525391,1723.70898438,99.17626953000013,1,10.0,12.0,2.0,7.0,4.0,5.0,2.0,7.0,0.0
2023-11-04,Fulham,Man United,0,1,A,0,0,D,18,12,3,5,9,4,9,15,5,2,0,0,3.2,3.6,2.2,2023-24,1727.69494629,1823.91638184,-96.22143555000002,2,4.0,6.0,1.0,5.0,5.0,6.0,3.0,9.0,-4.0
2023-11-04,Brentford,West Ham,3,2,H,1,2,A,16,12,4,2,4,3,12,14,1,4,0,0,2.05,3.6,3.5,2023-24,1808.18530273,1773.47473145,34.71057128000007,0,8.0,6.0,2.0,7.0,6.0,10.0,1.0,4.0,3.0
2023-11-04,Burnley,Crystal Palace,0,2,A,0,1,A,17,4,5,3,12,1,9,12,0,5,0,0,2.75,3.25,2.6,2023-24,1665.82519531,1745.73669434,-79.91149902999996,2,4.0,12.0,1.0,3.0,2.0,6.0,1.0,5.0,-2.0
2023-11-04,Everton,Brighton,1,1,D,1,0,H,10,7,4,2,3,3,15,5,4,2,0,0,3.1,3.6,2.2,2023-24,1697.60595703,1818.89929199,-121.29333496000004,1,8.0,5.0,3.0,9.0,8.0,12.0,1.0,5.0,4.0
2023-11-04,Man City,Bournemouth,6,1,H,3,0,H,21,5,8,1,12,1,8,9,0,1,0,0,1.1,11.0,19.0,2023-24,2076.80786133,1634.70361328,442.10424805,0,8.0,4.0,3.0,9.0,4.0,13.0,1.0,3.0,6.0
2023-11-04,Sheffield United,Wolves,2,1,H,0,0,D,11,10,2,3,4,4,13,10,2,3,0,0,3.8,3.5,2.0,2023-24,1594.47802734,1723.58117676,-129.10314942000014,0,2.0,20.0,0.0,0.0,8.0,6.0,2.0,9.0,-9.0
2023-11-04,Newcastle,Arsenal,1,0,H,0,0,D,9,14,2,1,0,11,14,9,5,1,0,0,2.8,3.2,2.6,2023-24,1881.86682129,1938.41772461,-56.55090332000009,0,18.0,4.0,3.0,11.0,14.0,4.0,3.0,11.0,0.0
2023-11-05,Nott'm Forest,Aston Villa,2,0,H,1,0,H,5,13,3,3,0,10,6,9,1,1,0,0,4.2,3.75,1.85,2023-24,1677.30859375,1860.0078125,-182.69921875,0,3.0,8.0,0.0,3.0,15.0,4.0,4.0,13.0,-10.0
2023-11-05,Luton,Liverpool,1,1,D,0,0,D,8,24,5,6,4,7,7,13,1,1,0,0,12.0,6.5,1.22,2023-24,1587.70361328,1963.40820312,-375.70458984000015,1,6.0,9.0,1.0,4.0,11.0,5.0,3.0,10.0,-6.0
2023-11-06,Tottenham,Chelsea,1,4,A,1,1,D,8,17,5,8,1,6,12,21,1,5,2,0,2.0,3.75,3.5,2023-24,1871.06091309,1772.83459473,98.22631836000005,2,9.0,4.0,4.0,13.0,8.0,6.0,2.0,7.0,6.0
2023-11-11,Crystal Palace,Everton,2,3,A,1,1,D,13,8,4,4,9,2,9,18,1,4,0,0,2.45,3.2,3.0,2023-24,1750.50366211,1694.30541992,56.198242189999974,2,4.0,6.0,2.0,7.0,6.0,5.0,2.0,7.0,0.0
2023-11-11,Arsenal,Burnley,3,1,H,1,0,H,16,8,6,5,3,3,8,9,0,1,1,0,1.18,7.0,17.0,2023-24,1928.21020508,1650.14672852,278.06347656,0,12.0,3.0,3.0,10.0,4.0,12.0,1.0,3.0,7.0
2023-11-11,Bournemouth,Newcastle,2,0,H,0,0,D,19,8,10,5,6,5,10,4,2,1,0,0,4.75,4.0,1.73,2023-24,1627.67785645,1874.4798584,-246.80200194999998,0,4.0,16.0,1.0,3.0,11.0,4.0,3.0,11.0,-8.0
2023-11-11,Man United,Luton,1,0,H,0,0,D,15,10,4,4,11,3,9,11,0,2,0,0,1.33,5.25,9.5,2023-24,1814.14550781,1589.62817383,224.5173339800001,0,5.0,6.0,3.0,9.0,5.0,9.0,0.0,2.0,7.0
2023-11-11,Wolves,Tottenham,2,1,H,0,1,A,17,6,4,2,11,3,19,15,4,3,0,0,3.1,3.75,2.2,2023-24,1707.79968262,1845.08850098,-137.28881835999982,0,8.0,7.0,2.0,8.0,8.0,6.0,4.0,12.0,-4.0
2023-11-12,Aston Villa,Fulham,3,1,H,2,0,H,12,9,6,5,2,2,4,17,2,5,0,0,1.57,4.2,5.5,2023-24,1840.63171387,1715.54260254,125.08911133000015,0,14.0,6.0,3.0,10.0,4.0,7.0,1.0,4.0,6.0
2023-11-12,Brighton,Sheffield United,1,1,D,1,0,H,11,9,6,1,6,3,13,16,3,2,1,0,1.25,5.75,13.0,2023-24,1819.86218262,1599.34814453,220.5140380900002,1,6.0,12.0,0.0,3.0,4.0,13.0,1.0,3.0,0.0
2023-11-12,Liverpool,Brentford,3,0,H,1,0,H,17,16,10,3,6,8,16,12,1,2,0,0,1.4,5.0,6.5,2023-24,1936.05224609,1808.6574707,127.39477538999995,0,9.0,5.0,2.0,8.0,10.0,5.0,3.0,10.0,-2.0
2023-11-12,West Ham,Nott'm Forest,3,2,H,1,1,D,16,10,6,5,9,4,9,12,2,2,0,0,1.85,3.6,4.0,2023-24,1764.94104004,1687.99230957,76.94873046999987,0,7.0,10.0,1.0,4.0,5.0,6.0,1.0,6.0,-2.0
2023-11-12,Chelsea,Man City,4,4,D,2,2,D,17,15,9,10,3,3,12,15,5,3,0,0,5.0,3.7,1.73,2023-24,1787.89550781,2073.83813477,-285.9426269600001,1,12.0,6.0,3.0,10.0,12.0,5.0,3.0,9.0,1.0
2023-11-25,Man City,Liverpool,1,1,D,1,0,H,16,8,5,3,9,6,9,11,1,3,0,0,1.73,4.2,4.2,2023-24,2067.91943359,1942.72302246,125.19641113000012,1,15.0,7.0,3.0,10.0,11.0,3.0,3.0,11.0,-1.0
2023-11-25,Burnley,West Ham,1,2,A,0,0,D,11,11,5,3,4,5,11,7,1,3,0,0,3.4,3.5,2.05,2023-24,1647.57897949,1769.9161377,-122.3371582100001,2,3.0,14.0,0.0,0.0,8.0,12.0,1.0,4.0,-4.0
2023-11-25,Brentford,Arsenal,0,1,A,0,0,D,9,15,3,4,1,8,9,7,1,1,0,0,4.5,3.75,1.75,2023-24,1801.98657227,1930.7779541,-128.7913818300001,2,9.0,7.0,3.0,9.0,11.0,4.0,3.0,10.0,-1.0
2023-11-25,Luton,Crystal Palace,2,1,H,0,0,D,8,16,3,8,4,5,15,12,6,1,0,0,3.6,3.3,2.1,2023-24,1587.15124512,1739.60949707,-152.45825194999998,0,4.0,8.0,0.0,2.0,5.0,9.0,1.0,4.0,-2.0
2023-11-25,Nott'm Forest,Brighton,2,3,A,1,2,A,18,11,5,5,6,4,12,7,2,4,0,1,3.2,3.6,2.15,2023-24,1683.01733398,1813.3515625,-130.3342285199999,2,6.0,8.0,1.0,5.0,6.0,7.0,0.0,4.0,1.0
2023-11-25,Sheffield United,Bournemouth,1,3,A,0,2,A,10,23,2,11,4,7,6,8,4,1,0,0,3.2,3.5,2.2,2023-24,1605.85876465,1646.10852051,-40.24975586000005,2,5.0,12.0,1.0,4.0,6.0,12.0,2.0,6.0,-2.0
2023-11-25,Newcastle,Chelsea,4,1,H,1,1,D,14,7,5,4,4,2,13,19,4,4,0,1,2.55,3.5,2.63,2023-24,1856.04919434,1793.81433105,62.23486329000002,0,9.0,6.0,2.0,8.0,14.0,10.0,2.0,8.0,0.0
2023-11-26,Tottenham,Aston Villa,1,2,A,1,1,D,18,15,8,5,9,3,11,13,0,4,0,0,2.3,3.8,2.8,2023-24,1834.69140625,1846.18493652,-11.493530270000065,2,7.0,7.0,3.0,9.0,11.0,6.0,3.0,10.0,-1.0
2023-11-26,Everton,Man United,0,3,A,0,1,A,24,9,6,4,6,5,10,8,3,0,0,0,2.7,3.4,2.55,2023-24,1705.19946289,1816.62255859,-111.42309569999998,2,8.0,5.0,3.0,10.0,6.0,5.0,4.0,12.0,-2.0
2023-11-27,Fulham,Wolves,3,2,H,1,1,D,12,10,6,6,6,2,13,13,2,2,0,0,2.38,3.3,3.0,2023-24,1709.98925781,1718.19677734,-8.2075195299999,0,5.0,8.0,1.0,4.0,8.0,7.0,2.0,8.0,-4.0
2023-12-02,Arsenal,Wolves,2,1,H,2,0,H,19,6,6,3,4,0,10,10,1,2,0,0,1.25,5.5,12.0,2023-24,1947.97070312,1716.15979004,231.8109130800001,0,11.0,4.0,3.0,10.0,9.0,9.0,2.0,7.0,3.0
2023-12-02,Brentford,Luton,3,1,H,0,0,D,27,7,6,1,7,5,10,8,1,2,0,0,1.45,4.5,6.5,2023-24,1801.10778809,1603.05517578,198.0526123100001,0,8.0,6.0,3.0,9.0,6.0,8.0,1.0,5.0,4.0
2023-12-02,Newcastle,Man United,1,0,H,0,0,D,22,8,4,1,7,3,6,13,1,2,0,0,1.91,3.75,3.8,2023-24,1872.55065918,1831.30249023,41.24816894999981,0,11.0,5.0,3.0,10.0,7.0,4.0,4.0,12.0,-2.0
2023-12-02,Burnley,Sheffield United,5,0,H,2,0,H,19,6,7,3,6,1,9,12,2,5,0,1,1.8,3.6,4.5,2023-24,1646.47424316,1598.98413086,47.490112299999964,0,3.0,12.0,0.0,0.0,5.0,12.0,1.0,4.0,-4.0
2023-12-02,Nott'm Forest,Everton,0,1,A,0,0,D,13,12,2,3,4,3,15,14,1,0,0,0,2.75,3.25,2.6,2023-24,1682.14782715,1699.06640625,-16.918579099999988,2,8.0,11.0,1.0,4.0,5.0,8.0,2.0,7.0,-3.0
2023-12-03,West Ham,Crystal Palace,1,1,D,1,0,H,9,9,3,2,2,3,17,7,2,0,0,0,2.0,3.5,3.8,2023-24,1782.53271484,1733.77990723,48.75280760999999,1,8.0,11.0,2.0,6.0,6.0,11.0,1.0,3.0,3.0
2023-12-03,Man City,Tottenham,3,3,D,2,1,H,18,8,4,4,10,8,14,14,4,4,0,0,1.29,6.0,9.0,2023-24,2070.27368164,1830.80908203,239.46459961000028,1,16.0,7.0,3.0,11.0,7.0,9.0,2.0,6.0,5.0
2023-12-03,Bournemouth,Aston Villa,2,2,D,1,1,D,15,11,7,3,7,7,16,12,5,3,0,0,3.4,4.0,1.95,2023-24,1663.05761719,1860.93518066,-197.87756347000004,1,9.0,10.0,3.0,9.0,12.0,6.0,4.0,12.0,-3.0
2023-12-03,Chelsea,Brighton,3,2,H,2,1,H,8,18,5,9,5,8,16,12,3,5,1,0,1.73,4.2,4.2,2023-24,1789.71472168,1828.19787598,-38.483154300000024,0,11.0,13.0,1.0,5.0,7.0,7.0,1.0,6.0,-1.0
2023-12-03,Liverpool,Fulham,4,3,H,2,2,D,26,9,12,5,3,4,6,7,0,0,0,0,1.25,6.5,9.0,2023-24,1953.78588867,1722.10083008,231.68505859000015,0,10.0,2.0,3.0,11.0,5.0,9.0,1.0,4.0,7.0
2023-12-05,Wolves,Burnley,1,0,H,1,0,H,7,12,4,3,6,8,11,15,2,4,0,0,1.85,3.6,4.2,2023-24,1713.89587402,1658.89746094,54.99841308000009,0,8.0,10.0,1.0,4.0,8.0,9.0,1.0,3.0,1.0
2023-12-05,Luton,Arsenal,3,4,A,1,2,A,6,23,4,9,3,8,14,7,2,1,0,0,17.0,7.0,1.18,2023-24,1599.14233398,1950.23449707,-351.09216309,2,5.0,9.0,1.0,4.0,11.0,3.0,4.0,12.0,-8.0
2023-12-06,Brighton,Brentford,2,1,H,1,1,D,18,8,7,2,7,3,10,8,3,1,0,0,1.91,3.8,3.75,2023-24,1820.65783691,1805.02062988,15.637207030000127,0,8.0,8.0,1.0,6.0,8.0,7.0,3.0,9.0,-3.0
2023-12-06,Crystal Palace,Bournemouth,0,2,A,0,1,A,16,11,3,4,3,9,10,17,1,3,0,0,2.25,3.5,3.1,2023-24,1736.67333984,1666.95935059,69.71398924999994,2,7.0,8.0,1.0,4.0,10.0,10.0,3.0,10.0,-6.0
2023-12-06,Fulham,Nott'm Forest,5,0,H,2,0,H,14,4,6,1,6,1,7,10,0,1,0,0,2.0,3.4,3.75,2023-24,1719.89428711,1673.10205078,46.79223633000015,0,8.0,11.0,1.0,4.0,6.0,10.0,1.0,3.0,1.0
2023-12-06,Sheffield United,Liverpool,0,2,A,0,1,A,6,15,1,8,2,12,12,8,2,3,0,0,12.0,7.5,1.2,2023-24,1586.56091309,1955.99243164,-369.43151854999996,2,4.0,15.0,1.0,4.0,12.0,5.0,3.0,11.0,-7.0
2023-12-06,Aston Villa,Man City,1,0,H,0,0,D,22,2,7,2,6,0,13,13,2,2,0,0,4.75,4.2,1.7,2023-24,1857.0333252,2063.37988281,-206.34655760999976,0,10.0,7.0,3.0,10.0,17.0,9.0,2.0,9.0,1.0
2023-12-06,Man United,Chelsea,2,1,H,1,1,D,28,13,9,3,12,4,12,12,4,0,0,0,2.88,3.4,2.45,2023-24,1825.68859863,1797.25476074,28.43383788999995,0,5.0,4.0,3.0,9.0,12.0,13.0,2.0,7.0,2.0
2023-12-07,Everton,Newcastle,3,0,H,0,0,D,21,13,6,3,5,2,18,8,3,0,0,0,3.25,3.25,2.25,2023-24,1708.11218262,1878.16455078,-170.0523681599998,0,6.0,6.0,3.0,10.0,8.0,5.0,3.0,10.0,0.0
2023-12-07,Tottenham,West Ham,1,2,A,1,0,H,23,11,7,5,8,4,11,12,3,3,0,0,1.75,4.2,4.2,2023-24,1837.70275879,1779.6394043,58.06335448999994,2,8.0,12.0,1.0,4.0,8.0,8.0,2.0,7.0,-3.0
2023-12-09,Crystal Palace,Liverpool,1,2,A,0,0,D,8,14,4,2,6,5,17,17,5,2,1,0,6.0,4.5,1.5,2023-24,1720.75769043,1958.59912109,-237.84143066000001,2,6.0,8.0,1.0,4.0,11.0,5.0,3.0,11.0,-7.0
2023-12-09,Brighton,Burnley,1,1,D,0,1,A,29,6,11,3,9,1,5,8,0,4,0,0,1.5,4.75,6.0,2023-24,1826.81262207,1653.53942871,173.27319336000005,1,9.0,8.0,2.0,8.0,7.0,8.0,1.0,3.0,5.0
2023-12-09,Man United,Bournemouth,0,3,A,0,1,A,20,10,3,4,10,4,7,10,3,1,0,0,1.55,4.33,5.75,2023-24,1831.60510254,1682.87512207,148.72998046999987,2,7.0,2.0,4.0,12.0,10.0,9.0,3.0,10.0,2.0
2023-12-09,Sheffield United,Brentford,1,0,H,1,0,H,9,10,4,4,3,4,14,13,5,1,0,0,4.2,3.8,1.75,2023-24,1583.95422363,1798.86584473,-214.91162110000005,0,4.0,12.0,1.0,4.0,7.0,9.0,2.0,6.0,-2.0
2023-12-09,Wolves,Nott'm Forest,1,1,D,1,1,D,10,8,4,2,4,3,9,11,0,1,0,0,1.85,3.6,4.33,2023-24,1719.25402832,1660.84594727,58.40808105000019,1,7.0,8.0,2.0,6.0,6.0,12.0,1.0,3.0,3.0
2023-12-09,Aston Villa,Arsenal,1,0,H,1,0,H,10,12,3,5,3,3,16,11,4,2,0,0,3.3,3.6,2.1,2023-24,1868.81555176,1952.32861328,-83.51306151999984,0,8.0,6.0,3.0,10.0,10.0,6.0,4.0,12.0,-2.0
2023-12-10,Everton,Chelsea,2,0,H,0,0,D,9,16,5,4,4,8,12,12,2,2,0,0,3.1,3.5,2.25,2023-24,1727.25671387,1791.33813477,-64.08142089999978,0,8.0,6.0,3.0,10.0,13.0,13.0,2.0,7.0,3.0
2023-12-10,Fulham,West Ham,5,0,H,3,0,H,14,9,8,5,3,6,5,10,2,1,0,0,2.38,3.5,2.9,2023-24,1732.15026855,1790.45690918,-58.30664062999995,0,12.0,10.0,2.0,6.0,10.0,8.0,3.0,10.0,-4.0
2023-12-10,Luton,Man City,1,2,A,1,0,H,4,18,2,6,6,3,16,6,2,1,0,0,17.0,8.0,1.14,2023-24,1597.04821777,2051.59765625,-454.54943847999994,2,7.0,10.0,1.0,4.0,14.0,10.0,1.0,6.0,-2.0
2023-12-10,Tottenham,Newcastle,4,1,H,2,0,H,23,9,12,3,3,6,10,12,1,3,0,0,2.15,3.8,3.1,2023-24,1826.88513184,1859.02001953,-32.134887689999914,0,7.0,13.0,0.0,1.0,6.0,6.0,3.0,9.0,-8.0
2023-12-15,Nott'm Forest,Tottenham,0,2,A,0,1,A,15,12,1,6,6,4,16,11,2,4,0,1,4.2,4.2,1.73,2023-24,1655.74072266,1831.20593262,-175.46520996000004,2,5.0,13.0,0.0,1.0,10.0,10.0,1.0,4.0,-3.0
2023-12-16,Chelsea,Sheffield United,2,0,H,0,0,D,15,6,6,1,7,6,9,14,1,3,0,0,1.22,6.5,13.0,2023-24,1771.2545166,1587.78222656,183.47229003999996,0,9.0,14.0,1.0,4.0,3.0,11.0,1.0,4.0,0.0
2023-12-16,Man City,Crystal Palace,2,2,D,1,0,H,19,5,9,2,6,1,12,9,1,1,0,0,1.18,8.0,13.0,2023-24,2045.38818359,1708.6295166,336.75866698999994,1,10.0,10.0,1.0,6.0,5.0,10.0,0.0,1.0,5.0
2023-12-16,Newcastle,Fulham,3,0,H,0,0,D,27,6,10,4,5,1,7,12,0,2,0,1,1.8,3.8,4.0,2023-24,1827.07385254,1741.83825684,85.23559569999998,0,6.0,10.0,2.0,6.0,17.0,9.0,3.0,9.0,-3.0
2023-12-16,Burnley,Everton,0,2,A,0,2,A,14,9,2,6,8,6,9,8,0,1,0,0,3.6,3.4,2.1,2023-24,1651.03161621,1730.72119141,-79.68957520000004,2,8.0,7.0,1.0,4.0,9.0,5.0,4.0,12.0,-8.0
2023-12-17,Brentford,Aston Villa,1,2,A,1,0,H,4,15,3,5,7,12,19,6,6,4,1,1,3.2,3.75,2.1,2023-24,1778.4185791,1860.0201416,-81.6015625,2,4.0,8.0,1.0,3.0,9.0,4.0,4.0,13.0,-10.0
2023-12-17,West Ham,Wolves,3,0,H,2,0,H,13,14,4,3,6,6,12,15,3,1,0,0,2.15,3.5,3.3,2023-24,1771.72058105,1707.73999023,63.98059081999986,0,8.0,10.0,3.0,10.0,7.0,7.0,2.0,7.0,3.0
2023-12-17,Arsenal,Brighton,2,0,H,0,0,D,26,6,9,1,10,1,11,9,1,3,0,0,1.44,5.0,6.0,2023-24,1933.93981934,1817.03552246,116.90429687999995,0,10.0,6.0,4.0,12.0,9.0,8.0,2.0,8.0,4.0
2023-12-17,Liverpool,Man United,0,0,D,0,0,D,34,6,8,1,12,0,13,8,2,4,0,1,1.3,6.0,8.0,2023-24,1941.31640625,1794.65466309,146.66174316000001,1,12.0,5.0,4.0,13.0,6.0,5.0,3.0,9.0,4.0
2023-12-21,Crystal Palace,Brighton,1,1,D,1,0,H,11,18,3,6,3,1,12,11,5,2,0,0,3.3,3.3,2.15,2023-24,1716.73486328,1811.54711914,-94.81225586000005,1,5.0,9.0,0.0,2.0,8.0,9.0,2.0,7.0,-5.0
2023-12-22,Aston Villa,Sheffield United,1,1,D,0,0,D,12,5,4,2,9,1,11,16,3,3,0,0,1.22,6.5,12.0,2023-24,1867.35070801,1583.68334961,283.6673584,1,8.0,4.0,4.0,13.0,2.0,12.0,1.0,3.0,10.0
2023-12-23,West Ham,Man United,2,0,H,0,0,D,12,11,5,3,4,4,13,15,2,3,0,0,2.6,3.6,2.6,2023-24,1780.63439941,1799.88720703,-19.252807619999885,0,8.0,8.0,3.0,10.0,5.0,5.0,2.0,7.0,3.0
2023-12-23,Fulham,Burnley,0,2,A,0,0,D,19,7,5,2,8,6,5,17,2,1,0,0,1.67,3.75,5.25,2023-24,1733.97387695,1640.46374512,93.51013182999986,2,16.0,9.0,3.0,9.0,7.0,6.0,1.0,4.0,5.0
2023-12-23,Luton,Newcastle,1,0,H,1,0,H,16,15,5,2,6,7,11,5,2,1,0,0,4.75,4.2,1.65,2023-24,1587.57958984,1834.93823242,-247.35864258000015,0,7.0,11.0,1.0,3.0,9.0,8.0,3.0,9.0,-6.0
2023-12-23,Nott'm Forest,Bournemouth,2,3,A,0,0,D,11,18,5,7,6,6,10,10,0,3,1,0,2.75,3.4,2.55,2023-24,1648.8092041,1697.18786621,-48.37866211000005,2,3.0,12.0,0.0,1.0,12.0,3.0,4.0,13.0,-12.0
2023-12-23,Tottenham,Everton,2,1,H,2,0,H,13,18,6,8,3,8,6,18,1,4,0,0,1.75,4.2,4.0,2023-24,1838.13745117,1741.28918457,96.84826659999999,0,11.0,8.0,2.0,7.0,8.0,3.0,4.0,12.0,-5.0
2023-12-23,Liverpool,Arsenal,1,1,D,1,1,D,13,13,3,2,4,5,13,14,2,5,0,0,2.38,3.6,2.8,2023-24,1936.0838623,1939.42810059,-3.344238290000021,1,9.0,5.0,3.0,11.0,9.0,5.0,4.0,12.0,-1.0
2023-12-24,Wolves,Chelsea,2,1,H,0,0,D,14,16,6,5,10,6,11,9,3,5,0,0,3.75,3.75,1.91,2023-24,1698.82617188,1775.35327148,-76.52709960000016,0,5.0,9.0,1.0,4.0,7.0,10.0,2.0,6.0,-2.0
2023-12-26,Newcastle,Nott'm Forest,1,3,A,1,1,D,19,15,7,6,10,2,10,11,3,3,0,0,1.5,4.33,5.75,2023-24,1821.95751953,1640.50195312,181.45556640999985,2,5.0,8.0,2.0,6.0,3.0,12.0,0.0,1.0,5.0
2023-12-26,Bournemouth,Fulham,3,0,H,1,0,H,16,8,4,3,6,5,10,10,0,2,0,0,2.15,3.6,3.2,2023-24,1705.49499512,1717.22412109,-11.729125969999814,0,13.0,5.0,4.0,13.0,13.0,9.0,2.0,6.0,7.0
2023-12-26,Sheffield United,Luton,2,3,A,0,1,A,21,12,6,4,9,4,13,13,5,0,0,0,2.3,3.3,3.1,2023-24,1591.1887207,1600.56030273,-9.371582030000127,2,2.0,10.0,1.0,4.0,8.0,10.0,2.0,6.0,-2.0
2023-12-26,Burnley,Liverpool,0,2,A,0,1,A,9,19,0,10,4,4,7,10,2,1,0,0,6.5,5.25,1.4,2023-24,1657.21337891,1934.6015625,-277.3881835899999,2,8.0,4.0,2.0,7.0,9.0,5.0,3.0,11.0,-4.0
2023-12-26,Man United,Aston Villa,3,2,H,0,2,A,13,10,7,4,3,6,10,10,1,3,0,0,2.6,3.5,2.6,2023-24,1789.83483887,1859.84533691,-70.0104980399999,0,2.0,7.0,1.0,4.0,7.0,4.0,3.0,11.0,-7.0
2023-12-27,Brentford,Wolves,1,4,A,1,3,A,14,11,4,5,8,2,5,14,1,1,0,0,1.95,3.5,4.2,2023-24,1771.08789062,1707.52563477,63.562255850000156,2,5.0,7.0,1.0,3.0,5.0,7.0,2.0,7.0,-4.0
2023-12-27,Chelsea,Crystal Palace,2,1,H,1,1,D,9,13,4,5,4,3,13,16,3,2,0,0,1.67,4.0,5.0,2023-24,1766.65393066,1717.8840332,48.76989746000004,0,7.0,8.0,2.0,6.0,5.0,8.0,0.0,3.0,3.0
2023-12-27,Everton,Man City,1,3,A,1,0,H,7,23,2,9,8,4,13,5,4,2,0,0,5.75,4.0,1.57,2023-24,1737.00561523,2037.28271484,-300.2770996099998,2,9.0,2.0,4.0,12.0,8.0,8.0,1.0,6.0,6.0
2023-12-28,Brighton,Tottenham,4,2,H,2,0,H,15,19,9,3,7,6,18,6,3,2,0,0,2.5,3.6,2.6,2023-24,1810.39807129,1842.42089844,-32.02282715000001,0,6.0,8.0,1.0,5.0,12.0,7.0,3.0,10.0,-5.0
2023-12-28,Arsenal,West Ham,0,2,A,0,1,A,30,6,8,3,10,3,8,8,2,0,0,0,1.33,5.5,7.5,2023-24,1940.91052246,1790.68688965,150.22363281000003,2,9.0,6.0,3.0,10.0,8.0,7.0,3.0,10.0,0.0
2023-12-30,Luton,Chelsea,2,3,A,0,2,A,15,12,6,8,7,2,14,21,2,2,0,0,6.5,4.2,1.5,2023-24,1609.94433594,1772.14367676,-162.1993408200001,2,9.0,11.0,2.0,6.0,6.0,7.0,2.0,6.0,0.0
2023-12-30,Aston Villa,Burnley,3,2,H,2,1,H,19,9,7,5,6,2,9,14,4,1,0,1,1.36,5.25,7.5,2023-24,1851.45483398,1652.85620117,198.59863281000003,0,7.0,5.0,3.0,10.0,3.0,6.0,1.0,4.0,6.0
2023-12-30,Crystal Palace,Brentford,3,1,H,2,1,H,13,9,6,4,7,4,14,10,0,1,0,0,2.2,3.3,3.4,2023-24,1712.39416504,1751.79333496,-39.39916992000008,0,5.0,9.0,0.0,2.0,6.0,10.0,1.0,3.0,-1.0
2023-12-30,Man City,Sheffield United,2,0,H,1,0,H,18,4,4,2,12,2,5,6,1,1,0,0,1.08,11.0,29.0,2023-24,2041.1953125,1581.8046875,459.390625,0,10.0,8.0,2.0,8.0,4.0,8.0,1.0,4.0,4.0
2023-12-30,Wolves,Everton,3,0,H,1,0,H,12,10,6,0,5,2,9,14,2,3,0,0,2.63,3.3,2.7,2023-24,1726.82019043,1733.09313965,-6.2729492200001005,0,8.0,6.0,3.0,10.0,9.0,5.0,3.0,9.0,1.0
2023-12-30,Nott'm Forest,Man United,2,1,H,0,0,D,8,10,2,5,4,5,9,11,2,4,0,0,3.2,3.6,2.15,2023-24,1659.6796875,1798.2253418,-138.54565430000002,0,6.0,12.0,1.0,4.0,5.0,8.0,2.0,7.0,-3.0
2023-12-31,Fulham,Arsenal,2,1,H,1,1,D,15,13,4,3,5,4,11,10,4,1,0,0,5.25,4.5,1.55,2023-24,1705.30419922,1922.62512207,-217.32092285,0,10.0,8.0,2.0,6.0,7.0,7.0,2.0,7.0,-1.0
2023-12-31,Tottenham,Bournemouth,3,1,H,1,0,H,12,24,6,4,4,13,9,18,3,3,0,0,1.75,4.2,4.0,2023-24,1832.18237305,1717.41503906,114.76733399,0,11.0,8.0,3.0,9.0,13.0,4.0,4.0,13.0,-4.0
2024-01-01,Liverpool,Newcastle,4,2,H,0,0,D,34,5,15,3,7,3,16,15,3,5,0,0,1.45,4.5,7.0,2023-24,1938.95874023,1802.77978516,136.17895507000003,0,7.0,2.0,3.0,11.0,5.0,11.0,1.0,3.0,8.0
2024-01-02,West Ham,Brighton,0,0,D,0,0,D,6,22,2,8,2,0,4,6,1,0,0,0,2.45,3.75,2.75,2023-24,1808.97216797,1820.63659668,-11.664428709999811,1,9.0,6.0,4.0,12.0,8.0,7.0,2.0,8.0,4.0
2024-01-12,Burnley,Luton,1,1,D,1,0,H,13,14,7,5,2,8,7,12,1,0,0,0,2.0,3.6,3.6,2023-24,1650.16088867,1604.55761719,45.6032714800001,1,5.0,8.0,1.0,4.0,10.0,11.0,2.0,6.0,-2.0
2024-01-13,Chelsea,Fulham,1,0,H,1,0,H,17,14,3,4,6,4,13,9,5,1,0,0,1.6,4.2,5.25,2023-24,1777.53039551,1717.38049316,60.14990235000005,0,8.0,7.0,3.0,9.0,7.0,9.0,2.0,6.0,3.0
2024-01-13,Newcastle,Man City,2,3,A,2,1,H,12,27,5,11,3,13,7,7,1,2,0,0,5.5,4.33,1.55,2023-24,1797.72485352,2042.04382324,-244.31896972000004,2,7.0,12.0,1.0,3.0,9.0,5.0,3.0,10.0,-7.0
2024-01-14,Everton,Aston Villa,0,0,D,0,0,D,10,16,2,5,4,5,13,14,1,4,0,0,2.8,3.5,2.45,2023-24,1721.11450195,1854.15014648,-133.03564453000013,1,6.0,8.0,2.0,6.0,9.0,7.0,3.0,10.0,-4.0
2024-01-14,Man United,Tottenham,2,2,D,2,1,H,9,16,2,6,8,13,8,5,2,1,0,0,2.2,3.75,3.0,2023-24,1787.94226074,1837.70581055,-49.763549810000086,1,4.0,9.0,1.0,4.0,13.0,7.0,4.0,12.0,-8.0
2024-01-20,Arsenal,Crystal Palace,5,0,H,2,0,H,21,12,6,5,6,7,8,12,0,0,0,0,1.3,5.75,9.0,2023-24,1910.54882812,1723.2935791,187.25524902000006,0,4.0,6.0,1.0,4.0,8.0,8.0,1.0,5.0,-1.0
2024-01-20,Brentford,Nott'm Forest,3,2,H,1,1,D,11,12,5,3,6,4,10,14,1,3,0,0,1.91,3.6,4.0,2023-24,1740.8939209,1669.96276855,70.93115235000005,0,4.0,12.0,0.0,0.0,8.0,8.0,2.0,7.0,-7.0
2024-01-21,Sheffield United,West Ham,2,2,D,1,1,D,21,16,6,5,4,1,11,10,3,1,1,1,3.4,3.3,2.2,2023-24,1580.95605469,1807.66149902,-226.7054443300001,1,4.0,8.0,1.0,4.0,7.0,5.0,3.0,10.0,-6.0
2024-01-21,Bournemouth,Liverpool,0,4,A,0,0,D,11,14,1,7,8,5,9,12,1,2,0,0,4.2,4.5,1.7,2023-24,1711.89160156,1944.01367188,-232.12207031999992,2,12.0,5.0,4.0,12.0,9.0,4.0,3.0,11.0,1.0
2024-01-22,Brighton,Wolves,0,0,D,0,0,D,11,8,4,3,8,2,10,13,1,4,0,0,1.65,4.33,5.0,2023-24,1821.94726562,1738.79882812,83.1484375,1,6.0,6.0,1.0,6.0,10.0,6.0,3.0,10.0,-4.0
2024-01-30,Nott'm Forest,Arsenal,1,2,A,0,0,D,9,19,3,3,2,11,6,7,0,1,0,0,7.5,5.0,1.4,2023-24,1665.05200195,1916.82568359,-251.77368163999995,2,9.0,10.0,2.0,6.0,9.0,5.0,2.0,7.0,-1.0
2024-01-30,Fulham,Everton,0,0,D,0,0,D,25,21,6,4,15,6,6,13,1,2,0,0,2.45,3.2,3.0,2023-24,1712.25061035,1723.24951172,-10.998901370000112,1,2.0,10.0,1.0,3.0,4.0,8.0,1.0,4.0,-1.0
2024-01-30,Luton,Brighton,4,0,H,3,0,H,18,9,8,2,7,4,13,14,2,2,0,0,4.2,4.2,1.75,2023-24,1607.4375,1818.10534668,-210.6678466799999,0,8.0,8.0,2.0,7.0,5.0,5.0,1.0,6.0,1.0
2024-01-30,Crystal Palace,Sheffield United,3,2,H,2,2,D,12,9,4,5,11,1,8,18,1,4,0,0,1.62,3.6,6.5,2023-24,1717.01672363,1585.47253418,131.54418944999998,0,7.0,11.0,1.0,5.0,5.0,10.0,0.0,2.0,3.0
2024-01-30,Aston Villa,Newcastle,1,3,A,0,2,A,12,14,6,5,8,7,14,12,4,1,0,0,1.85,4.0,3.8,2023-24,1852.01513672,1794.09667969,57.91845703000013,2,8.0,7.0,2.0,8.0,8.0,11.0,1.0,3.0,5.0
2024-01-31,Tottenham,Brentford,3,2,H,0,1,A,19,9,5,5,5,3,13,15,2,3,0,0,1.67,4.2,4.75,2023-24,1837.9342041,1745.8046875,92.12951659999999,0,11.0,8.0,3.0,10.0,6.0,12.0,1.0,3.0,7.0
2024-01-31,Liverpool,Chelsea,4,1,H,2,0,H,28,4,13,3,8,1,15,16,2,4,0,0,1.57,4.33,5.25,2023-24,1951.73950195,1782.66027832,169.0792236299999,0,11.0,3.0,3.0,11.0,9.0,5.0,4.0,12.0,-1.0
2024-01-31,Man City,Burnley,3,1,H,2,0,H,14,8,4,3,7,3,3,13,2,2,0,0,1.08,12.0,21.0,2023-24,2045.67199707,1647.28112793,398.3908691400002,0,12.0,6.0,4.0,13.0,5.0,8.0,1.0,4.0,9.0
2024-02-01,West Ham,Bournemouth,1,1,D,0,1,A,9,9,3,4,1,5,13,11,1,3,0,0,2.4,3.75,2.75,2023-24,1803.14501953,1704.16589355,98.97912597999994,1,9.0,2.0,3.0,11.0,10.0,9.0,3.0,9.0,2.0
2024-02-01,Wolves,Man United,3,4,A,0,2,A,16,21,7,8,4,5,10,10,2,5,0,0,2.63,3.6,2.55,2023-24,1742.640625,1787.71386719,-45.073242189999974,2,9.0,5.0,3.0,10.0,6.0,8.0,1.0,5.0,5.0
2024-02-03,Everton,Tottenham,2,2,D,1,2,A,14,9,5,6,9,5,8,14,3,0,0,0,3.0,3.6,2.25,2023-24,1724.57958984,1842.17773438,-117.59814454000002,1,2.0,8.0,0.0,2.0,12.0,10.0,3.0,10.0,-8.0
2024-02-03,Brighton,Crystal Palace,4,1,H,3,0,H,13,7,6,5,3,2,8,14,1,3,0,0,1.7,4.0,4.75,2023-24,1794.08178711,1720.75085449,73.33093262000011,0,5.0,7.0,1.0,6.0,8.0,11.0,2.0,7.0,-1.0
2024-02-03,Burnley,Fulham,2,2,D,0,2,A,12,15,4,7,2,13,11,7,2,2,0,0,2.9,3.4,2.38,2023-24,1646.10473633,1710.92053223,-64.81579590000001,1,6.0,9.0,1.0,4.0,2.0,7.0,1.0,4.0,0.0
2024-02-03,Newcastle,Luton,4,4,D,2,2,D,19,11,6,8,8,2,13,16,2,2,0,0,1.44,4.75,6.5,2023-24,1809.53149414,1631.46105957,178.07043456999986,1,8.0,12.0,1.0,3.0,11.0,6.0,3.0,10.0,-7.0
2024-02-03,Sheffield United,Aston Villa,0,5,A,0,4,A,10,14,5,10,3,4,10,7,1,0,0,0,5.25,4.2,1.62,2023-24,1581.73840332,1836.58044434,-254.8420410199999,2,7.0,11.0,0.0,2.0,7.0,9.0,1.0,5.0,-3.0
2024-02-04,Man United,West Ham,3,0,H,1,0,H,12,22,5,3,5,8,10,5,0,1,0,0,1.62,4.2,5.0,2023-24,1796.18847656,1798.88916016,-2.7006836000000476,0,10.0,11.0,2.0,7.0,7.0,3.0,2.0,9.0,-2.0
2024-02-04,Arsenal,Liverpool,3,1,H,1,1,D,15,10,7,1,2,4,11,11,6,2,0,1,2.2,3.6,3.1,2023-24,1920.35949707,1956.95532227,-36.59582519999981,0,9.0,6.0,2.0,7.0,15.0,4.0,4.0,13.0,-6.0
2024-02-04,Bournemouth,Nott'm Forest,1,1,D,1,1,D,9,8,2,6,11,6,19,12,3,2,1,0,1.7,4.2,4.5,2023-24,1708.421875,1661.51818848,46.903686520000065,1,8.0,10.0,2.0,7.0,10.0,10.0,2.0,6.0,1.0
2024-02-04,Chelsea,Wolves,2,4,A,1,2,A,15,14,6,7,10,1,15,11,3,2,0,0,1.62,4.0,5.5,2023-24,1777.44445801,1734.1661377,43.278320310000026,2,8.0,9.0,3.0,9.0,12.0,6.0,3.0,10.0,-1.0
2024-02-05,Brentford,Man City,1,3,A,1,1,D,9,25,3,15,8,13,2,4,1,0,0,0,7.0,4.75,1.4,2023-24,1741.56103516,2046.8482666,-305.2872314399999,2,8.0,14.0,1.0,3.0,13.0,6.0,4.0,13.0,-10.0
2024-02-10,Fulham,Bournemouth,3,1,H,2,0,H,7,25,6,4,1,14,11,11,1,2,0,0,2.38,3.5,2.8,2023-24,1710.7121582,1705.52368164,5.188476560000026,0,4.0,7.0,1.0,5.0,6.0,9.0,1.0,5.0,0.0
2024-02-10,Luton,Sheffield United,1,3,A,0,2,A,20,7,5,3,13,1,7,12,1,2,0,0,1.75,3.75,4.75,2023-24,1637.36486816,1573.8828125,63.482055660000015,2,14.0,10.0,2.0,8.0,6.0,15.0,0.0,1.0,7.0
2024-02-10,Liverpool,Burnley,3,1,H,1,1,D,25,9,10,4,9,3,11,13,3,2,0,0,1.17,8.0,17.0,2023-24,1946.5657959,1646.31311035,300.25268555,0,15.0,6.0,4.0,12.0,6.0,11.0,0.0,2.0,10.0
2024-02-10,Wolves,Brentford,0,2,A,0,1,A,17,9,5,6,7,4,11,9,2,3,0,0,2.1,3.6,3.4,2023-24,1749.32067871,1737.79626465,11.524414060000026,2,14.0,7.0,3.0,10.0,8.0,15.0,1.0,3.0,7.0
2024-02-10,Tottenham,Brighton,2,1,H,0,1,A,16,6,6,3,9,6,14,13,2,3,0,0,1.8,4.2,3.8,2023-24,1840.46716309,1802.43615723,38.03100586000005,0,12.0,11.0,2.0,8.0,8.0,7.0,2.0,8.0,0.0
2024-02-10,Nott'm Forest,Newcastle,2,3,A,2,2,D,13,7,3,5,4,4,9,6,1,2,0,0,3.3,3.75,2.05,2023-24,1664.41638184,1803.62768555,-139.21130371000004,2,9.0,8.0,2.0,7.0,12.0,15.0,1.0,4.0,3.0
2024-02-10,Man City,Everton,2,0,H,0,0,D,19,5,3,1,9,0,6,11,0,2,0,0,1.18,8.0,13.0,2023-24,2050.61303711,1726.2902832,324.32275390999985,0,14.0,5.0,5.0,15.0,3.0,8.0,0.0,3.0,12.0
2024-02-11,West Ham,Arsenal,0,6,A,0,4,A,5,25,1,12,2,6,17,11,4,0,0,0,6.0,4.33,1.53,2023-24,1787.42297363,1930.74890137,-143.32592774000022,2,5.0,6.0,1.0,6.0,11.0,6.0,3.0,9.0,-3.0
2024-02-11,Aston Villa,Man United,1,2,A,0,1,A,23,17,10,5,10,8,9,7,3,2,0,0,2.15,3.75,3.1,2023-24,1844.43603516,1807.65466309,36.78137207000009,2,11.0,8.0,2.0,7.0,13.0,9.0,3.0,10.0,-3.0
2024-02-12,Crystal Palace,Chelsea,1,3,A,1,0,H,13,14,4,5,1,7,14,7,2,2,0,0,4.2,3.8,1.85,2023-24,1712.39648438,1762.28979492,-49.89331054000013,2,8.0,14.0,2.0,6.0,9.0,11.0,3.0,9.0,-3.0
2024-02-17,Brentford,Liverpool,1,4,A,0,1,A,15,15,6,8,1,6,4,18,2,1,0,0,5.5,4.33,1.57,2023-24,1751.81262207,1948.84216309,-197.0295410199999,2,9.0,11.0,2.0,6.0,16.0,7.0,4.0,12.0,-6.0
2024-02-17,Burnley,Arsenal,0,5,A,0,2,A,8,16,0,7,4,6,11,8,2,1,0,0,10.0,5.75,1.29,2023-24,1644.38623047,1944.80981445,-300.4235839799999,2,7.0,12.0,0.0,2.0,17.0,4.0,4.0,12.0,-10.0
2024-02-17,Fulham,Aston Villa,1,2,A,0,1,A,15,12,4,3,4,4,11,6,5,2,0,0,2.9,3.75,2.2,2023-24,1719.98828125,1834.2166748,-114.22839354999996,2,7.0,5.0,2.0,8.0,10.0,7.0,2.0,7.0,1.0
2024-02-17,Newcastle,Bournemouth,2,2,D,0,0,D,17,12,5,7,4,2,9,22,1,3,0,0,1.83,4.2,3.75,2023-24,1809.63830566,1696.59692383,113.04138183000009,1,14.0,14.0,2.0,7.0,4.0,12.0,0.0,2.0,5.0
2024-02-17,Nott'm Forest,West Ham,2,0,H,1,0,H,19,10,8,3,5,3,13,15,4,4,0,1,2.38,3.5,2.9,2023-24,1658.75524902,1773.71142578,-114.95617675999983,0,8.0,10.0,1.0,4.0,3.0,12.0,0.0,3.0,1.0
2024-02-17,Tottenham,Wolves,1,2,A,0,1,A,15,12,4,7,10,4,8,13,0,1,0,0,1.53,4.75,5.25,2023-24,1846.0579834,1735.65380859,110.40417481000009,2,12.0,8.0,3.0,11.0,10.0,8.0,2.0,7.0,4.0
2024-02-17,Man City,Chelsea,1,1,D,0,1,A,31,9,5,6,12,1,7,12,1,3,0,0,1.33,5.5,8.0,2023-24,2053.20288086,1774.0657959,279.1370849599998,1,13.0,4.0,5.0,15.0,10.0,11.0,3.0,9.0,6.0
2024-02-18,Sheffield United,Brighton,0,5,A,0,2,A,6,24,1,10,5,10,3,5,1,4,1,0,5.0,4.2,1.62,2023-24,1589.72106934,1797.19482422,-207.47375488000012,2,7.0,13.0,1.0,4.0,5.0,7.0,1.0,5.0,-1.0
2024-02-18,Luton,Man United,1,2,A,1,2,A,22,21,4,9,8,6,7,21,3,5,0,0,4.0,4.0,1.8,2023-24,1621.87597656,1818.22338867,-196.34741211000005,2,12.0,11.0,1.0,5.0,12.0,8.0,3.0,10.0,-5.0
2024-02-19,Everton,Crystal Palace,1,1,D,0,0,D,19,10,4,4,3,6,8,12,0,2,0,0,1.7,3.6,5.25,2023-24,1724.61669922,1700.9699707,23.646728520000124,1,2.0,7.0,0.0,3.0,8.0,15.0,2.0,6.0,-3.0
2024-02-20,Man City,Brentford,1,0,H,0,0,D,25,6,11,2,10,1,12,6,2,4,0,0,1.18,8.0,13.0,2023-24,2045.76098633,1744.08740234,301.67358399,0,12.0,5.0,4.0,13.0,9.0,12.0,2.0,6.0,7.0
2024-02-21,Liverpool,Luton,4,1,H,0,1,A,29,12,13,3,13,4,15,14,1,4,0,0,1.2,7.0,13.0,2023-24,1956.56726074,1617.47827148,339.08898925999983,0,16.0,6.0,4.0,12.0,11.0,10.0,1.0,5.0,7.0
2024-02-24,Aston Villa,Nott'm Forest,4,2,H,3,1,H,16,10,6,3,7,2,7,16,1,2,0,0,1.53,4.5,5.75,2023-24,1839.31494141,1670.75378418,168.56115723000016,0,9.0,6.0,2.0,7.0,8.0,9.0,1.0,4.0,3.0
2024-02-24,Brighton,Everton,1,1,D,0,0,D,23,6,7,3,11,3,9,14,2,3,1,0,1.83,3.8,4.2,2023-24,1805.13391113,1721.33813477,83.79577635999999,1,10.0,7.0,2.0,7.0,3.0,5.0,0.0,4.0,3.0
2024-02-24,Crystal Palace,Burnley,3,0,H,0,0,D,15,2,6,0,12,3,8,13,3,1,0,1,1.95,3.5,4.0,2023-24,1701.66638184,1637.01977539,64.64660645000004,0,6.0,15.0,1.0,4.0,5.0,14.0,0.0,2.0,2.0
2024-02-24,Man United,Fulham,1,2,A,0,0,D,21,17,9,5,10,9,6,11,2,5,0,0,1.57,4.33,5.5,2023-24,1821.33007812,1712.30773926,109.02233885999999,2,13.0,7.0,4.0,13.0,6.0,6.0,1.0,5.0,8.0
2024-02-24,Bournemouth,Man City,0,1,A,0,1,A,13,15,4,6,3,8,14,6,2,2,0,0,7.0,5.25,1.4,2023-24,1699.78210449,2046.02490234,-346.24279785,2,5.0,11.0,0.0,3.0,10.0,3.0,4.0,13.0,-10.0
2024-02-24,Arsenal,Newcastle,4,1,H,2,0,H,18,3,8,2,9,0,15,6,1,0,0,0,1.36,5.25,8.0,2023-24,1945.41186523,1803.87109375,141.5407714800001,0,21.0,2.0,5.0,15.0,14.0,12.0,2.0,8.0,7.0
2024-02-25,Wolves,Sheffield United,1,0,H,1,0,H,13,12,2,4,5,6,8,4,2,1,0,0,1.44,4.75,7.0,2023-24,1746.40515137,1579.19970703,167.2054443400002,0,9.0,9.0,2.0,7.0,7.0,16.0,1.0,4.0,3.0
2024-02-26,West Ham,Brentford,4,2,H,2,1,H,17,14,6,8,1,7,5,9,1,2,0,0,2.5,3.5,2.75,2023-24,1759.1307373,1741.24145508,17.88928222000004,0,3.0,14.0,0.0,2.0,6.0,11.0,1.0,3.0,-1.0
2024-03-02,Newcastle,Wolves,3,0,H,2,0,H,14,12,7,3,3,5,8,11,0,1,0,0,1.91,4.0,3.6,2023-24,1797.59436035,1749.70043945,47.89392090000001,0,13.0,13.0,2.0,8.0,10.0,9.0,3.0,9.0,-1.0
2024-03-02,Brentford,Chelsea,2,2,D,0,1,A,14,17,5,6,0,6,10,9,3,1,0,0,3.1,3.75,2.15,2023-24,1732.08056641,1780.21655273,-48.13598632000003,1,6.0,12.0,1.0,3.0,8.0,10.0,2.0,7.0,-4.0
2024-03-02,Fulham,Brighton,3,0,H,2,0,H,12,15,5,5,2,6,16,10,1,2,0,0,2.55,3.6,2.63,2023-24,1724.16650391,1801.61047363,-77.44396971999981,0,8.0,6.0,2.0,8.0,11.0,8.0,2.0,7.0,1.0
2024-03-02,Tottenham,Crystal Palace,3,1,H,0,0,D,14,4,6,1,11,1,7,16,1,2,0,0,1.5,4.33,6.5,2023-24,1832.7244873,1710.93066406,121.79382323999994,0,10.0,9.0,2.0,8.0,9.0,10.0,2.0,7.0,1.0
2024-03-02,Nott'm Forest,Liverpool,0,1,A,0,0,D,8,22,2,2,3,12,11,12,2,2,0,0,6.0,4.33,1.53,2023-24,1666.18798828,1957.47924805,-291.2912597700001,2,8.0,10.0,1.0,4.0,16.0,7.0,4.0,12.0,-8.0
2024-03-02,Luton,Aston Villa,2,3,A,0,2,A,13,12,5,8,8,6,8,19,1,4,0,0,4.33,4.2,1.73,2023-24,1613.98413086,1843.8807373,-229.8966064399999,2,11.0,13.0,1.0,4.0,13.0,8.0,3.0,9.0,-5.0
2024-03-02,Everton,West Ham,1,3,A,0,0,D,22,12,11,5,4,5,9,6,1,2,0,0,2.05,3.6,3.5,2023-24,1724.86169434,1768.29174805,-43.43005371000004,2,4.0,6.0,0.0,4.0,5.0,14.0,1.0,4.0,0.0
2024-03-03,Burnley,Bournemouth,0,2,A,0,1,A,20,10,6,3,7,2,8,13,2,4,0,0,3.75,3.6,1.95,2023-24,1627.75549316,1697.8034668,-70.04797364000001,2,4.0,16.0,0.0,1.0,5.0,8.0,0.0,3.0,-2.0
2024-03-03,Man City,Man United,3,1,H,0,1,A,27,3,8,1,15,2,5,10,0,1,0,0,1.25,5.75,11.0,2023-24,2048.00341797,1809.47143555,238.53198242000008,0,8.0,2.0,4.0,13.0,12.0,7.0,4.0,12.0,1.0
2024-03-04,Sheffield United,Arsenal,0,6,A,0,5,A,4,22,0,10,0,7,11,4,1,0,0,0,17.0,7.0,1.18,2023-24,1575.90454102,1951.68859863,-375.78405761,2,5.0,15.0,1.0,3.0,20.0,3.0,5.0,15.0,-12.0
2024-03-09,Man United,Everton,2,0,H,2,0,H,15,23,8,6,5,8,13,11,1,2,0,0,1.83,3.6,4.0,2023-24,1801.67163086,1708.7635498,92.90808106000009,0,9.0,7.0,3.0,9.0,5.0,9.0,0.0,3.0,6.0
2024-03-09,Bournemouth,Sheffield United,2,2,D,0,1,A,32,13,12,9,10,3,12,11,3,5,0,0,1.33,5.25,8.0,2023-24,1703.58789062,1567.22338867,136.36450194999998,1,6.0,7.0,1.0,5.0,3.0,18.0,1.0,3.0,2.0
2024-03-09,Crystal Palace,Luton,1,1,D,1,0,H,21,8,4,2,8,6,20,11,2,3,0,0,1.75,3.8,4.2,2023-24,1700.64868164,1605.67419434,94.97448729999996,1,7.0,11.0,1.0,4.0,9.0,16.0,0.0,1.0,3.0
2024-03-09,Wolves,Fulham,2,1,H,0,0,D,8,23,3,6,3,4,7,11,2,2,0,0,2.5,3.4,2.75,2023-24,1735.28222656,1734.86364746,0.4185790999999881,0,7.0,8.0,3.0,9.0,11.0,6.0,3.0,10.0,-1.0
2024-03-09,Arsenal,Brentford,2,1,H,1,1,D,17,9,6,4,10,4,9,10,2,4,0,0,1.22,7.0,11.0,2023-24,1951.13562012,1727.57714844,223.55847168000014,0,24.0,2.0,5.0,15.0,7.0,11.0,1.0,4.0,11.0
2024-03-10,Aston Villa,Tottenham,0,4,A,0,0,D,10,9,1,5,6,4,11,15,0,2,1,0,2.38,4.0,2.6,2023-24,1843.29162598,1833.77233887,9.519287109999823,2,15.0,7.0,4.0,12.0,11.0,8.0,3.0,10.0,2.0
2024-03-10,Brighton,Nott'm Forest,1,0,H,1,0,H,10,9,3,4,6,3,14,14,4,4,0,0,1.8,4.0,4.0,2023-24,1767.01928711,1658.89428711,108.125,0,11.0,7.0,2.0,7.0,7.0,9.0,1.0,4.0,3.0
2024-03-10,West Ham,Burnley,2,2,D,0,2,A,22,11,4,4,4,4,11,18,2,4,0,0,1.67,4.0,4.75,2023-24,1771.29138184,1612.73706055,158.55432128999996,1,7.0,14.0,2.0,6.0,3.0,15.0,0.0,1.0,5.0
2024-03-10,Liverpool,Man City,1,1,D,0,1,A,19,10,6,6,7,4,6,10,0,3,0,0,3.0,3.75,2.2,2023-24,1958.17102051,2047.09863281,-88.92761229999996,1,13.0,6.0,4.0,12.0,8.0,2.0,4.0,13.0,-1.0
2024-03-11,Chelsea,Newcastle,3,2,H,1,1,D,12,11,8,3,0,4,12,7,3,1,0,0,1.91,4.0,3.6,2023-24,1775.48583984,1802.77856445,-27.29272461000005,0,9.0,12.0,1.0,5.0,13.0,12.0,2.0,8.0,-3.0
2024-03-13,Bournemouth,Luton,4,3,H,0,3,A,24,8,10,4,11,3,16,11,1,2,0,0,1.5,4.75,5.75,2023-24,1697.77270508,1608.50280762,89.26989745999981,0,7.0,8.0,1.0,5.0,6.0,13.0,0.0,1.0,4.0
2024-03-16,Burnley,Brentford,2,1,H,1,0,H,17,9,6,5,5,4,14,17,2,4,0,1,3.25,3.6,2.15,2023-24,1624.46826172,1731.63623047,-107.16796875,0,3.0,15.0,0.0,1.0,6.0,13.0,0.0,1.0,0.0
2024-03-16,Luton,Nott'm Forest,1,1,D,0,1,A,10,16,4,6,6,7,10,17,1,2,0,0,2.8,3.5,2.45,2023-24,1611.20727539,1661.08813477,-49.88085937999995,1,8.0,14.0,0.0,1.0,6.0,9.0,1.0,3.0,-2.0
2024-03-16,Fulham,Tottenham,3,0,H,1,0,H,16,14,7,5,4,5,9,10,2,3,0,0,3.5,3.8,1.95,2023-24,1734.47412109,1858.80688477,-124.33276367999997,0,10.0,6.0,3.0,9.0,12.0,6.0,3.0,10.0,-1.0
2024-03-17,West Ham,Aston Villa,1,1,D,1,0,H,13,13,5,5,7,11,13,12,3,3,0,0,2.63,3.75,2.45,2023-24,1791.08288574,1836.80493164,-45.72204590000001,1,9.0,13.0,2.0,7.0,10.0,11.0,3.0,9.0,-2.0
2024-03-30,Nott'm Forest,Crystal Palace,1,1,D,0,1,A,12,10,5,3,4,6,14,12,1,1,0,0,2.2,3.3,3.4,2023-24,1660.94836426,1703.24584961,-42.29748534999999,1,5.0,7.0,1.0,4.0,7.0,8.0,1.0,5.0,-1.0
2024-03-30,Newcastle,West Ham,4,3,H,1,2,A,24,10,9,4,3,4,9,8,1,1,1,0,1.83,4.2,3.8,2023-24,1801.72521973,1791.06188965,10.663330079999923,0,11.0,11.0,2.0,7.0,10.0,8.0,2.0,8.0,-1.0
2024-03-30,Bournemouth,Everton,2,1,H,0,0,D,11,7,4,3,9,8,14,11,1,2,0,0,2.2,3.6,3.2,2023-24,1709.9588623,1708.61437988,1.3444824200000767,0,10.0,8.0,2.0,8.0,3.0,9.0,0.0,2.0,6.0
2024-03-30,Chelsea,Burnley,2,2,D,1,0,H,33,18,13,7,12,4,12,7,2,2,0,1,1.29,6.0,9.5,2023-24,1789.41015625,1633.87268066,155.53747558999999,1,11.0,10.0,2.0,8.0,4.0,13.0,1.0,4.0,4.0
2024-03-30,Brentford,Man United,1,1,D,0,0,D,31,11,5,5,14,4,7,14,2,2,0,0,3.0,3.8,2.2,2023-24,1722.23181152,1814.69177246,-92.45996093999997,1,6.0,11.0,0.0,1.0,8.0,7.0,3.0,9.0,-8.0
2024-03-30,Aston Villa,Wolves,2,0,H,1,0,H,11,13,5,3,5,4,11,19,3,4,0,0,1.6,4.33,5.0,2023-24,1836.8260498,1748.54272461,88.28332518999991,0,10.0,10.0,3.0,10.0,5.0,7.0,3.0,9.0,1.0
2024-03-30,Sheffield United,Fulham,3,3,D,0,0,D,8,24,4,9,2,15,10,13,4,1,0,0,4.5,4.0,1.73,2023-24,1578.4642334,1751.57287598,-173.10864257999992,1,5.0,15.0,1.0,4.0,10.0,5.0,3.0,9.0,-5.0
2024-03-30,Tottenham,Luton,2,1,H,0,1,A,17,7,4,3,3,6,16,14,2,4,0,0,1.2,8.0,11.0,2023-24,1841.70825195,1611.34692383,230.36132812000005,0,10.0,7.0,3.0,9.0,8.0,13.0,0.0,2.0,7.0
2024-03-31,Liverpool,Brighton,2,1,H,1,1,D,30,9,8,3,8,4,20,6,5,3,0,0,1.36,5.5,7.5,2023-24,1967.71850586,1775.9041748,191.8143310600001,0,13.0,4.0,4.0,13.0,8.0,6.0,2.0,7.0,6.0
2024-03-31,Man City,Arsenal,0,0,D,0,0,D,12,6,1,2,7,4,9,20,0,2,0,0,1.91,3.8,3.8,2023-24,2052.31274414,1956.66223145,95.65051269000014,1,7.0,3.0,3.0,11.0,23.0,2.0,5.0,15.0,-4.0
2024-04-02,Newcastle,Everton,1,1,D,1,0,H,18,10,6,3,7,3,9,14,0,3,0,0,2.0,3.75,3.5,2023-24,1808.20703125,1701.77966309,106.42736816000001,1,12.0,12.0,2.0,7.0,4.0,9.0,0.0,2.0,5.0
2024-04-02,Nott'm Forest,Fulham,3,1,H,3,0,H,16,18,4,3,3,8,7,8,0,0,0,0,2.7,3.4,2.63,2023-24,1660.84423828,1748.06726074,-87.22302246000004,0,4.0,8.0,0.0,2.0,12.0,6.0,3.0,10.0,-8.0
2024-04-02,Bournemouth,Crystal Palace,1,0,H,0,0,D,11,3,6,2,9,2,13,14,3,2,0,0,1.95,3.8,3.6,2023-24,1716.7935791,1703.34997559,13.443603510000003,0,10.0,7.0,3.0,10.0,7.0,6.0,1.0,6.0,4.0
2024-04-02,Burnley,Wolves,1,1,D,1,1,D,13,8,6,2,7,4,10,12,0,2,0,0,2.45,3.6,2.75,2023-24,1639.09802246,1741.84570312,-102.74768066000001,1,6.0,10.0,1.0,5.0,5.0,7.0,3.0,9.0,-4.0
2024-04-02,West Ham,Tottenham,1,1,D,1,1,D,11,13,4,4,9,5,13,9,1,4,0,0,3.3,4.2,1.95,2023-24,1784.58007812,1843.99291992,-59.412841800000024,1,13.0,10.0,2.0,8.0,10.0,7.0,3.0,9.0,-1.0
2024-04-03,Arsenal,Luton,2,0,H,2,0,H,13,5,4,1,3,1,12,8,1,1,0,0,1.1,10.0,19.0,2023-24,1960.56530762,1609.06225586,351.50305176000006,0,17.0,2.0,4.0,13.0,8.0,11.0,0.0,2.0,11.0
2024-04-03,Brentford,Brighton,0,0,D,0,0,D,5,24,2,6,1,5,9,12,1,1,0,0,2.38,3.8,2.75,2023-24,1723.56347656,1773.14233398,-49.57885742000008,1,7.0,11.0,0.0,2.0,8.0,6.0,2.0,7.0,-5.0
2024-04-03,Man City,Aston Villa,4,1,H,2,1,H,25,8,11,3,2,3,6,13,1,2,0,0,1.3,6.0,8.0,2023-24,2048.40942383,1843.52319336,204.88623046999987,0,6.0,2.0,3.0,11.0,10.0,9.0,3.0,10.0,1.0
2024-04-04,Liverpool,Sheffield United,3,1,H,1,0,H,29,8,9,3,13,1,6,9,0,1,0,0,1.09,12.0,21.0,2023-24,1970.48022461,1581.9699707,388.5102539100001,0,12.0,4.0,4.0,13.0,5.0,17.0,0.0,2.0,11.0
2024-04-04,Chelsea,Man United,4,3,H,2,2,D,28,19,10,5,12,3,7,15,3,0,0,0,2.0,4.0,3.4,2023-24,1784.18469238,1813.36010742,-29.17541504000019,0,11.0,8.0,2.0,9.0,7.0,7.0,2.0,7.0,2.0
2024-04-06,Crystal Palace,Man City,2,4,A,1,1,D,7,18,4,8,2,9,13,3,1,1,0,0,9.5,5.25,1.33,2023-24,1696.80236816,2053.0,-356.19763184,2,6.0,6.0,1.0,5.0,9.0,3.0,3.0,11.0,-6.0
2024-04-06,Aston Villa,Brentford,3,3,D,1,0,H,11,8,3,3,11,3,15,11,2,2,0,0,1.7,4.0,4.75,2023-24,1838.93261719,1723.62097168,115.31164551000006,1,7.0,11.0,2.0,7.0,5.0,7.0,0.0,3.0,4.0
2024-04-06,Everton,Burnley,1,0,H,1,0,H,12,6,3,1,3,5,11,13,2,1,0,1,1.65,4.0,5.25,2023-24,1705.91235352,1640.7088623,65.20349121999993,0,4.0,9.0,0.0,2.0,7.0,8.0,1.0,6.0,-4.0
2024-04-06,Fulham,Newcastle,0,1,A,0,0,D,14,12,4,5,14,3,10,13,1,2,0,0,2.38,3.8,2.8,2023-24,1735.2331543,1804.07421875,-68.84106444999998,2,11.0,8.0,2.0,7.0,11.0,11.0,2.0,7.0,0.0
2024-04-06,Luton,Bournemouth,2,1,H,0,0,D,19,8,9,1,7,2,7,14,0,0,0,0,3.75,3.8,1.91,2023-24,1607.42590332,1723.34130859,-115.91540526999984,0,6.0,10.0,0.0,2.0,11.0,6.0,4.0,13.0,-11.0
2024-04-06,Wolves,West Ham,1,2,A,1,0,H,14,11,7,4,4,4,15,7,5,2,0,0,2.5,3.6,2.7,2023-24,1740.23474121,1784.9576416,-44.72290038999995,2,4.0,7.0,2.0,7.0,10.0,9.0,1.0,6.0,1.0
2024-04-06,Brighton,Arsenal,0,3,A,0,1,A,10,20,2,7,8,7,14,13,1,2,0,0,5.0,4.33,1.62,2023-24,1773.08483887,1962.20153809,-189.11669921999987,2,3.0,6.0,1.0,5.0,14.0,2.0,4.0,13.0,-8.0
2024-04-07,Man United,Liverpool,2,2,D,0,1,A,9,28,5,7,6,11,9,10,5,2,0,0,4.75,4.5,1.6,2023-24,1805.86230469,1971.76245117,-165.9001464800001,1,8.0,10.0,1.0,4.0,11.0,4.0,4.0,13.0,-9.0
2024-04-07,Sheffield United,Chelsea,2,2,D,1,1,D,11,6,6,3,7,6,12,10,4,2,0,0,7.0,5.25,1.4,2023-24,1580.68774414,1791.68249512,-210.99475098000016,1,6.0,15.0,0.0,2.0,12.0,10.0,2.0,9.0,-7.0
2024-04-07,Tottenham,Nott'm Forest,3,1,H,1,1,D,17,13,7,6,12,2,11,12,2,3,0,0,1.4,5.5,6.5,2023-24,1843.61535645,1673.67834473,169.9370117200001,0,10.0,6.0,3.0,10.0,5.0,5.0,1.0,5.0,5.0
2024-04-13,Newcastle,Tottenham,4,0,H,2,0,H,18,11,5,2,16,3,14,12,0,4,0,0,2.7,4.0,2.3,2023-24,1803.18591309,1839.77563477,-36.58972167999991,0,11.0,7.0,3.0,10.0,10.0,6.0,3.0,10.0,0.0
2024-04-13,Brentford,Sheffield United,2,0,H,0,0,D,9,8,5,2,3,6,8,11,3,1,0,0,1.44,5.0,6.5,2023-24,1719.80432129,1576.8638916,142.94042968999997,0,6.0,8.0,0.0,3.0,8.0,16.0,0.0,3.0,0.0
2024-04-13,Burnley,Brighton,1,1,D,0,0,D,11,20,3,8,4,5,18,8,1,2,0,0,3.5,3.75,2.0,2023-24,1627.22058105,1757.07116699,-129.85058593999997,1,7.0,7.0,1.0,6.0,2.0,8.0,1.0,4.0,2.0
2024-04-13,Man City,Luton,5,1,H,1,0,H,33,4,13,2,12,1,7,6,1,0,0,0,1.1,11.0,19.0,2023-24,2049.07299805,1608.85559082,440.21740722999994,0,12.0,5.0,3.0,11.0,7.0,10.0,1.0,4.0,7.0
2024-04-13,Nott'm Forest,Wolves,2,2,D,1,1,D,18,11,9,4,10,1,15,10,2,3,0,0,2.1,3.4,3.5,2023-24,1661.11230469,1723.8692627,-62.75695801000006,1,6.0,7.0,1.0,5.0,4.0,9.0,1.0,4.0,1.0
2024-04-13,Bournemouth,Man United,2,2,D,2,1,H,20,8,5,2,7,2,13,14,4,0,0,0,2.4,3.9,2.6,2023-24,1705.50585938,1800.93273926,-95.42687988000012,1,10.0,8.0,3.0,10.0,9.0,10.0,1.0,5.0,5.0
2024-04-14,Liverpool,Crystal Palace,0,1,A,0,1,A,21,8,6,5,11,1,10,10,1,1,0,0,1.22,7.0,12.0,2023-24,1937.83508301,1685.828125,252.00695801000006,2,9.0,5.0,3.0,11.0,5.0,10.0,0.0,2.0,9.0
2024-04-14,West Ham,Fulham,0,2,A,0,1,A,15,18,4,10,8,3,6,13,1,2,0,0,2.38,3.6,2.8,2023-24,1780.01953125,1719.71569824,60.30383301000006,2,9.0,9.0,1.0,6.0,8.0,9.0,1.0,4.0,2.0
2024-04-14,Arsenal,Aston Villa,0,2,A,0,0,D,18,11,4,2,4,6,12,7,3,1,0,0,1.29,5.75,10.0,2023-24,1958.52514648,1828.63098145,129.89416503000007,2,13.0,1.0,4.0,13.0,7.0,12.0,1.0,5.0,8.0
2024-04-15,Chelsea,Everton,6,0,H,4,0,H,14,10,10,2,4,8,5,21,1,4,0,0,1.7,4.2,4.5,2023-24,1779.10070801,1702.99499512,76.10571288999995,0,13.0,11.0,2.0,9.0,4.0,8.0,1.0,4.0,5.0
2024-04-20,Luton,Brentford,1,5,A,0,2,A,6,21,3,9,4,9,13,9,1,2,0,0,3.1,3.75,2.15,2023-24,1601.05505371,1718.27697754,-117.22192382999992,2,5.0,11.0,1.0,4.0,7.0,6.0,1.0,6.0,-2.0
2024-04-20,Sheffield United,Burnley,1,4,A,0,2,A,18,16,11,9,11,2,10,9,1,0,0,0,2.75,3.6,2.45,2023-24,1565.46728516,1622.94799805,-57.48071288999995,2,8.0,12.0,0.0,3.0,6.0,6.0,1.0,6.0,-3.0
2024-04-20,Wolves,Arsenal,0,2,A,0,1,A,5,24,3,9,1,2,14,9,3,2,0,0,8.5,4.5,1.4,2023-24,1717.11303711,1925.63964844,-208.52661132999992,2,6.0,8.0,1.0,5.0,7.0,3.0,3.0,10.0,-5.0
2024-04-21,Everton,Nott'm Forest,2,0,H,1,0,H,7,8,4,3,6,4,15,9,3,2,0,0,2.05,3.5,3.6,2023-24,1684.41662598,1654.94470215,29.471923829999923,0,3.0,11.0,1.0,4.0,8.0,8.0,1.0,6.0,-2.0
2024-04-21,Aston Villa,Bournemouth,3,1,H,1,1,D,14,14,4,6,8,4,8,14,1,3,0,0,1.85,4.0,3.6,2023-24,1833.86450195,1700.27233887,133.59216307999986,0,9.0,8.0,2.0,8.0,10.0,8.0,3.0,10.0,-2.0
2024-04-21,Crystal Palace,West Ham,5,2,H,4,1,H,18,4,7,1,4,0,9,9,3,2,0,0,2.1,3.6,3.4,2023-24,1694.43737793,1756.27172852,-61.834350589999985,0,5.0,7.0,1.0,5.0,7.0,9.0,1.0,5.0,0.0
2024-04-21,Fulham,Liverpool,1,3,A,1,1,D,12,14,5,7,1,4,5,11,3,0,0,0,5.25,4.5,1.57,2023-24,1728.63049316,1917.16149902,-188.53100586000005,2,9.0,7.0,2.0,7.0,8.0,6.0,2.0,8.0,-1.0
2024-04-23,Arsenal,Chelsea,5,0,H,1,0,H,27,7,10,1,4,2,12,11,2,2,0,0,1.44,5.0,6.0,2023-24,1931.65527344,1784.75512695,146.90014649,0,7.0,2.0,3.0,10.0,17.0,9.0,3.0,11.0,-1.0
2024-04-24,Wolves,Bournemouth,0,1,A,0,1,A,15,21,4,6,8,12,10,17,4,1,0,1,2.7,3.6,2.5,2023-24,1711.09741211,1695.0480957,16.049316410000074,2,4.0,9.0,0.0,2.0,7.0,8.0,2.0,7.0,-5.0
2024-04-24,Crystal Palace,Newcastle,2,0,H,0,0,D,20,7,7,2,7,2,10,15,3,3,0,0,2.75,3.6,2.4,2023-24,1708.83947754,1811.58276367,-102.74328613000012,0,9.0,8.0,2.0,7.0,12.0,7.0,3.0,10.0,-3.0
2024-04-24,Everton,Liverpool,2,0,H,1,0,H,16,23,6,7,4,13,6,13,0,3,0,0,7.0,5.0,1.4,2023-24,1692.98144531,1923.60131836,-230.61987305000002,0,5.0,9.0,2.0,7.0,10.0,6.0,3.0,10.0,-3.0
2024-04-24,Man United,Sheffield United,4,2,H,1,1,D,25,10,13,4,9,4,7,9,0,1,0,0,1.3,6.5,7.5,2023-24,1793.24230957,1551.77490234,241.46740723000016,0,10.0,9.0,1.0,6.0,7.0,14.0,0.0,2.0,4.0
2024-04-25,Brighton,Man City,0,4,A,0,3,A,7,14,3,6,4,4,10,3,2,0,0,0,6.5,5.0,1.4,2023-24,1748.41967773,2038.49243164,-290.07275390999985,2,3.0,6.0,1.0,5.0,14.0,5.0,3.0,11.0,-6.0
2024-04-27,West Ham,Liverpool,2,2,D,1,0,H,11,28,8,8,5,8,8,10,0,2,0,0,5.5,5.0,1.5,2023-24,1741.86962891,1905.78405762,-163.91442871000004,1,8.0,13.0,1.0,4.0,8.0,7.0,2.0,7.0,-3.0
2024-04-27,Fulham,Crystal Palace,1,1,D,0,0,D,9,14,2,4,5,9,11,15,0,2,0,0,2.1,3.5,3.5,2023-24,1722.19067383,1721.81665039,0.37402343999997356,1,7.0,10.0,1.0,4.0,10.0,7.0,3.0,9.0,-5.0
2024-04-27,Man United,Burnley,1,1,D,0,0,D,27,16,10,7,6,5,7,11,1,3,0,0,1.5,4.75,5.5,2023-24,1796.22485352,1636.64038086,159.58447265999985,1,12.0,11.0,1.0,6.0,8.0,6.0,1.0,6.0,0.0
2024-04-27,Newcastle,Sheffield United,5,1,H,1,1,D,20,15,7,5,4,5,9,10,0,0,0,0,1.22,7.0,11.0,2023-24,1798.60559082,1548.7923584,249.81323242000008,0,10.0,6.0,3.0,10.0,6.0,15.0,0.0,1.0,9.0
2024-04-27,Wolves,Luton,2,1,H,1,0,H,13,9,5,6,4,4,14,14,3,1,0,0,1.95,3.8,3.6,2023-24,1701.33874512,1588.49414062,112.84460450000006,0,4.0,8.0,0.0,2.0,5.0,15.0,1.0,3.0,-1.0
2024-04-27,Everton,Brentford,1,0,H,0,0,D,18,10,1,4,6,6,10,12,1,2,0,0,2.3,3.5,3.0,2023-24,1710.79870605,1730.83776855,-20.0390625,0,6.0,7.0,3.0,10.0,11.0,5.0,2.0,9.0,1.0
2024-04-27,Aston Villa,Chelsea,2,2,D,2,0,H,9,21,4,5,2,4,13,14,3,5,0,0,2.15,3.8,3.0,2023-24,1839.08874512,1777.05102539,62.03771973000016,1,11.0,8.0,3.0,10.0,14.0,12.0,2.0,8.0,2.0
2024-04-28,Nott'm Forest,Man City,0,2,A,0,1,A,14,11,2,5,4,5,8,6,0,0,0,0,8.0,6.0,1.3,2023-24,1646.37988281,2044.12402344,-397.74414062999995,2,7.0,9.0,1.0,5.0,17.0,4.0,4.0,13.0,-8.0
2024-04-28,Bournemouth,Brighton,3,0,H,1,0,H,15,13,6,1,8,2,14,10,2,2,0,0,2.25,3.8,2.9,2023-24,1704.8067627,1742.78808594,-37.98132323999994,0,6.0,7.0,2.0,7.0,2.0,10.0,0.0,2.0,5.0
2024-04-28,Tottenham,Arsenal,2,3,A,0,3,A,14,9,2,3,8,6,12,16,2,1,0,0,4.2,4.2,1.75,2023-24,1818.45495605,1939.359375,-120.90441895000004,2,6.0,10.0,2.0,7.0,12.0,2.0,4.0,12.0,-5.0
2024-05-02,Chelsea,Tottenham,2,0,H,1,0,H,16,19,5,3,4,9,12,16,0,1,0,0,2.15,3.8,3.0,2023-24,1780.28637695,1812.32592773,-32.03955078000013,0,14.0,12.0,2.0,8.0,8.0,10.0,2.0,7.0,1.0
2024-05-03,Luton,Everton,1,1,D,1,1,D,18,10,5,3,8,7,14,12,1,3,0,0,2.6,3.6,2.55,2023-24,1584.41833496,1717.96228027,-133.54394531000003,1,5.0,15.0,1.0,3.0,6.0,6.0,4.0,12.0,-9.0
2024-05-04,Arsenal,Bournemouth,3,0,H,1,0,H,25,7,9,2,6,1,16,12,2,3,0,0,1.22,7.5,11.0,2023-24,1940.2364502,1712.60253906,227.63391114,0,13.0,4.0,4.0,12.0,8.0,7.0,2.0,7.0,5.0
2024-05-04,Brentford,Fulham,0,0,D,0,0,D,7,15,3,3,7,6,3,6,1,1,0,0,2.1,3.8,3.2,2023-24,1718.42236328,1715.37084961,3.0515136699998493,1,10.0,5.0,2.0,8.0,5.0,8.0,1.0,4.0,4.0
2024-05-04,Burnley,Newcastle,1,4,A,0,3,A,17,23,5,11,4,11,8,8,2,2,0,0,3.4,4.0,1.95,2023-24,1636.87426758,1797.2923584,-160.4180908200001,2,7.0,5.0,1.0,6.0,11.0,4.0,3.0,10.0,-4.0
2024-05-04,Sheffield United,Nott'm Forest,1,3,A,1,1,D,17,15,5,4,5,3,9,7,0,1,1,0,4.75,4.2,1.65,2023-24,1539.60168457,1638.88781738,-99.2861328099998,2,6.0,17.0,0.0,1.0,6.0,10.0,1.0,4.0,-3.0
2024-05-04,Man City,Wolves,5,1,H,3,0,H,20,2,12,1,6,0,4,17,0,4,0,0,1.08,12.0,21.0,2023-24,2041.11230469,1700.16271973,340.94958496000004,0,19.0,4.0,5.0,15.0,5.0,8.0,1.0,4.0,11.0
2024-05-05,Brighton,Aston Villa,1,0,H,0,0,D,15,2,8,1,7,3,13,10,2,1,0,0,2.75,3.75,2.45,2023-24,1724.48852539,1813.35021973,-88.86169433999999,0,1.0,11.0,0.0,2.0,11.0,10.0,2.0,8.0,-6.0
2024-05-05,Chelsea,West Ham,5,0,H,3,0,H,25,13,14,2,8,6,12,10,1,3,0,0,1.65,4.5,4.5,2023-24,1785.28503418,1739.6652832,45.619750979999935,0,12.0,9.0,2.0,8.0,7.0,11.0,1.0,5.0,3.0
2024-05-05,Liverpool,Tottenham,4,2,H,2,0,H,25,11,13,6,8,3,14,12,1,4,0,0,1.5,5.75,5.0,2023-24,1897.48449707,1796.82336426,100.66113281000003,0,7.0,8.0,1.0,5.0,6.0,11.0,1.0,4.0,1.0
2024-05-06,Crystal Palace,Man United,4,0,H,2,0,H,18,7,10,2,6,3,12,8,1,1,0,0,2.38,3.75,2.8,2023-24,1718.13269043,1785.48718262,-67.3544921900002,0,11.0,7.0,3.0,10.0,12.0,11.0,1.0,6.0,4.0
2024-05-11,Wolves,Crystal Palace,1,3,A,0,2,A,13,13,7,3,8,3,13,12,3,2,0,1,2.88,3.5,2.38,2023-24,1693.45227051,1730.32714844,-36.87487792999991,2,5.0,11.0,1.0,4.0,13.0,3.0,4.0,13.0,-9.0
2024-05-11,Tottenham,Burnley,2,1,H,1,1,D,21,7,9,3,9,3,10,14,3,5,0,0,1.36,5.75,7.0,2023-24,1786.68981934,1623.35998535,163.32983399,0,7.0,14.0,1.0,3.0,7.0,8.0,1.0,5.0,-2.0
2024-05-11,Bournemouth,Brentford,1,2,A,0,0,D,13,11,4,5,3,8,16,12,2,2,0,0,1.95,4.0,3.5,2023-24,1704.39575195,1712.43139648,-8.035644530000127,2,7.0,8.0,2.0,7.0,10.0,5.0,2.0,8.0,-1.0
2024-05-11,Newcastle,Brighton,1,1,D,1,1,D,18,15,7,4,8,4,9,16,3,4,0,0,1.57,4.75,4.75,2023-24,1802.16369629,1729.078125,73.08557128999996,1,14.0,4.0,4.0,12.0,2.0,11.0,1.0,4.0,8.0
2024-05-11,Everton,Sheffield United,1,0,H,1,0,H,15,13,6,1,3,6,6,11,1,2,0,0,1.4,4.8,7.5,2023-24,1706.17504883,1525.62780762,180.5472412099998,0,6.0,7.0,3.0,10.0,5.0,18.0,0.0,0.0,10.0
2024-05-11,West Ham,Luton,3,1,H,0,1,A,24,4,8,1,7,6,9,15,1,3,0,0,1.8,4.2,3.8,2023-24,1723.36791992,1577.05871582,146.3092041,0,6.0,15.0,1.0,4.0,6.0,14.0,1.0,4.0,0.0
2024-05-11,Nott'm Forest,Chelsea,2,3,A,1,1,D,20,12,4,5,5,6,14,8,2,3,0,0,3.4,3.8,2.0,2023-24,1644.21875,1792.93945312,-148.72070312000005,2,6.0,10.0,1.0,4.0,15.0,7.0,3.0,10.0,-6.0
2024-05-11,Fulham,Man City,0,4,A,0,1,A,1,16,1,9,1,7,9,6,1,0,1,0,13.0,7.0,1.2,2023-24,1712.71875,2039.17980957,-326.4610595700001,2,4.0,5.0,1.0,5.0,20.0,4.0,5.0,15.0,-10.0
2024-05-12,Man United,Arsenal,0,1,A,0,1,A,14,11,2,5,4,7,5,6,0,2,0,0,7.0,5.5,1.36,2023-24,1764.64978027,1939.80029297,-175.15051270000004,2,9.0,11.0,1.0,6.0,13.0,4.0,4.0,12.0,-6.0
2024-05-13,Aston Villa,Liverpool,3,3,D,1,2,A,19,14,5,7,5,4,11,15,1,1,0,0,4.2,4.33,1.7,2023-24,1785.93920898,1898.97509766,-113.03588867999997,1,10.0,7.0,2.0,8.0,9.0,8.0,2.0,7.0,1.0
2024-05-14,Tottenham,Man City,0,2,A,0,0,D,10,8,5,5,7,4,14,11,3,3,0,0,6.5,6.0,1.36,2023-24,1789.70556641,2044.00317383,-254.29760741999985,2,6.0,14.0,1.0,3.0,20.0,2.0,5.0,15.0,-12.0
2024-05-15,Brighton,Chelsea,1,2,A,0,1,A,12,13,2,6,4,6,13,14,2,2,0,1,3.3,4.0,1.95,2023-24,1732.68286133,1798.5234375,-65.84057617000008,2,3.0,9.0,1.0,5.0,12.0,9.0,3.0,10.0,-5.0
2024-05-15,Man United,Newcastle,3,2,H,1,0,H,17,21,8,8,9,9,16,7,3,3,0,0,2.75,4.0,2.3,2023-24,1759.73901367,1798.55895996,-38.81994628999996,0,7.0,10.0,1.0,5.0,14.0,5.0,3.0,10.0,-5.0
2024-05-19,Brentford,Newcastle,2,4,A,0,3,A,10,12,5,7,3,0,15,11,4,4,0,0,2.9,3.9,2.2,2023-24,1721.74511719,1791.13598633,-69.39086913999995,2,9.0,3.0,3.0,10.0,12.0,8.0,2.0,7.0,3.0
2024-05-19,Man City,West Ham,3,1,H,2,1,H,28,3,12,2,11,2,3,12,0,1,0,0,1.08,12.0,21.0,2023-24,2048.74291992,1728.07299805,320.66992187000005,0,17.0,1.0,5.0,15.0,7.0,15.0,1.0,4.0,11.0
2024-05-19,Crystal Palace,Aston Villa,5,0,H,2,0,H,15,8,9,2,2,4,10,8,1,4,0,0,1.85,4.33,3.6,2023-24,1742.57275391,1787.57019043,-44.99743651999984,0,15.0,4.0,4.0,13.0,10.0,7.0,2.0,8.0,5.0
2024-05-19,Arsenal,Everton,2,1,H,1,1,D,26,5,5,2,8,1,8,11,4,3,0,0,1.18,8.0,12.0,2023-24,1944.71105957,1709.04272461,235.66833496000004,0,14.0,2.0,5.0,15.0,7.0,1.0,4.0,13.0,2.0
2024-05-19,Chelsea,Bournemouth,2,1,H,1,0,H,16,22,6,5,6,5,5,9,2,3,0,0,1.45,5.0,6.0,2023-24,1806.16137695,1695.08203125,111.07934569999998,0,14.0,5.0,4.0,13.0,6.0,8.0,2.0,6.0,7.0
2024-05-19,Sheffield United,Tottenham,0,3,A,0,1,A,6,18,1,9,2,6,11,9,2,0,0,0,7.0,6.0,1.33,2023-24,1522.76000977,1784.96582031,-262.20581054000013,2,5.0,17.0,0.0,0.0,6.0,12.0,1.0,3.0,-3.0
2024-05-19,Liverpool,Wolves,2,0,H,2,0,H,36,4,14,3,10,2,14,11,1,1,0,1,1.17,8.0,15.0,2023-24,1897.34411621,1681.20666504,216.13745117000008,0,12.0,10.0,2.0,8.0,4.0,12.0,1.0,3.0,5.0
2024-05-19,Burnley,Nott'm Forest,1,2,A,0,2,A,20,12,3,6,4,3,11,5,1,0,0,0,3.0,3.5,2.3,2023-24,1620.34423828,1638.63464355,-18.290405270000065,2,8.0,9.0,1.0,5.0,7.0,10.0,1.0,4.0,1.0
2024-05-19,Luton,Fulham,2,4,A,1,2,A,15,15,6,7,4,4,15,20,5,4,0,0,2.9,3.9,2.2,2023-24,1572.3536377,1707.89538574,-135.5417480399999,2,5.0,16.0,0.0,1.0,4.0,8.0,1.0,5.0,-4.0
2024-05-19,Brighton,Man United,0,2,A,0,0,D,17,11,3,4,7,5,10,9,1,3,0,0,2.15,4.0,2.9,2023-24,1725.04504395,1767.1619873,-42.11694334999993,2,3.0,10.0,1.0,4.0,8.0,10.0,2.0,7.0,-3.0
2024-08-16,Man United,Fulham,1,0,H,0,0,D,14,10,5,2,7,8,12,10,2,3,0,0,1.6,4.2,5.25,2024-25,1779.04394531,1716.27636719,62.76757812000005,0,6.0,8.0,2.0,7.0,6.0,10.0,1.0,5.0,2.0
2024-08-17,Ipswich,Liverpool,0,2,A,0,0,D,7,18,2,5,2,10,9,18,3,1,0,0,8.5,5.5,1.33,2024-25,1568.32556152,1900.68835449,-332.3627929699999,2,0.0,0.0,0.0,0.0,11.0,9.0,2.0,8.0,0.0
2024-08-17,Arsenal,Wolves,2,0,H,1,0,H,18,9,6,3,8,2,17,14,2,2,0,0,1.18,7.5,13.0,2024-25,1946.90283203,1677.86230469,269.0405273399999,0,14.0,3.0,5.0,15.0,4.0,12.0,1.0,3.0,12.0
2024-08-17,Everton,Brighton,0,3,A,0,1,A,9,10,1,5,1,5,8,8,1,1,1,0,2.63,3.3,2.63,2024-25,1706.85083008,1713.16320801,-6.312377930000139,2,6.0,3.0,3.0,10.0,3.0,8.0,1.0,4.0,6.0
2024-08-17,Newcastle,Southampton,1,0,H,1,0,H,3,19,1,4,3,12,15,16,2,4,1,0,1.36,5.25,8.0,2024-25,1801.79711914,1599.60339355,202.19372558999999,0,16.0,8.0,3.0,10.0,9.0,16.0,0.0,1.0,9.0
2024-08-17,Nott'm Forest,Bournemouth,1,1,D,1,0,H,14,13,8,4,2,6,17,8,1,3,0,0,2.45,3.5,2.8,2024-25,1647.71496582,1691.12365723,-43.40869140999985,1,7.0,9.0,2.0,6.0,6.0,7.0,2.0,6.0,0.0
2024-08-17,West Ham,Aston Villa,1,2,A,1,1,D,14,15,3,3,5,3,18,11,1,2,0,0,2.45,3.6,2.75,2024-25,1726.24291992,1770.43505859,-44.19213866999985,2,8.0,16.0,1.0,4.0,8.0,12.0,1.0,5.0,-1.0
2024-08-18,Brentford,Crystal Palace,2,1,H,1,0,H,9,14,5,6,4,7,6,15,1,5,0,0,2.4,3.4,2.9,2024-25,1711.08398438,1759.70800781,-48.62402343000008,0,9.0,7.0,2.0,7.0,15.0,2.0,4.0,13.0,-6.0
2024-08-18,Chelsea,Man City,0,2,A,0,1,A,10,11,3,5,4,3,12,9,1,1,0,0,4.1,3.9,1.8,2024-25,1810.11962891,2050.57299805,-240.45336913999995,2,14.0,4.0,5.0,15.0,16.0,2.0,5.0,15.0,0.0
2024-08-19,Leicester,Tottenham,1,1,D,0,1,A,7,15,3,7,2,13,11,12,1,1,0,0,5.0,4.33,1.62,2024-25,1643.66943359,1790.55664062,-146.88720703000013,1,7.0,11.0,1.0,5.0,7.0,9.0,2.0,6.0,-1.0
2024-08-24,Brighton,Man United,2,1,H,1,0,H,14,11,5,4,4,4,9,13,1,2,0,0,2.5,3.7,2.63,2024-25,1729.70837402,1784.38208008,-54.67370605999986,0,6.0,5.0,2.0,7.0,6.0,7.0,3.0,9.0,-2.0
2024-08-24,Crystal Palace,West Ham,0,2,A,0,0,D,14,18,2,3,3,3,9,17,1,1,0,0,2.15,3.6,3.2,2024-25,1752.20849609,1718.27954102,33.92895507000003,2,14.0,4.0,3.0,10.0,7.0,13.0,1.0,4.0,6.0
2024-08-24,Fulham,Leicester,2,1,H,1,1,D,18,10,6,4,7,5,14,13,2,2,0,0,1.8,3.75,4.2,2024-25,1711.46643066,1646.47558594,64.99084472000004,0,5.0,8.0,1.0,5.0,6.0,10.0,1.0,5.0,0.0
2024-08-24,Man City,Ipswich,4,1,H,3,1,H,14,1,5,1,10,1,4,15,2,3,0,0,1.08,12.0,21.0,2024-25,2055.97094727,1565.4329834,490.5379638700001,0,16.0,2.0,5.0,15.0,0.0,2.0,0.0,0.0,15.0
2024-08-24,Southampton,Nott'm Forest,0,1,A,0,0,D,5,23,1,8,4,10,14,14,3,3,0,0,2.55,3.3,2.8,2024-25,1597.3581543,1647.67578125,-50.317626949999976,2,8.0,14.0,0.0,1.0,8.0,8.0,2.0,7.0,-6.0
2024-08-24,Tottenham,Everton,4,0,H,2,0,H,13,10,7,1,12,5,11,15,0,0,0,0,1.44,4.75,6.5,2024-25,1788.27868652,1690.8338623,97.4448242200001,0,8.0,8.0,2.0,7.0,4.0,6.0,2.0,7.0,0.0
2024-08-24,Aston Villa,Arsenal,0,2,A,0,0,D,11,9,3,4,4,1,8,15,1,3,0,0,4.33,3.8,1.75,2024-25,1778.92663574,1949.74951172,-170.82287598000016,2,7.0,12.0,1.0,5.0,11.0,3.0,5.0,15.0,-10.0
2024-08-25,Bournemouth,Newcastle,1,1,D,1,0,H,16,14,4,5,8,9,19,8,2,2,0,0,2.9,3.8,2.2,2024-25,1691.69104004,1804.57055664,-112.87951659999999,1,6.0,8.0,1.0,4.0,12.0,7.0,3.0,10.0,-6.0
2024-08-25,Wolves,Chelsea,2,6,A,2,2,D,12,14,4,8,5,5,13,13,2,3,0,0,4.33,4.0,1.75,2024-25,1675.54382324,1806.07421875,-130.53039551000006,2,4.0,13.0,1.0,3.0,12.0,6.0,4.0,12.0,-9.0
2024-08-25,Liverpool,Brentford,2,0,H,1,0,H,19,8,8,2,9,4,10,7,2,3,0,0,1.27,5.75,11.0,2024-25,1904.10913086,1719.11169434,184.99743652000006,0,13.0,7.0,3.0,11.0,6.0,7.0,2.0,7.0,4.0
2024-08-31,Brentford,Southampton,3,1,H,1,0,H,20,18,7,6,2,8,10,7,2,1,0,0,1.75,3.9,4.33,2024-25,1715.27978516,1589.20849609,126.07128907000015,0,6.0,8.0,2.0,7.0,5.0,11.0,0.0,1.0,6.0
2024-08-31,Arsenal,Brighton,1,1,D,1,0,H,11,22,7,4,3,7,12,7,3,2,1,0,1.33,5.5,8.5,2024-25,1956.93518066,1737.66442871,219.27075194999998,1,10.0,1.0,5.0,15.0,7.0,6.0,2.0,7.0,8.0
2024-08-31,Leicester,Aston Villa,1,2,A,0,1,A,9,10,3,5,1,4,13,21,4,5,0,0,4.5,4.0,1.7,2024-25,1641.49316406,1771.85351562,-130.36035156000003,2,4.0,7.0,1.0,5.0,5.0,12.0,1.0,4.0,1.0
2024-08-31,Everton,Bournemouth,2,3,A,0,0,D,18,17,8,7,8,4,6,1,2,1,0,0,2.75,3.4,2.55,2024-25,1682.32531738,1693.36071777,-11.035400390000177,2,3.0,10.0,1.0,4.0,4.0,9.0,0.0,2.0,2.0
2024-08-31,Ipswich,Fulham,1,1,D,1,1,D,11,9,4,4,8,6,15,15,2,3,0,0,3.0,3.5,2.3,2024-25,1564.67224121,1716.56152344,-151.88928222999994,1,1.0,6.0,0.0,0.0,6.0,8.0,2.0,7.0,-7.0
2024-08-31,West Ham,Man City,1,3,A,1,2,A,10,23,2,8,3,11,10,3,3,2,0,0,7.0,5.5,1.38,2024-25,1733.02294922,2056.84448242,-323.8215332,2,7.0,11.0,2.0,6.0,15.0,2.0,5.0,15.0,-9.0
2024-08-31,Nott'm Forest,Wolves,1,1,D,1,1,D,16,11,5,3,7,3,15,18,3,4,0,0,2.0,3.7,3.7,2024-25,1655.93811035,1663.51940918,-7.581298829999923,1,9.0,6.0,3.0,10.0,4.0,18.0,0.0,0.0,10.0
2024-09-01,Chelsea,Crystal Palace,1,1,D,1,0,H,13,9,7,3,4,5,9,13,4,2,0,0,1.6,4.33,5.0,2024-25,1818.38671875,1737.57775879,80.80895996000004,1,13.0,8.0,4.0,12.0,13.0,5.0,3.0,9.0,3.0
2024-09-01,Newcastle,Tottenham,2,1,H,1,0,H,9,20,3,6,7,12,16,13,4,4,0,0,2.5,4.0,2.5,2024-25,1803.0135498,1796.89978027,6.1137695299998995,0,9.0,7.0,2.0,8.0,10.0,4.0,3.0,10.0,-2.0
2024-09-01,Man United,Liverpool,0,3,A,0,2,A,8,11,3,3,5,2,7,7,4,1,0,0,3.7,4.2,1.85,2024-25,1776.53857422,1908.05358887,-131.51501465,2,7.0,5.0,3.0,9.0,13.0,5.0,4.0,13.0,-4.0
2024-09-14,Southampton,Man United,0,3,A,0,2,A,6,20,4,10,0,7,11,14,1,4,1,0,4.5,4.0,1.7,2024-25,1583.90270996,1766.37512207,-182.47241211000005,2,6.0,12.0,0.0,1.0,7.0,7.0,3.0,9.0,-8.0
2024-09-14,Brighton,Ipswich,0,0,D,0,0,D,21,6,6,1,9,2,14,16,4,3,0,0,1.38,5.0,7.5,2024-25,1744.23925781,1567.4005127,176.83874511,1,7.0,6.0,2.0,7.0,2.0,7.0,0.0,1.0,6.0
2024-09-14,Crystal Palace,Leicester,2,2,D,0,1,A,20,9,4,4,5,2,11,15,0,3,0,0,1.62,4.0,5.5,2024-25,1741.26794434,1635.5345459,105.73339843999997,1,10.0,6.0,2.0,7.0,5.0,6.0,1.0,5.0,2.0
2024-09-14,Fulham,West Ham,1,1,D,1,0,H,21,11,5,3,3,2,15,18,2,3,0,0,2.38,3.25,3.0,2024-25,1713.83312988,1729.66125488,-15.828125,1,7.0,9.0,2.0,7.0,8.0,9.0,2.0,6.0,1.0
2024-09-14,Liverpool,Nott'm Forest,0,1,A,0,0,D,14,5,5,3,7,2,15,6,4,4,0,0,1.22,6.5,12.0,2024-25,1918.21704102,1654.59204102,263.625,2,12.0,3.0,4.0,13.0,7.0,6.0,2.0,8.0,5.0
2024-09-14,Man City,Brentford,2,1,H,2,1,H,18,8,7,5,12,3,9,3,3,1,0,0,1.18,8.0,12.0,2024-25,2060.20605469,1720.58557129,339.62048340000024,0,14.0,3.0,5.0,15.0,9.0,9.0,3.0,9.0,6.0
2024-09-14,Aston Villa,Everton,3,2,H,1,2,A,17,6,8,2,6,2,10,12,1,4,0,0,1.5,4.2,6.5,2024-25,1777.81213379,1673.03662109,104.77551270000004,0,7.0,12.0,2.0,7.0,4.0,12.0,1.0,3.0,4.0
2024-09-14,Bournemouth,Chelsea,0,1,A,0,0,D,19,10,7,3,6,3,16,9,6,8,0,0,3.4,3.8,2.0,2024-25,1702.64941406,1814.6965332,-112.04711913999995,2,7.0,8.0,1.0,5.0,11.0,7.0,3.0,10.0,-5.0
2024-09-15,Tottenham,Arsenal,0,1,A,0,0,D,15,7,5,4,7,6,13,10,5,3,0,0,3.0,3.5,2.3,2024-25,1790.58093262,1950.36035156,-159.7794189399999,2,9.0,5.0,2.0,7.0,8.0,2.0,4.0,13.0,-6.0
2024-09-15,Wolves,Newcastle,1,2,A,1,0,H,12,14,5,6,4,7,17,6,3,3,0,0,3.4,3.5,2.1,2024-25,1664.86535645,1809.33227539,-144.4669189399999,2,4.0,14.0,0.0,1.0,10.0,7.0,3.0,10.0,-9.0
2024-09-21,West Ham,Chelsea,0,3,A,0,2,A,15,12,7,5,6,5,17,9,5,2,0,0,3.6,3.9,1.95,2024-25,1735.1895752,1825.50817871,-90.31860351,2,6.0,9.0,1.0,4.0,10.0,6.0,3.0,10.0,-6.0
2024-09-21,Aston Villa,Wolves,3,1,H,0,1,A,9,10,4,4,6,5,11,16,3,6,0,0,1.57,4.2,5.25,2024-25,1794.23706055,1663.80078125,130.43627930000002,0,7.0,11.0,3.0,9.0,4.0,13.0,0.0,1.0,8.0
2024-09-21,Fulham,Newcastle,3,1,H,2,0,H,22,15,11,4,6,0,16,8,6,0,0,0,3.0,3.4,2.4,2024-25,1717.24511719,1819.3371582,-102.09204101,0,8.0,6.0,2.0,8.0,10.0,5.0,4.0,13.0,-5.0
2024-09-21,Leicester,Everton,1,1,D,0,1,A,12,16,2,5,6,1,11,12,1,2,0,0,2.45,3.4,2.88,2024-25,1644.27368164,1673.2590332,-28.985351560000026,1,7.0,8.0,1.0,5.0,5.0,15.0,0.0,0.0,5.0
2024-09-21,Liverpool,Bournemouth,3,0,H,3,0,H,19,19,13,6,3,9,10,12,1,4,0,0,1.3,6.25,9.0,2024-25,1918.99365234,1700.77807617,218.21557616999985,0,9.0,1.0,4.0,12.0,6.0,7.0,1.0,5.0,7.0
2024-09-21,Southampton,Ipswich,1,1,D,1,0,H,11,13,3,6,2,10,16,16,4,4,0,0,2.25,3.5,3.2,2024-25,1580.24731445,1577.65930176,2.588012689999914,1,5.0,12.0,0.0,1.0,2.0,7.0,0.0,2.0,-1.0
2024-09-21,Tottenham,Brentford,3,1,H,2,1,H,23,6,10,6,9,4,11,9,3,1,0,0,1.55,4.5,5.5,2024-25,1789.86230469,1723.85852051,66.00378417999991,0,9.0,4.0,2.0,7.0,8.0,10.0,2.0,6.0,1.0
2024-09-21,Crystal Palace,Man United,0,0,D,0,0,D,9,15,4,6,4,11,7,12,3,1,0,0,2.88,3.75,2.3,2024-25,1741.46911621,1778.9708252,-37.50170899,1,9.0,7.0,1.0,5.0,7.0,5.0,3.0,9.0,-4.0
2024-09-22,Brighton,Nott'm Forest,2,2,D,2,1,H,14,4,3,3,9,1,12,11,3,4,0,1,1.75,3.75,4.75,2024-25,1742.92077637,1674.18981934,68.73095703000013,1,6.0,4.0,2.0,8.0,6.0,3.0,3.0,11.0,-3.0
2024-09-22,Man City,Arsenal,2,2,D,1,2,A,33,5,11,3,8,2,7,10,3,4,0,1,1.8,3.6,4.5,2024-25,2060.82177734,1959.79724121,101.02453613000012,1,14.0,4.0,5.0,15.0,8.0,2.0,4.0,13.0,2.0
2024-09-28,Newcastle,Man City,1,1,D,0,1,A,11,16,4,6,5,6,14,10,4,4,0,0,5.25,4.33,1.6,2024-25,1805.40844727,2055.75097656,-250.3425292899999,1,7.0,6.0,3.0,10.0,13.0,5.0,4.0,13.0,-3.0
2024-09-28,Arsenal,Leicester,4,2,H,2,0,H,36,5,16,3,17,0,11,6,2,4,0,0,1.17,8.0,15.0,2024-25,1963.00158691,1642.76367188,320.23791503000007,0,8.0,3.0,3.0,11.0,6.0,8.0,0.0,3.0,8.0
2024-09-28,Brentford,West Ham,1,1,D,1,0,H,8,19,3,3,7,7,2,11,2,3,0,0,2.2,3.5,3.2,2024-25,1715.79797363,1722.53186035,-6.7338867200001005,1,7.0,9.0,2.0,6.0,5.0,9.0,1.0,4.0,2.0
2024-09-28,Chelsea,Brighton,4,2,H,4,2,H,15,15,7,5,8,2,11,8,3,2,0,0,1.73,4.2,4.2,2024-25,1836.29919434,1738.64855957,97.6506347699999,0,11.0,5.0,3.0,10.0,8.0,4.0,2.0,9.0,1.0
2024-09-28,Everton,Crystal Palace,2,1,H,0,1,A,8,17,2,5,5,8,13,11,2,1,0,0,2.7,3.3,2.63,2024-25,1672.90234375,1740.20373535,-67.30139159999999,0,5.0,14.0,0.0,1.0,4.0,7.0,0.0,3.0,-2.0
2024-09-28,Nott'm Forest,Fulham,0,1,A,0,0,D,11,14,1,2,6,5,11,15,2,4,0,0,2.38,3.3,3.0,2024-25,1676.59521484,1729.30712891,-52.71191407000015,2,6.0,4.0,2.0,9.0,7.0,5.0,2.0,8.0,1.0
2024-09-28,Wolves,Liverpool,1,2,A,0,1,A,8,10,3,6,2,10,16,8,2,3,0,0,8.0,5.75,1.33,2024-25,1657.49401855,1922.26672363,-264.7727050799999,2,5.0,14.0,0.0,1.0,10.0,1.0,4.0,12.0,-11.0
2024-09-29,Ipswich,Aston Villa,2,2,D,1,2,A,15,7,5,3,10,0,10,14,4,1,0,0,4.0,3.75,1.85,2024-25,1578.20117188,1798.67724609,-220.47607420999998,1,3.0,8.0,0.0,3.0,10.0,7.0,4.0,12.0,-9.0
2024-09-29,Man United,Tottenham,0,3,A,0,1,A,11,24,2,10,5,3,16,14,5,3,1,0,2.35,3.75,2.75,2024-25,1772.04089355,1799.4831543,-27.44226075000006,2,5.0,5.0,2.0,7.0,9.0,5.0,2.0,7.0,0.0
2024-09-30,Bournemouth,Southampton,3,1,H,3,0,H,14,9,6,3,7,4,19,12,2,5,0,0,1.65,4.1,5.0,2024-25,1695.63830566,1577.83874512,117.7995605399999,0,5.0,8.0,1.0,5.0,2.0,9.0,0.0,1.0,4.0
2024-10-05,Crystal Palace,Liverpool,0,1,A,0,1,A,9,16,5,4,3,8,7,15,4,2,0,0,6.0,4.5,1.5,2024-25,1740.90612793,1938.56286621,-197.65673828000013,2,4.0,7.0,0.0,3.0,10.0,2.0,4.0,12.0,-9.0
2024-10-05,Arsenal,Southampton,3,1,H,0,0,D,29,8,6,2,13,1,10,9,0,3,0,0,1.14,9.0,17.0,2024-25,1980.44580078,1581.53771973,398.90808104999996,0,10.0,5.0,3.0,11.0,3.0,11.0,0.0,1.0,10.0
2024-10-05,Brentford,Wolves,5,3,H,4,2,H,19,17,12,6,10,3,9,10,2,3,0,0,2.05,3.6,3.4,2024-25,1723.70068359,1663.48522949,60.21545409999999,0,6.0,9.0,1.0,4.0,6.0,14.0,0.0,1.0,3.0
2024-10-05,Leicester,Bournemouth,1,0,H,1,0,H,6,17,2,2,0,9,12,14,4,1,0,0,3.1,3.75,2.15,2024-25,1650.03234863,1710.35986328,-60.32751465000001,0,7.0,11.0,0.0,2.0,7.0,8.0,2.0,7.0,-5.0
2024-10-05,Man City,Fulham,3,2,H,1,1,D,20,11,7,4,8,3,4,10,2,1,0,0,1.25,7.0,9.5,2024-25,2060.8190918,1746.60095215,314.21813965,0,12.0,6.0,3.0,11.0,8.0,4.0,3.0,11.0,0.0
2024-10-05,West Ham,Ipswich,4,1,H,2,1,H,23,9,13,2,5,5,12,6,0,1,0,0,1.8,3.8,4.33,2024-25,1733.04956055,1591.79040527,141.25915527999996,0,5.0,8.0,1.0,5.0,5.0,8.0,0.0,4.0,1.0
2024-10-05,Everton,Newcastle,0,0,D,0,0,D,8,14,2,3,0,10,12,8,1,2,0,0,3.2,3.6,2.2,2024-25,1690.6204834,1819.76977539,-129.14929198999994,1,7.0,12.0,1.0,4.0,7.0,7.0,2.0,8.0,-4.0
2024-10-06,Aston Villa,Man United,0,0,D,0,0,D,11,10,1,4,6,3,12,11,1,5,0,0,2.2,3.75,3.0,2024-25,1812.50024414,1769.56494141,42.935302729999876,1,10.0,8.0,3.0,10.0,4.0,8.0,1.0,4.0,6.0
2024-10-06,Chelsea,Nott'm Forest,1,1,D,0,0,D,22,16,8,9,11,3,12,11,6,2,0,1,1.48,4.5,6.5,2024-25,1854.45092773,1677.7220459,176.7288818300001,1,15.0,5.0,4.0,13.0,5.0,4.0,2.0,8.0,5.0
2024-10-06,Brighton,Tottenham,3,2,H,0,2,A,11,13,4,3,4,7,14,10,2,2,0,0,2.9,4.0,2.2,2024-25,1741.74475098,1826.39135742,-84.64660644000014,0,7.0,8.0,1.0,6.0,11.0,4.0,3.0,9.0,-3.0
2024-10-19,Tottenham,West Ham,4,1,H,1,1,D,22,11,7,4,13,5,10,15,1,3,0,1,1.5,5.0,5.25,2024-25,1817.91271973,1738.90881348,79.00390625,0,9.0,7.0,2.0,6.0,7.0,9.0,1.0,5.0,1.0
2024-10-19,Fulham,Aston Villa,1,3,A,1,1,D,10,14,4,5,6,11,8,11,3,3,1,1,2.45,3.5,2.8,2024-25,1745.24511719,1809.546875,-64.30175781000003,2,8.0,6.0,2.0,8.0,10.0,6.0,3.0,11.0,-3.0
2024-10-19,Ipswich,Everton,0,2,A,0,2,A,13,11,2,8,5,8,12,10,1,1,0,0,2.38,3.3,3.0,2024-25,1585.93127441,1692.59912109,-106.66784667999991,2,5.0,8.0,0.0,4.0,7.0,8.0,1.0,5.0,-1.0
2024-10-19,Man United,Brentford,2,1,H,0,1,A,23,8,11,2,9,2,14,5,2,2,0,0,1.7,4.2,4.5,2024-25,1772.51831055,1730.89282227,41.62548828000013,0,3.0,6.0,1.0,5.0,11.0,10.0,2.0,7.0,-2.0
2024-10-19,Newcastle,Brighton,0,1,A,0,1,A,21,10,6,5,9,4,11,9,2,2,0,0,1.95,3.7,3.6,2024-25,1817.79101562,1750.22338867,67.56762694999998,2,6.0,6.0,2.0,8.0,8.0,9.0,1.0,6.0,2.0
2024-10-19,Southampton,Leicester,2,3,A,2,0,H,14,18,7,4,10,6,10,10,5,3,1,0,2.3,3.5,3.0,2024-25,1580.38916016,1658.02661133,-77.63745116999985,2,4.0,13.0,0.0,1.0,7.0,9.0,1.0,5.0,-4.0
2024-10-19,Bournemouth,Arsenal,2,0,H,0,0,D,13,6,4,1,7,4,12,11,1,1,0,1,5.0,3.9,1.65,2024-25,1702.36560059,1981.59436035,-279.22875976,0,6.0,8.0,2.0,6.0,11.0,6.0,3.0,11.0,-5.0
2024-10-20,Wolves,Man City,1,2,A,1,1,D,3,22,2,7,1,18,8,5,4,1,0,0,8.0,6.0,1.33,2024-25,1656.29309082,2062.17504883,-405.88195800999983,2,7.0,13.0,0.0,1.0,11.0,7.0,3.0,11.0,-10.0
2024-10-20,Liverpool,Chelsea,2,1,H,1,0,H,9,12,5,2,1,6,12,13,4,3,0,0,1.62,4.1,5.0,2024-25,1943.17382812,1848.47436523,94.69946288999995,0,9.0,2.0,4.0,12.0,10.0,4.0,3.0,11.0,1.0
2024-10-21,Nott'm Forest,Crystal Palace,1,0,H,0,0,D,20,20,6,7,6,6,9,12,2,3,0,0,2.3,3.5,3.0,2024-25,1683.69848633,1736.29516602,-52.596679689999974,0,5.0,5.0,1.0,6.0,4.0,6.0,0.0,3.0,3.0
2024-10-25,Leicester,Nott'm Forest,1,3,A,1,1,D,11,20,1,5,6,7,16,9,5,2,0,0,3.0,3.3,2.4,2024-25,1670.93835449,1696.81140137,-25.873046880000174,2,9.0,9.0,2.0,8.0,5.0,4.0,2.0,8.0,0.0
2024-10-26,Brighton,Wolves,2,2,D,1,0,H,19,14,6,7,9,6,12,10,3,3,0,0,1.62,4.5,4.5,2024-25,1768.92919922,1662.19506836,106.73413086000005,1,8.0,8.0,2.0,8.0,7.0,14.0,0.0,0.0,8.0
2024-10-26,Aston Villa,Bournemouth,1,1,D,0,0,D,18,11,8,3,9,7,12,14,7,6,0,0,1.85,3.9,3.8,2024-25,1834.60070801,1728.61364746,105.98706055000002,1,11.0,6.0,3.0,11.0,5.0,6.0,2.0,6.0,5.0
2024-10-26,Man City,Southampton,1,0,H,1,0,H,22,5,8,2,12,1,9,9,1,3,0,0,1.11,10.0,17.0,2024-25,2073.37158203,1580.27307129,493.09851073999994,0,10.0,7.0,3.0,11.0,5.0,13.0,0.0,1.0,10.0
2024-10-26,Everton,Fulham,1,1,D,0,0,D,10,14,5,3,4,2,8,8,1,0,0,0,2.75,3.25,2.63,2024-25,1709.85827637,1741.40979004,-31.55151366999985,1,7.0,5.0,2.0,8.0,8.0,8.0,2.0,7.0,1.0
2024-10-26,Brentford,Ipswich,4,3,H,2,2,D,20,11,9,5,5,5,7,10,0,1,0,1,1.65,4.33,4.75,2024-25,1733.08276367,1583.63061523,149.45214843999997,0,9.0,11.0,1.0,4.0,4.0,9.0,0.0,3.0,1.0
2024-10-27,Chelsea,Newcastle,2,1,H,1,1,D,17,11,7,3,7,4,13,16,6,3,0,0,1.73,4.33,4.2,2024-25,1857.31689453,1814.04370117,43.27319335999982,0,10.0,5.0,3.0,10.0,4.0,6.0,1.0,5.0,5.0
2024-10-27,Crystal Palace,Tottenham,1,0,H,1,0,H,14,11,6,3,8,8,16,12,4,4,0,0,3.9,4.0,1.83,2024-25,1735.97790527,1834.84692383,-98.86901855999986,0,3.0,6.0,0.0,2.0,12.0,6.0,3.0,9.0,-7.0
2024-10-27,West Ham,Man United,2,1,H,0,0,D,12,18,3,5,6,5,6,7,5,1,0,0,2.88,3.75,2.3,2024-25,1738.7635498,1784.85412598,-46.09057617999997,0,7.0,10.0,1.0,5.0,5.0,4.0,2.0,8.0,-3.0
2024-10-27,Arsenal,Liverpool,2,2,D,2,1,H,9,9,3,4,1,3,14,14,2,2,0,0,2.5,3.25,2.9,2024-25,1971.05871582,1962.4465332,8.612182620000112,1,10.0,7.0,3.0,10.0,8.0,3.0,4.0,12.0,-2.0
2024-11-02,Newcastle,Arsenal,1,0,H,1,0,H,9,10,4,1,4,6,16,18,4,4,0,0,3.75,3.75,1.95,2024-25,1808.85473633,1969.04797363,-160.19323729999996,0,3.0,7.0,0.0,2.0,11.0,9.0,2.0,8.0,-6.0
2024-11-02,Bournemouth,Man City,2,1,H,1,0,H,12,18,6,4,3,10,11,6,2,1,0,0,5.5,4.2,1.57,2024-25,1733.10681152,2073.82226562,-340.7154541,0,6.0,6.0,2.0,7.0,9.0,6.0,3.0,11.0,-4.0
2024-11-02,Ipswich,Leicester,1,1,D,0,0,D,14,20,2,6,4,6,11,10,4,2,1,0,2.25,3.5,3.1,2024-25,1580.4375,1660.32580566,-79.88830566000001,1,7.0,13.0,0.0,2.0,8.0,10.0,2.0,7.0,-5.0
2024-11-02,Liverpool,Brighton,2,1,H,0,1,A,16,13,8,5,10,7,10,18,1,1,0,0,1.4,5.0,7.5,2024-25,1964.45727539,1764.41882324,200.03845215,0,10.0,4.0,4.0,13.0,10.0,10.0,2.0,8.0,5.0
2024-11-02,Nott'm Forest,West Ham,3,0,H,1,0,H,19,4,6,2,11,6,7,9,1,2,0,1,2.15,3.5,3.4,2024-25,1711.74938965,1746.25891113,-34.509521479999876,0,7.0,5.0,2.0,8.0,8.0,10.0,2.0,7.0,1.0
2024-11-02,Southampton,Everton,1,0,H,0,0,D,9,16,2,5,3,6,14,18,4,2,0,0,2.63,3.4,2.63,2024-25,1579.8223877,1708.98059082,-129.15820312000005,0,5.0,11.0,0.0,1.0,6.0,3.0,2.0,9.0,-8.0
2024-11-02,Wolves,Crystal Palace,2,2,D,0,0,D,11,19,6,7,3,6,7,9,1,2,0,0,2.5,3.4,2.88,2024-25,1666.70544434,1744.98693848,-78.28149413999995,1,8.0,14.0,0.0,1.0,2.0,4.0,1.0,4.0,-3.0
2024-11-03,Tottenham,Aston Villa,4,1,H,0,1,A,16,12,6,1,6,4,14,14,2,0,0,0,1.91,4.0,3.6,2024-25,1825.83789062,1830.10754395,-4.269653329999983,0,12.0,6.0,3.0,9.0,9.0,5.0,2.0,9.0,0.0
2024-11-03,Man United,Chelsea,1,1,D,0,0,D,11,12,4,3,4,8,19,14,6,2,0,0,2.6,3.5,2.6,2024-25,1777.35876465,1862.50585938,-85.14709472999994,1,3.0,6.0,1.0,5.0,11.0,6.0,3.0,10.0,-5.0
2024-11-04,Fulham,Brentford,2,1,H,0,1,A,26,5,12,2,11,3,3,10,2,1,0,0,2.0,3.7,3.5,2024-25,1742.28735352,1736.27587891,6.011474609999823,0,8.0,8.0,2.0,7.0,12.0,12.0,2.0,7.0,0.0
2024-11-09,Brentford,Bournemouth,3,2,H,1,1,D,12,15,6,3,6,4,8,16,2,4,0,0,2.5,3.5,2.7,2024-25,1721.03112793,1738.23510742,-17.203979490000165,0,12.0,11.0,2.0,7.0,8.0,4.0,3.0,10.0,-3.0
2024-11-09,Crystal Palace,Fulham,0,2,A,0,1,A,13,17,5,7,1,8,10,11,1,1,1,0,2.7,3.5,2.55,2024-25,1735.46716309,1739.34533691,-3.878173820000029,2,4.0,6.0,1.0,4.0,7.0,8.0,2.0,7.0,-3.0
2024-11-09,West Ham,Everton,0,0,D,0,0,D,11,18,6,4,7,6,10,9,1,2,0,0,2.15,3.4,3.4,2024-25,1724.62646484,1690.26757812,34.35888671999987,1,8.0,10.0,2.0,7.0,5.0,3.0,2.0,8.0,-1.0
2024-11-09,Wolves,Southampton,2,0,H,1,0,H,8,9,4,0,1,9,14,12,1,4,0,0,1.91,3.75,3.75,2024-25,1658.03845215,1580.34863281,77.68981933999999,0,9.0,13.0,0.0,2.0,5.0,10.0,1.0,3.0,-1.0
2024-11-09,Brighton,Man City,2,1,H,0,1,A,10,15,4,6,0,4,12,10,3,3,0,0,4.1,4.2,1.73,2024-25,1752.83630371,2031.43212891,-278.59582520000004,0,9.0,10.0,2.0,7.0,8.0,6.0,3.0,10.0,-3.0
2024-11-09,Liverpool,Aston Villa,2,0,H,1,0,H,14,12,5,2,2,9,11,15,0,3,0,0,1.42,5.25,6.5,2024-25,1967.46923828,1800.82275391,166.64648436999983,0,9.0,5.0,4.0,13.0,7.0,8.0,1.0,6.0,7.0
2024-11-10,Man United,Leicester,3,0,H,2,0,H,13,6,3,5,1,5,9,5,0,1,0,0,1.38,5.5,6.5,2024-25,1772.18933105,1650.7598877,121.42944334999993,0,4.0,7.0,1.0,5.0,8.0,10.0,2.0,7.0,-2.0
2024-11-10,Nott'm Forest,Newcastle,1,3,A,1,0,H,9,17,3,6,4,5,13,6,1,1,0,0,2.7,3.3,2.7,2024-25,1715.19494629,1810.23583984,-95.04089354999996,2,8.0,3.0,3.0,10.0,3.0,4.0,1.0,5.0,5.0
2024-11-10,Tottenham,Ipswich,1,2,A,0,2,A,17,8,5,3,12,2,10,19,1,5,0,0,1.25,6.5,9.0,2024-25,1818.85119629,1571.81665039,247.0345459,2,13.0,6.0,3.0,9.0,7.0,13.0,0.0,2.0,7.0
2024-11-10,Chelsea,Arsenal,1,1,D,0,0,D,17,13,3,3,4,3,12,12,4,2,0,0,2.7,3.4,2.55,2024-25,1853.53173828,1943.88500977,-90.35327149,1,9.0,7.0,2.0,8.0,9.0,8.0,2.0,7.0,1.0
2024-11-23,Arsenal,Nott'm Forest,3,0,H,1,0,H,19,7,7,0,8,1,10,1,3,2,0,0,1.38,4.75,9.0,2024-25,1943.19189453,1705.00598145,238.18591307999986,0,6.0,7.0,1.0,5.0,9.0,5.0,3.0,10.0,-5.0
2024-11-23,Bournemouth,Brighton,1,2,A,0,1,A,19,6,5,4,7,0,13,10,2,2,0,1,2.4,3.6,2.8,2024-25,1731.56970215,1765.95056152,-34.38085937000005,2,7.0,6.0,2.0,7.0,9.0,7.0,3.0,10.0,-3.0
2024-11-23,Aston Villa,Crystal Palace,2,2,D,1,2,A,17,13,5,6,10,1,10,11,3,2,0,0,1.62,4.0,5.5,2024-25,1796.74353027,1721.79248047,74.95104979999996,1,5.0,8.0,1.0,5.0,3.0,6.0,1.0,4.0,1.0
2024-11-23,Fulham,Wolves,1,4,A,1,1,D,10,10,3,5,7,2,14,14,3,0,0,0,1.62,4.0,5.25,2024-25,1753.02001953,1664.36401367,88.65600585999982,2,8.0,8.0,2.0,7.0,10.0,11.0,1.0,5.0,2.0
2024-11-23,Everton,Brentford,0,0,D,0,0,D,27,9,5,2,10,4,8,10,0,0,0,1,2.45,3.4,2.88,2024-25,1693.06970215,1727.6965332,-34.626831049999964,1,3.0,2.0,1.0,6.0,14.0,12.0,3.0,9.0,-3.0
2024-11-23,Man City,Tottenham,0,4,A,0,2,A,23,9,5,7,9,3,19,9,4,2,0,0,1.48,4.75,6.0,2024-25,2018.31787109,1803.89941406,214.4184570299999,2,8.0,7.0,3.0,9.0,11.0,8.0,2.0,6.0,3.0
2024-11-23,Leicester,Chelsea,1,2,A,0,1,A,4,16,1,7,2,9,15,12,4,3,0,0,6.5,4.75,1.44,2024-25,1644.39880371,1854.22497559,-209.82617187999995,2,6.0,9.0,2.0,7.0,6.0,6.0,1.0,6.0,1.0
2024-11-24,Southampton,Liverpool,2,3,A,1,1,D,7,27,5,11,3,10,11,9,3,4,0,0,11.0,5.75,1.27,2024-25,1574.02307129,1971.54846191,-397.52539062000005,2,4.0,9.0,1.0,3.0,9.0,4.0,4.0,13.0,-10.0
2024-11-24,Ipswich,Man United,1,1,D,1,1,D,11,11,6,4,4,3,11,10,0,0,0,0,5.25,4.0,1.62,2024-25,1586.76843262,1778.55029297,-191.78186035,1,7.0,12.0,1.0,4.0,7.0,4.0,2.0,8.0,-4.0
2024-11-25,Newcastle,West Ham,0,2,A,0,1,A,18,15,2,6,8,3,11,8,1,0,0,0,1.5,4.5,6.0,2024-25,1820.42480469,1721.82434082,98.60046386999988,2,5.0,4.0,2.0,7.0,7.0,9.0,2.0,7.0,0.0
2024-11-29,Brighton,Southampton,1,1,D,1,0,H,22,10,5,2,7,6,20,16,2,4,0,0,1.38,5.0,7.5,2024-25,1781.17919922,1578.85681152,202.32238770000004,1,8.0,6.0,3.0,10.0,5.0,9.0,1.0,3.0,7.0
2024-11-30,Brentford,Leicester,4,1,H,3,1,H,13,7,6,3,5,4,9,10,1,1,0,0,1.65,4.2,4.75,2024-25,1735.00012207,1646.43688965,88.56323242000008,0,9.0,9.0,2.0,7.0,6.0,11.0,1.0,4.0,3.0
2024-11-30,West Ham,Arsenal,2,5,A,2,5,A,12,16,5,7,2,10,10,13,4,1,0,0,7.0,4.5,1.45,2024-25,1745.0090332,1970.6048584,-225.59582520000004,2,5.0,8.0,2.0,7.0,6.0,6.0,1.0,5.0,2.0
2024-11-30,Crystal Palace,Newcastle,1,1,D,0,0,D,16,1,4,0,8,9,12,11,3,3,0,0,2.9,3.6,2.3,2024-25,1732.04821777,1810.11303711,-78.06481933999999,1,5.0,7.0,1.0,5.0,5.0,6.0,2.0,6.0,-1.0
2024-11-30,Wolves,Bournemouth,2,4,A,1,3,A,10,12,3,8,3,4,13,11,4,1,0,0,2.8,3.6,2.4,2024-25,1691.41870117,1729.21398926,-37.795288089999985,2,11.0,7.0,2.0,8.0,8.0,7.0,2.0,7.0,1.0
2024-11-30,Nott'm Forest,Ipswich,1,0,H,0,0,D,12,7,5,3,8,7,5,16,1,3,0,0,1.7,3.8,4.75,2024-25,1707.87341309,1596.86755371,111.00585937999995,0,8.0,7.0,3.0,9.0,7.0,9.0,1.0,5.0,4.0
2024-12-01,Chelsea,Aston Villa,3,0,H,2,0,H,17,10,8,4,3,4,21,6,2,2,0,0,1.7,4.1,4.5,2024-25,1871.1862793,1798.80102539,72.38525391000007,0,7.0,6.0,2.0,8.0,7.0,10.0,1.0,5.0,3.0
2024-12-01,Man United,Everton,4,0,H,2,0,H,11,8,5,2,2,2,12,12,2,3,0,0,1.53,4.2,6.0,2024-25,1783.57092285,1698.63916016,84.93176268999991,0,8.0,5.0,2.0,8.0,3.0,2.0,1.0,6.0,2.0
2024-12-01,Tottenham,Fulham,1,1,D,0,0,D,8,14,3,6,7,11,4,14,0,1,0,1,1.7,4.5,4.1,2024-25,1834.32177734,1738.83825684,95.48352049999994,1,13.0,5.0,3.0,9.0,7.0,9.0,2.0,7.0,2.0
2024-12-01,Liverpool,Man City,2,0,H,1,0,H,18,8,7,2,7,4,9,8,1,3,0,0,2.1,3.6,3.3,2024-25,1986.95837402,1988.89196777,-1.93359375,0,11.0,6.0,4.0,13.0,5.0,9.0,2.0,6.0,7.0
2024-12-03,Ipswich,Crystal Palace,0,1,A,0,0,D,9,13,2,3,4,7,14,13,2,4,0,0,3.0,3.4,2.35,2024-25,1592.7989502,1732.70141602,-139.90246581999986,2,7.0,8.0,1.0,5.0,6.0,7.0,1.0,6.0,-1.0
2024-12-03,Leicester,West Ham,3,1,H,1,0,H,8,31,6,10,3,9,9,7,2,2,0,0,2.9,3.4,2.38,2024-25,1638.75439453,1738.14611816,-99.39172363000012,0,4.0,13.0,0.0,1.0,6.0,9.0,2.0,7.0,-6.0
2024-12-04,Southampton,Chelsea,1,5,A,1,3,A,6,26,4,13,5,7,7,14,1,0,1,0,8.5,5.25,1.33,2024-25,1585.15942383,1879.45117188,-294.29174805,2,4.0,7.0,1.0,4.0,9.0,4.0,3.0,11.0,-7.0
2024-12-04,Arsenal,Man United,2,0,H,0,0,D,14,5,6,2,13,0,12,8,1,3,0,0,1.44,4.5,7.0,2024-25,1977.46765137,1792.86169434,184.60595703000013,0,11.0,6.0,2.0,8.0,10.0,4.0,2.0,8.0,0.0
2024-12-04,Everton,Wolves,4,0,H,2,0,H,13,6,4,2,3,4,10,8,2,0,0,0,2.1,3.4,3.5,2024-25,1689.34838867,1679.4284668,9.919921870000053,0,1.0,6.0,0.0,3.0,12.0,9.0,2.0,8.0,-5.0
2024-12-04,Man City,Nott'm Forest,3,0,H,2,0,H,17,12,7,3,8,2,7,15,2,4,0,0,1.36,4.75,9.0,2024-25,1979.62878418,1711.9420166,267.6867675799999,0,3.0,10.0,1.0,3.0,8.0,7.0,3.0,9.0,-6.0
2024-12-04,Newcastle,Liverpool,3,3,D,1,0,H,17,16,6,5,5,6,9,17,2,5,0,0,4.2,4.0,1.75,2024-25,1809.45983887,1996.22155762,-186.76171875,1,6.0,6.0,2.0,7.0,11.0,5.0,4.0,13.0,-6.0
2024-12-04,Aston Villa,Brentford,3,1,H,3,0,H,20,9,10,1,10,5,11,15,2,2,0,0,1.8,3.75,4.33,2024-25,1790.53601074,1742.68261719,47.853393549999964,0,4.0,12.0,0.0,2.0,12.0,8.0,3.0,10.0,-8.0
2024-12-05,Fulham,Brighton,3,1,H,1,0,H,6,13,2,3,5,6,7,8,2,2,0,0,2.35,3.6,2.88,2024-25,1742.94836426,1774.87658691,-31.928222649999952,0,7.0,7.0,2.0,8.0,8.0,7.0,2.0,8.0,0.0
2024-12-05,Bournemouth,Tottenham,1,0,H,1,0,H,21,12,8,4,5,9,15,8,2,2,0,0,2.63,3.75,2.45,2024-25,1741.20422363,1830.21166992,-89.00744629000019,0,10.0,9.0,2.0,7.0,10.0,5.0,2.0,7.0,0.0
2024-12-07,Aston Villa,Southampton,1,0,H,1,0,H,18,4,5,0,14,1,18,15,1,3,0,0,1.36,5.5,7.0,2024-25,1798.00732422,1579.57214355,218.43518067000014,0,6.0,12.0,1.0,4.0,5.0,11.0,1.0,4.0,0.0
2024-12-07,Brentford,Newcastle,4,2,H,2,2,D,11,16,8,3,3,4,10,7,3,0,0,0,2.88,3.75,2.3,2024-25,1735.21142578,1813.00805664,-77.79663086000005,0,9.0,8.0,2.0,7.0,8.0,7.0,2.0,8.0,-1.0
2024-12-07,Crystal Palace,Man City,2,2,D,1,1,D,12,12,3,4,6,8,4,10,1,0,0,1,5.5,4.2,1.57,2024-25,1738.54724121,1982.75402832,-244.20678711000005,1,6.0,7.0,1.0,6.0,5.0,10.0,1.0,3.0,3.0
2024-12-07,Man United,Nott'm Forest,2,3,A,1,1,D,17,11,7,3,5,3,10,13,0,2,0,0,1.65,3.9,5.25,2024-25,1788.9197998,1708.81689453,80.10290527000006,2,9.0,4.0,2.0,8.0,5.0,9.0,2.0,6.0,2.0
2024-12-08,Fulham,Arsenal,1,1,D,1,0,H,2,12,2,4,0,6,10,9,4,2,0,0,5.0,4.33,1.6,2024-25,1753.22741699,1981.4095459,-228.18212891000007,1,9.0,7.0,3.0,10.0,11.0,4.0,3.0,10.0,0.0
2024-12-08,Ipswich,Bournemouth,1,2,A,1,0,H,18,22,5,6,6,13,9,13,2,1,0,0,3.5,3.75,2.0,2024-25,1586.953125,1749.95690918,-163.0037841799999,2,4.0,5.0,1.0,5.0,10.0,8.0,3.0,9.0,-4.0
2024-12-08,Leicester,Brighton,2,2,D,0,1,A,10,16,3,7,5,5,9,10,1,2,0,0,4.5,3.8,1.73,2024-25,1651.60998535,1764.59765625,-112.98767090000001,1,6.0,11.0,1.0,4.0,7.0,8.0,2.0,7.0,-3.0
2024-12-08,Tottenham,Chelsea,3,4,A,2,1,H,13,17,5,8,5,10,17,11,2,2,0,0,3.4,3.9,2.0,2024-25,1821.4588623,1885.03845215,-63.57958985000005,2,10.0,5.0,2.0,7.0,12.0,4.0,3.0,11.0,-4.0
2024-12-09,West Ham,Wolves,2,1,H,0,0,D,19,19,4,5,11,0,12,17,5,4,0,0,1.9,3.9,3.75,2024-25,1725.29064941,1666.69360352,58.59704589000012,0,5.0,11.0,1.0,4.0,10.0,11.0,2.0,7.0,-3.0
2024-12-14,Arsenal,Everton,0,0,D,0,0,D,13,2,5,0,8,2,6,9,0,3,0,0,1.22,6.5,12.0,2024-25,1983.36364746,1704.38330078,278.98034668000014,1,12.0,4.0,3.0,11.0,4.0,5.0,1.0,5.0,6.0
2024-12-14,Liverpool,Fulham,2,2,D,0,1,A,16,12,4,3,5,4,10,7,3,4,1,0,1.33,5.5,8.0,2024-25,1998.37512207,1759.95947266,238.41564941000001,1,12.0,6.0,4.0,13.0,8.0,7.0,2.0,8.0,5.0
2024-12-14,Newcastle,Leicester,4,0,H,1,0,H,27,4,11,1,5,2,7,16,3,3,0,0,1.3,6.0,8.5,2024-25,1803.49182129,1655.34655762,148.14526366999985,0,9.0,11.0,1.0,5.0,7.0,12.0,1.0,4.0,1.0
2024-12-14,Wolves,Ipswich,1,2,A,0,1,A,16,10,6,5,7,3,13,9,0,2,1,0,1.9,3.8,3.8,2024-25,1664.03161621,1583.81140137,80.22021483999993,2,9.0,11.0,2.0,6.0,4.0,6.0,1.0,4.0,2.0
2024-12-14,Nott'm Forest,Aston Villa,2,1,H,0,0,D,17,8,6,2,4,3,12,6,0,1,0,0,2.63,3.3,2.7,2024-25,1722.6817627,1811.93115234,-89.24938963999989,0,5.0,11.0,2.0,6.0,6.0,8.0,2.0,7.0,-1.0
2024-12-15,Brighton,Crystal Palace,1,3,A,0,2,A,17,13,5,5,8,5,11,15,1,4,0,0,1.85,3.8,3.9,2024-25,1765.46105957,1745.6829834,19.778076170000077,2,8.0,8.0,2.0,8.0,6.0,7.0,1.0,6.0,2.0
2024-12-15,Man City,Man United,1,2,A,1,0,H,10,10,3,3,8,2,5,14,1,1,0,0,1.57,4.5,5.0,2024-25,1966.65490723,1785.75878906,180.8961181699999,2,6.0,10.0,1.0,4.0,10.0,6.0,2.0,7.0,-3.0
2024-12-15,Chelsea,Brentford,2,1,H,1,0,H,26,9,8,4,8,5,11,7,0,2,1,0,1.33,6.0,7.5,2024-25,1896.24731445,1749.32763672,146.91967772999988,0,15.0,6.0,4.0,13.0,12.0,8.0,3.0,10.0,3.0
2024-12-15,Southampton,Tottenham,0,5,A,0,5,A,9,18,3,9,2,5,8,15,1,3,0,0,4.33,4.5,1.67,2024-25,1579.60046387,1812.92382812,-233.32336424999994,2,4.0,12.0,0.0,1.0,9.0,8.0,1.0,4.0,-3.0
2024-12-16,Bournemouth,West Ham,1,1,D,0,0,D,29,16,9,3,12,6,6,11,0,2,0,0,1.7,4.0,4.75,2024-25,1757.6986084,1732.55249023,25.14611816999991,1,10.0,8.0,3.0,9.0,7.0,9.0,2.0,7.0,2.0
2024-12-21,Aston Villa,Man City,2,1,H,1,0,H,11,12,6,6,5,4,14,7,3,3,0,0,3.25,3.7,2.1,2024-25,1803.22131348,1953.20361328,-149.98229979999996,0,7.0,8.0,2.0,7.0,6.0,10.0,1.0,4.0,3.0
2024-12-21,Brentford,Nott'm Forest,0,2,A,0,1,A,7,10,3,6,9,5,9,14,3,4,0,0,2.3,3.6,2.9,2024-25,1746.26818848,1731.61254883,14.655639650000012,2,10.0,8.0,2.0,7.0,6.0,9.0,3.0,9.0,-2.0
2024-12-21,Ipswich,Newcastle,0,4,A,0,3,A,10,15,2,7,2,1,9,7,2,0,0,0,4.75,3.75,1.73,2024-25,1595.38256836,1809.99523926,-214.6126709,2,4.0,6.0,1.0,4.0,10.0,10.0,1.0,5.0,-1.0
2024-12-21,West Ham,Brighton,1,1,D,0,0,D,11,12,4,6,8,4,14,20,2,2,0,0,2.88,3.7,2.35,2024-25,1735.03735352,1751.2175293,-16.180175780000127,1,8.0,10.0,2.0,7.0,7.0,10.0,1.0,5.0,2.0
2024-12-21,Crystal Palace,Arsenal,1,5,A,1,3,A,15,14,6,6,3,3,9,8,2,2,0,0,6.25,4.2,1.55,2024-25,1760.14746094,1975.93518066,-215.78771972000004,2,9.0,6.0,2.0,9.0,11.0,3.0,3.0,11.0,-2.0
2024-12-22,Leicester,Wolves,0,3,A,0,3,A,9,8,5,4,6,1,15,16,2,0,0,0,2.55,3.4,2.7,2024-25,1649.06396484,1652.68127441,-3.6173095700000886,2,7.0,13.0,1.0,4.0,8.0,13.0,1.0,3.0,1.0
2024-12-22,Fulham,Southampton,0,0,D,0,0,D,16,5,5,1,6,5,8,15,1,3,0,0,1.42,4.75,7.0,2024-25,1767.05883789,1571.14221191,195.91662597999994,1,8.0,9.0,1.0,6.0,4.0,15.0,0.0,1.0,5.0
2024-12-22,Tottenham,Liverpool,3,6,A,1,3,A,9,24,5,12,7,5,7,9,1,2,0,0,4.5,4.0,1.73,2024-25,1821.60302734,1991.49658203,-169.89355468999997,2,13.0,6.0,2.0,7.0,12.0,7.0,3.0,11.0,-4.0
2024-12-22,Man United,Bournemouth,0,3,A,0,1,A,23,10,7,5,13,1,11,11,1,3,0,0,1.8,3.8,4.2,2024-25,1799.4309082,1755.43481445,43.99609375,2,9.0,7.0,2.0,7.0,9.0,6.0,3.0,10.0,-3.0
2024-12-22,Everton,Chelsea,0,0,D,0,0,D,5,12,4,5,2,5,20,12,4,1,0,0,5.0,4.2,1.62,2024-25,1712.03271484,1899.88891602,-187.85620117999997,1,4.0,4.0,1.0,6.0,16.0,6.0,5.0,15.0,-9.0
2024-12-26,Bournemouth,Crystal Palace,0,0,D,0,0,D,18,10,4,4,5,2,13,12,2,2,0,0,1.9,3.8,3.8,2024-25,1774.12890625,1751.56005859,22.568847660000074,1,11.0,4.0,4.0,13.0,8.0,9.0,2.0,8.0,5.0
2024-12-26,Newcastle,Aston Villa,3,0,H,1,0,H,22,4,8,1,9,6,15,10,2,1,0,1,1.91,3.8,3.75,2024-25,1818.37390137,1813.49121094,4.882690430000139,0,14.0,8.0,2.0,8.0,7.0,7.0,3.0,9.0,-1.0
2024-12-26,Man City,Everton,1,1,D,1,1,D,24,8,5,3,8,5,5,10,1,4,0,0,1.33,5.5,7.5,2024-25,1942.93371582,1715.51074219,227.42297363000012,1,7.0,8.0,1.0,4.0,4.0,4.0,1.0,6.0,-2.0
2024-12-26,Chelsea,Fulham,1,2,A,1,0,H,12,14,8,7,3,1,13,13,1,3,0,0,1.48,4.75,6.0,2024-25,1896.41088867,1760.75756836,135.65332031000003,2,14.0,5.0,4.0,13.0,7.0,5.0,1.0,7.0,6.0
2024-12-26,Wolves,Man United,2,0,H,0,0,D,7,11,4,4,4,4,12,12,2,2,0,1,3.9,3.7,1.91,2024-25,1669.02868652,1780.73681641,-111.70812989000001,0,7.0,12.0,1.0,3.0,8.0,9.0,2.0,6.0,-3.0
2024-12-26,Liverpool,Leicester,3,1,H,1,1,D,19,4,7,1,14,1,17,5,3,2,0,0,1.08,12.0,23.0,2024-25,2000.45349121,1632.71655273,367.73693847999994,0,16.0,10.0,3.0,11.0,6.0,14.0,1.0,4.0,7.0
2024-12-26,Southampton,West Ham,0,1,A,0,0,D,18,16,5,2,2,2,15,8,1,2,0,0,3.25,3.5,2.2,2024-25,1577.44348145,1733.80700684,-156.36352538999995,2,2.0,12.0,0.0,2.0,7.0,11.0,1.0,5.0,-3.0
2024-12-26,Nott'm Forest,Tottenham,1,0,H,1,0,H,10,13,3,4,2,7,12,13,3,2,0,1,2.3,3.75,2.88,2024-25,1745.51818848,1812.64624023,-67.12805175000017,0,8.0,6.0,4.0,12.0,12.0,12.0,1.0,4.0,8.0
2024-12-27,Brighton,Brentford,0,0,D,0,0,D,24,8,7,3,5,3,6,12,0,2,0,0,1.62,4.33,4.75,2024-25,1752.44787598,1732.36254883,20.085327150000012,1,6.0,10.0,0.0,3.0,10.0,10.0,2.0,6.0,-3.0
2024-12-27,Arsenal,Ipswich,1,0,H,1,0,H,13,3,5,0,5,1,7,12,1,1,0,0,1.14,9.0,15.0,2024-25,1984.52258301,1587.00390625,397.51867676000006,0,13.0,4.0,3.0,11.0,3.0,9.0,1.0,3.0,8.0
2024-12-29,Leicester,Man City,0,2,A,0,1,A,11,14,4,5,4,4,11,6,2,1,0,0,7.5,5.5,1.36,2024-25,1631.34838867,1936.16235352,-304.8139648499998,2,6.0,13.0,1.0,4.0,8.0,7.0,1.0,5.0,-1.0
2024-12-29,Crystal Palace,Southampton,2,1,H,1,1,D,19,7,10,3,8,7,18,19,2,3,0,0,1.57,3.9,5.5,2024-25,1753.85998535,1572.00146484,181.85852051000006,0,7.0,8.0,2.0,8.0,1.0,12.0,0.0,1.0,7.0
2024-12-29,Everton,Nott'm Forest,0,2,A,0,1,A,13,11,2,7,5,4,13,10,4,1,0,0,2.6,3.2,2.8,2024-25,1722.28210449,1753.67858887,-31.396484380000174,2,5.0,5.0,1.0,6.0,8.0,6.0,4.0,12.0,-6.0
2024-12-29,Fulham,Bournemouth,2,2,D,1,0,H,11,16,6,9,1,7,7,16,1,3,0,0,2.3,3.6,2.88,2024-25,1773.47399902,1771.82910156,1.6448974600000383,1,8.0,5.0,2.0,9.0,7.0,2.0,3.0,11.0,-2.0
2024-12-29,Tottenham,Wolves,2,2,D,2,1,H,13,11,3,3,5,5,9,10,1,2,0,0,1.6,5.0,4.2,2024-25,1804.48583984,1682.07531738,122.41052246000004,1,11.0,12.0,1.0,3.0,7.0,8.0,2.0,6.0,-3.0
2024-12-29,West Ham,Liverpool,0,5,A,0,3,A,7,22,0,13,3,6,7,10,0,0,0,0,7.0,5.0,1.4,2024-25,1739.24890137,2001.8215332,-262.57263182999986,2,6.0,6.0,2.0,8.0,16.0,9.0,3.0,11.0,-3.0
2024-12-30,Aston Villa,Brighton,2,2,D,1,1,D,20,13,4,4,12,3,9,14,2,3,0,0,1.9,3.8,3.6,2024-25,1802.54943848,1750.12683105,52.42260742999997,1,7.0,7.0,3.0,9.0,5.0,9.0,0.0,3.0,6.0
2024-12-30,Ipswich,Chelsea,2,0,H,1,0,H,9,20,6,5,4,7,9,5,4,4,0,0,6.5,4.75,1.42,2024-25,1586.19128418,1883.69445801,-297.50317383000015,0,3.0,9.0,1.0,3.0,12.0,7.0,3.0,10.0,-7.0
2024-12-30,Man United,Newcastle,0,2,A,0,2,A,10,12,0,4,2,3,13,8,1,1,0,0,2.75,3.5,2.55,2024-25,1767.69006348,1829.3157959,-61.62573242000008,2,4.0,11.0,1.0,3.0,16.0,7.0,3.0,10.0,-7.0
2025-01-01,Brentford,Arsenal,1,3,A,1,1,D,5,14,2,5,4,3,6,8,1,2,0,0,6.5,4.75,1.44,2024-25,1734.68359375,1985.33520508,-250.65161132999992,2,6.0,9.0,1.0,4.0,9.0,2.0,3.0,11.0,-7.0
2025-01-04,Tottenham,Newcastle,1,2,A,1,2,A,13,14,4,4,9,10,11,15,1,4,0,0,2.88,3.8,2.25,2024-25,1799.62744141,1840.6036377,-40.97619628999996,2,13.0,13.0,1.0,4.0,15.0,4.0,4.0,12.0,-8.0
2025-01-04,Aston Villa,Leicester,2,1,H,0,0,D,13,4,5,2,7,2,10,11,0,1,0,0,1.33,5.5,8.5,2024-25,1799.41162109,1627.46325684,171.94836424999994,0,6.0,8.0,2.0,7.0,3.0,14.0,0.0,1.0,6.0
2025-01-04,Bournemouth,Everton,1,0,H,0,0,D,19,9,8,0,9,3,15,14,2,2,0,0,1.73,3.75,4.75,2024-25,1773.63903809,1709.59802246,64.04101562999995,0,8.0,4.0,2.0,9.0,5.0,3.0,1.0,6.0,3.0
2025-01-04,Crystal Palace,Chelsea,1,1,D,0,1,A,13,15,6,1,6,6,9,12,0,2,0,0,3.8,3.75,1.91,2024-25,1756.65026855,1864.34838867,-107.69812012000011,1,8.0,9.0,2.0,8.0,7.0,8.0,2.0,7.0,1.0
2025-01-04,Man City,West Ham,4,1,H,2,0,H,10,17,7,4,7,1,8,13,2,1,0,0,1.3,6.25,7.5,2024-25,1940.04760742,1731.68566895,208.36193847000004,0,7.0,7.0,1.0,5.0,5.0,8.0,2.0,8.0,-3.0
2025-01-04,Southampton,Brentford,0,5,A,0,1,A,8,20,1,11,2,2,10,4,2,0,0,0,3.0,3.4,2.4,2024-25,1569.21118164,1729.57226562,-160.3610839800001,2,1.0,9.0,0.0,1.0,6.0,9.0,1.0,4.0,-3.0
2025-01-04,Brighton,Arsenal,1,1,D,0,1,A,11,9,4,3,2,5,17,14,2,3,0,0,4.33,3.75,1.8,2024-25,1753.26464844,1990.4465332,-237.18188476,1,6.0,8.0,0.0,4.0,10.0,3.0,3.0,11.0,-7.0
2025-01-05,Fulham,Ipswich,2,2,D,0,1,A,15,7,4,3,9,2,10,14,1,5,0,0,1.55,4.2,5.75,2024-25,1771.66394043,1605.53735352,166.12658691000001,1,7.0,6.0,1.0,7.0,5.0,8.0,2.0,6.0,1.0
2025-01-05,Liverpool,Man United,2,2,D,0,0,D,19,13,6,4,6,9,10,13,2,4,0,0,1.29,6.25,8.0,2024-25,2009.3848877,1756.40222168,252.98266602000012,1,19.0,9.0,3.0,11.0,4.0,11.0,1.0,3.0,8.0
2025-01-06,Wolves,Nott'm Forest,0,3,A,0,2,A,13,11,6,3,5,3,10,8,1,2,0,0,3.3,3.2,2.3,2024-25,1686.93383789,1766.3626709,-79.42883301000006,2,9.0,6.0,2.0,7.0,10.0,3.0,5.0,15.0,-8.0
2025-01-14,Brentford,Man City,2,2,D,0,0,D,18,21,6,8,4,5,4,4,0,0,0,0,4.75,4.2,1.62,2024-25,1741.68334961,1944.19238281,-202.50903319999998,1,7.0,7.0,1.0,4.0,9.0,6.0,2.0,7.0,-3.0
2025-01-14,Chelsea,Bournemouth,2,2,D,1,0,H,26,7,10,3,9,3,15,16,2,3,0,0,1.48,4.75,6.0,2024-25,1863.02453613,1778.71130371,84.31323241999985,1,4.0,6.0,1.0,5.0,7.0,3.0,2.0,9.0,-4.0
2025-01-14,West Ham,Fulham,3,2,H,2,0,H,4,21,3,5,0,3,9,18,3,3,0,0,3.0,3.4,2.38,2024-25,1727.54089355,1765.93579102,-38.39489746999993,0,4.0,11.0,1.0,5.0,8.0,7.0,1.0,7.0,-2.0
2025-01-14,Nott'm Forest,Liverpool,1,1,D,1,0,H,6,23,3,7,0,9,7,10,2,1,0,0,5.25,4.1,1.62,2024-25,1779.32104492,2002.21362305,-222.89257812999995,1,10.0,1.0,5.0,15.0,18.0,8.0,3.0,11.0,4.0
2025-01-15,Everton,Aston Villa,0,1,A,0,0,D,10,11,3,3,8,5,17,10,2,1,0,0,3.25,3.2,2.3,2024-25,1704.52575684,1802.28259277,-97.75683593000008,2,1.0,4.0,0.0,3.0,7.0,9.0,2.0,7.0,-4.0
2025-01-15,Leicester,Crystal Palace,0,2,A,0,0,D,21,9,4,4,4,3,7,6,0,0,0,0,3.9,3.6,1.91,2024-25,1624.59216309,1757.97424316,-133.38208007000003,2,2.0,14.0,0.0,0.0,7.0,8.0,2.0,8.0,-8.0
2025-01-15,Newcastle,Wolves,3,0,H,1,0,H,17,13,5,7,4,2,10,13,0,2,0,0,1.36,5.5,8.0,2024-25,1848.97387695,1673.9753418,174.99853514999995,0,15.0,1.0,5.0,15.0,8.0,7.0,2.0,7.0,8.0
2025-01-15,Arsenal,Tottenham,2,1,H,2,1,H,14,10,4,2,10,4,16,9,3,1,0,0,1.4,5.25,7.0,2024-25,1985.77941895,1791.25720215,194.52221680000002,0,10.0,3.0,3.0,11.0,11.0,11.0,1.0,4.0,7.0
2025-01-16,Ipswich,Brighton,0,2,A,0,0,D,5,11,3,5,1,9,13,14,2,2,0,0,3.9,3.7,1.91,2024-25,1611.26550293,1757.9317627,-146.66625977000012,2,6.0,8.0,2.0,7.0,5.0,7.0,0.0,4.0,3.0
2025-01-16,Man United,Southampton,3,1,H,0,1,A,23,13,9,5,5,4,7,10,1,3,0,0,1.29,6.0,9.5,2024-25,1763.57348633,1557.10009766,206.47338866999985,0,4.0,10.0,1.0,4.0,1.0,13.0,0.0,1.0,3.0
2025-01-18,Newcastle,Bournemouth,1,4,A,1,2,A,13,19,5,10,7,6,7,18,1,6,0,0,1.62,4.2,5.0,2024-25,1853.85290527,1782.62109375,71.23181152000006,2,14.0,1.0,5.0,15.0,8.0,4.0,2.0,9.0,6.0
2025-01-18,Brentford,Liverpool,0,2,A,0,0,D,11,37,6,8,2,15,6,14,2,3,0,0,6.5,5.0,1.42,2024-25,1745.59008789,1997.82141113,-252.23132323999994,2,8.0,7.0,1.0,5.0,17.0,7.0,3.0,11.0,-6.0
2025-01-18,Leicester,Fulham,0,2,A,0,0,D,8,17,4,2,5,2,8,8,3,1,0,0,4.33,3.7,1.8,2024-25,1616.01123047,1758.53125,-142.5200195299999,2,2.0,12.0,0.0,0.0,8.0,8.0,1.0,6.0,-6.0
2025-01-18,West Ham,Crystal Palace,0,2,A,0,0,D,7,12,0,7,2,4,13,10,1,0,1,0,2.6,3.5,2.63,2024-25,1734.94543457,1766.55517578,-31.60974120999981,2,6.0,12.0,2.0,7.0,6.0,7.0,2.0,8.0,-1.0
2025-01-18,Arsenal,Aston Villa,2,2,D,1,0,H,18,8,6,4,10,1,10,18,2,3,0,0,1.5,4.1,7.0,2024-25,1988.35791016,1809.39086914,178.96704102000012,1,12.0,4.0,4.0,13.0,7.0,7.0,3.0,10.0,3.0
2025-01-19,Man United,Brighton,1,3,A,1,1,D,10,6,1,3,4,2,13,12,3,3,0,0,2.1,3.6,3.3,2024-25,1767.04736328,1766.04016113,1.007202150000012,2,5.0,10.0,1.0,4.0,6.0,4.0,1.0,7.0,-3.0
2025-01-19,Everton,Tottenham,3,2,H,3,0,H,12,11,6,6,3,8,14,14,2,1,0,0,2.8,3.5,2.45,2024-25,1697.41748047,1788.67871094,-91.26123046999987,0,1.0,5.0,0.0,2.0,7.0,13.0,0.0,1.0,1.0
2025-01-19,Ipswich,Man City,0,6,A,0,3,A,8,17,4,9,4,7,4,7,0,1,0,0,7.5,5.25,1.36,2024-25,1603.15710449,1940.28564453,-337.12854003999996,2,4.0,9.0,1.0,4.0,10.0,6.0,2.0,8.0,-4.0
2025-01-19,Nott'm Forest,Southampton,3,2,H,3,0,H,14,10,5,4,2,8,4,18,0,4,0,0,1.38,4.75,8.0,2024-25,1783.71325684,1553.6262207,230.08703614,0,9.0,1.0,4.0,13.0,2.0,11.0,0.0,1.0,12.0
2025-01-20,Chelsea,Wolves,3,1,H,1,1,D,19,9,7,4,3,6,8,14,4,2,0,0,1.36,5.75,6.5,2024-25,1859.11474609,1669.09631348,190.01843261,0,4.0,7.0,0.0,3.0,7.0,8.0,2.0,7.0,-4.0
2025-01-25,Bournemouth,Nott'm Forest,5,0,H,1,0,H,16,18,10,4,3,9,9,12,2,3,0,0,2.05,3.7,3.4,2024-25,1800.62988281,1784.50976562,16.120117189999974,0,9.0,5.0,2.0,9.0,10.0,3.0,4.0,13.0,-4.0
2025-01-25,Brighton,Everton,0,1,A,0,1,A,16,3,1,1,9,1,8,11,3,4,0,0,1.67,3.75,5.5,2024-25,1778.02966309,1705.08508301,72.94458007999992,2,8.0,4.0,2.0,9.0,4.0,7.0,1.0,4.0,5.0
2025-01-25,Liverpool,Ipswich,4,1,H,3,0,H,16,3,6,3,3,4,10,11,0,2,0,0,1.08,12.0,15.0,2024-25,2003.64904785,1596.17785645,407.47119139999995,0,13.0,4.0,3.0,11.0,4.0,11.0,1.0,4.0,7.0
2025-01-25,Southampton,Newcastle,1,3,A,1,2,A,12,17,5,9,3,8,10,5,1,0,0,0,6.5,5.25,1.42,2024-25,1549.95495605,1832.96936035,-283.0144043,2,4.0,14.0,0.0,0.0,11.0,5.0,4.0,12.0,-12.0
2025-01-25,Wolves,Arsenal,0,1,A,0,0,D,9,9,4,3,1,5,20,10,0,1,1,1,7.0,4.5,1.45,2024-25,1663.88049316,1981.87548828,-317.9949951199999,2,5.0,11.0,1.0,4.0,9.0,5.0,3.0,11.0,-7.0
2025-01-25,Man City,Chelsea,3,1,H,1,1,D,15,10,6,4,2,4,6,8,3,2,0,0,2.05,4.0,3.3,2024-25,1935.0291748,1861.45593262,73.57324217999985,0,15.0,4.0,3.0,11.0,7.0,8.0,1.0,5.0,6.0
2025-01-26,Crystal Palace,Brentford,1,2,A,0,0,D,16,13,5,6,4,7,8,11,2,2,0,0,2.05,3.75,3.3,2024-25,1777.40759277,1739.21362305,38.19396972000004,2,7.0,2.0,3.0,11.0,8.0,7.0,1.0,5.0,6.0
2025-01-26,Tottenham,Leicester,1,2,A,1,0,H,15,12,6,3,6,4,6,16,1,5,0,0,1.45,5.5,5.5,2024-25,1783.82348633,1606.40612793,177.4173584,2,6.0,10.0,0.0,1.0,2.0,11.0,0.0,0.0,1.0
2025-01-26,Aston Villa,West Ham,1,1,D,1,0,H,14,14,4,4,4,3,13,16,2,3,0,0,1.53,4.33,5.75,2024-25,1806.63366699,1721.21826172,85.41540526999984,1,7.0,8.0,2.0,8.0,5.0,13.0,2.0,6.0,2.0
2025-01-26,Fulham,Man United,0,1,A,0,0,D,9,4,3,1,3,0,7,9,0,1,0,0,2.3,3.4,3.1,2024-25,1765.26159668,1755.2857666,9.975830079999923,2,10.0,8.0,2.0,8.0,6.0,10.0,1.0,4.0,4.0
2025-02-01,Nott'm Forest,Brighton,7,0,H,3,0,H,14,10,9,5,4,6,8,13,1,3,0,0,2.38,3.5,2.8,2024-25,1773.06799316,1769.3170166,3.7509765600000264,0,9.0,8.0,3.0,10.0,8.0,5.0,2.0,8.0,2.0
2025-02-01,Everton,Leicester,4,0,H,3,0,H,13,9,7,1,5,6,7,13,0,0,0,0,1.75,3.75,4.5,2024-25,1719.11437988,1622.28295898,96.83142089999978,0,4.0,6.0,2.0,6.0,3.0,9.0,1.0,3.0,3.0
2025-02-01,Bournemouth,Liverpool,0,2,A,0,1,A,14,19,3,7,3,3,15,9,2,3,0,0,4.5,4.33,1.67,2024-25,1817.38818359,1996.87426758,-179.48608399,2,14.0,5.0,3.0,11.0,14.0,4.0,3.0,11.0,0.0
2025-02-01,Wolves,Aston Villa,2,0,H,1,0,H,8,10,5,3,5,8,20,13,2,3,0,0,3.3,3.6,2.1,2024-25,1664.05737305,1810.12731934,-146.06994628999996,0,3.0,12.0,0.0,1.0,8.0,6.0,2.0,9.0,-8.0
2025-02-01,Newcastle,Fulham,1,2,A,1,0,H,11,15,4,4,4,7,10,15,4,4,0,0,1.7,4.0,4.75,2024-25,1839.70825195,1758.31591797,81.39233397999988,2,11.0,6.0,4.0,12.0,8.0,8.0,1.0,5.0,7.0
2025-02-01,Ipswich,Southampton,1,2,A,1,1,D,15,9,6,4,1,2,11,14,0,3,0,0,1.95,3.6,3.8,2024-25,1597.4576416,1548.53259277,48.92504882999992,2,5.0,14.0,1.0,4.0,5.0,16.0,0.0,0.0,4.0
2025-02-02,Brentford,Tottenham,0,2,A,0,1,A,20,13,4,2,10,3,4,11,0,1,0,0,2.1,3.9,3.2,2024-25,1752.40063477,1775.76379395,-23.36315918000014,2,10.0,8.0,2.0,7.0,7.0,11.0,0.0,1.0,6.0
2025-02-02,Man United,Crystal Palace,0,2,A,0,0,D,17,11,2,3,11,0,12,13,3,1,0,0,2.0,3.5,3.8,2024-25,1773.3840332,1769.53710938,3.846923820000029,2,7.0,8.0,2.0,7.0,8.0,4.0,3.0,10.0,-3.0
2025-02-02,Arsenal,Man City,5,1,H,1,0,H,12,7,7,4,5,2,6,7,2,0,0,0,1.95,3.5,4.0,2024-25,1990.54943848,1947.5291748,43.02026367999997,0,9.0,5.0,3.0,11.0,17.0,4.0,4.0,13.0,-2.0
2025-02-03,Chelsea,West Ham,2,1,H,0,1,A,22,14,3,5,4,3,11,10,3,1,0,0,1.36,4.75,8.0,2024-25,1857.31359863,1727.70031738,129.61328125,0,7.0,9.0,1.0,5.0,5.0,14.0,1.0,4.0,1.0
2025-02-12,Everton,Liverpool,2,2,D,1,1,D,10,6,3,4,2,3,9,20,2,2,1,1,7.5,4.5,1.44,2024-25,1725.79968262,2001.30432129,-275.50463866999985,1,8.0,4.0,3.0,9.0,11.0,4.0,3.0,11.0,-2.0
2025-02-14,Brighton,Chelsea,3,0,H,2,0,H,13,8,5,0,2,9,12,15,1,2,0,0,2.7,3.6,2.45,2024-25,1749.5255127,1858.71618652,-109.19067382000003,0,6.0,10.0,2.0,7.0,9.0,8.0,2.0,8.0,-1.0
2025-02-15,Aston Villa,Ipswich,1,1,D,0,0,D,25,4,6,3,16,1,7,11,0,3,0,1,1.4,4.75,7.0,2024-25,1793.17175293,1584.5098877,208.66186522999988,1,6.0,6.0,2.0,8.0,4.0,16.0,0.0,1.0,7.0
2025-02-15,Man City,Newcastle,4,0,H,3,0,H,11,3,7,1,7,4,5,13,0,1,0,0,1.95,4.2,3.3,2024-25,1926.48022461,1826.18225098,100.29797363000012,0,16.0,9.0,3.0,10.0,10.0,8.0,3.0,9.0,1.0
2025-02-15,Leicester,Arsenal,0,2,A,0,0,D,6,11,2,5,3,7,9,10,2,1,0,0,8.5,5.0,1.33,2024-25,1611.01647949,1999.49523926,-388.4787597700001,2,3.0,11.0,1.0,3.0,11.0,5.0,3.0,11.0,-8.0
2025-02-15,West Ham,Brentford,0,1,A,0,1,A,13,14,3,5,9,2,10,13,1,1,0,0,2.35,3.6,2.88,2024-25,1721.71655273,1738.05688477,-16.340332039999794,2,6.0,11.0,1.0,4.0,9.0,7.0,2.0,7.0,-3.0
2025-02-15,Crystal Palace,Everton,1,2,A,0,1,A,17,11,6,6,6,2,9,12,0,1,0,0,1.8,3.4,5.0,2024-25,1780.71569824,1731.52502441,49.19067382999992,2,8.0,3.0,3.0,10.0,10.0,5.0,3.0,10.0,0.0
2025-02-15,Southampton,Bournemouth,1,3,A,0,2,A,11,14,4,7,4,6,13,15,1,3,0,0,6.0,4.5,1.5,2024-25,1556.89916992,1808.37695312,-251.47778319999998,2,6.0,15.0,1.0,3.0,12.0,5.0,3.0,10.0,-7.0
2025-02-15,Fulham,Nott'm Forest,2,1,H,1,1,D,24,8,10,2,8,4,13,8,0,0,0,0,2.2,3.4,3.3,2024-25,1767.26074219,1788.27819824,-21.017456049999964,0,8.0,7.0,2.0,7.0,14.0,8.0,3.0,10.0,-3.0
2025-02-16,Liverpool,Wolves,2,1,H,2,0,H,10,16,3,4,4,3,15,13,2,2,0,0,1.15,8.0,12.0,2024-25,1995.57910156,1676.43188477,319.14721679000013,0,11.0,4.0,3.0,11.0,3.0,10.0,1.0,3.0,8.0
2025-02-16,Tottenham,Man United,1,0,H,1,0,H,22,16,7,6,10,5,13,9,1,2,0,0,2.45,3.75,2.62,2024-25,1785.52636719,1757.62438965,27.90197753999996,0,7.0,9.0,1.0,3.0,7.0,8.0,2.0,7.0,-4.0
2025-02-19,Aston Villa,Liverpool,2,2,D,2,1,H,9,17,4,3,6,8,8,6,1,0,0,0,3.9,4.0,1.83,2024-25,1786.79846191,1996.9510498,-210.15258788999995,1,5.0,6.0,1.0,6.0,12.0,4.0,4.0,13.0,-7.0
2025-02-21,Leicester,Brentford,0,4,A,0,3,A,8,14,3,6,5,6,10,10,4,0,0,0,3.6,3.8,1.91,2024-25,1606.0201416,1744.21984863,-138.1997070299999,2,2.0,11.0,1.0,3.0,5.0,7.0,2.0,7.0,-4.0
2025-02-22,Everton,Man United,2,2,D,2,0,H,9,9,8,3,7,9,12,9,4,1,0,0,2.5,3.2,2.9,2024-25,1739.82678223,1749.05932617,-9.232543940000141,1,12.0,5.0,4.0,13.0,5.0,7.0,2.0,6.0,7.0
2025-02-22,Arsenal,West Ham,0,1,A,0,1,A,20,5,2,2,2,0,16,15,1,3,1,0,1.27,6.0,10.0,2024-25,1999.19921875,1710.26123047,288.9379882799999,2,12.0,4.0,4.0,13.0,5.0,8.0,1.0,4.0,9.0
2025-02-22,Bournemouth,Wolves,0,1,A,0,1,A,8,13,3,5,6,7,17,9,3,3,1,0,1.53,4.5,5.5,2024-25,1810.63098145,1672.41369629,138.21728516000007,2,14.0,6.0,3.0,10.0,4.0,9.0,1.0,3.0,7.0
2025-02-22,Fulham,Crystal Palace,0,2,A,0,1,A,10,10,0,5,7,7,10,7,1,3,0,0,2.05,3.4,3.7,2024-25,1771.81005859,1767.12158203,4.688476560000026,2,8.0,6.0,3.0,9.0,8.0,4.0,3.0,9.0,0.0
2025-02-22,Ipswich,Tottenham,1,4,A,1,2,A,17,10,5,6,4,4,15,14,2,1,0,0,4.1,3.6,1.9,2024-25,1588.23693848,1788.79919434,-200.56225586000005,2,3.0,15.0,0.0,1.0,7.0,7.0,2.0,6.0,-5.0
2025-02-22,Southampton,Brighton,0,4,A,0,1,A,6,18,1,12,5,6,11,12,2,0,0,0,6.0,4.1,1.55,2024-25,1549.3527832,1762.88134766,-213.5285644600001,2,7.0,13.0,1.0,3.0,8.0,9.0,3.0,9.0,-6.0
2025-02-22,Aston Villa,Chelsea,2,1,H,0,1,A,12,15,6,7,2,3,15,16,1,3,0,0,2.63,3.4,2.6,2024-25,1788.43408203,1840.06799316,-51.633911130000115,0,6.0,8.0,0.0,4.0,8.0,10.0,2.0,7.0,-3.0
2025-02-23,Newcastle,Nott'm Forest,4,3,H,4,1,H,13,17,5,5,7,6,11,13,1,4,0,0,1.8,3.8,4.2,2024-25,1815.22412109,1778.43664551,36.787475579999864,0,8.0,11.0,2.0,6.0,12.0,10.0,2.0,7.0,-1.0
2025-02-23,Man City,Liverpool,0,2,A,0,2,A,16,8,5,4,7,5,3,10,0,0,0,0,2.88,3.8,2.25,2024-25,1923.4708252,1990.02319336,-66.55236816000001,2,16.0,8.0,3.0,10.0,12.0,6.0,3.0,11.0,-1.0
2025-02-25,Brighton,Bournemouth,2,1,H,1,0,H,11,19,4,5,1,9,12,14,2,1,0,0,2.0,3.8,3.3,2024-25,1771.06054688,1797.95227051,-26.891723630000115,0,10.0,9.0,3.0,9.0,12.0,5.0,3.0,9.0,0.0
2025-02-25,Crystal Palace,Aston Villa,4,1,H,1,0,H,19,6,6,2,3,8,19,10,3,1,0,0,2.45,3.4,2.8,2024-25,1780.57666016,1796.39709473,-15.820434569999861,0,8.0,4.0,3.0,9.0,6.0,7.0,1.0,6.0,3.0
2025-02-25,Wolves,Fulham,1,2,A,1,1,D,18,11,5,5,7,5,8,15,1,3,0,0,2.63,3.3,2.63,2024-25,1685.0925293,1758.3548584,-73.26232909999999,2,5.0,6.0,2.0,6.0,6.0,5.0,3.0,9.0,-3.0
2025-02-25,Chelsea,Southampton,4,0,H,3,0,H,19,7,10,2,4,2,6,9,1,2,0,0,1.17,8.0,13.0,2024-25,1832.10498047,1541.17358398,290.93139649,0,7.0,10.0,2.0,6.0,6.0,14.0,1.0,3.0,3.0
2025-02-26,Brentford,Everton,1,1,D,1,0,H,12,14,3,4,2,5,3,6,2,1,0,0,2.0,3.7,3.5,2024-25,1755.56420898,1738.61853027,16.94567871000004,1,7.0,5.0,3.0,9.0,11.0,5.0,3.0,11.0,-2.0
2025-02-26,Man United,Ipswich,3,2,H,2,2,D,10,12,6,3,5,6,9,16,4,4,1,0,1.53,4.33,6.0,2024-25,1750.26757812,1580.79711914,169.4704589800001,0,4.0,8.0,1.0,4.0,4.0,17.0,0.0,1.0,3.0
2025-02-26,Nott'm Forest,Arsenal,0,0,D,0,0,D,6,13,2,1,3,11,10,17,1,1,0,0,3.9,3.6,1.95,2024-25,1772.66308594,1983.51037598,-210.84729003999996,1,14.0,13.0,2.0,6.0,10.0,4.0,3.0,10.0,-4.0
2025-02-26,Tottenham,Man City,0,1,A,0,1,A,11,12,6,5,8,3,12,15,3,0,0,0,3.25,4.0,2.0,2024-25,1796.23913574,1912.99487305,-116.75573731000009,2,10.0,6.0,3.0,9.0,14.0,8.0,3.0,9.0,0.0
2025-02-26,Liverpool,Newcastle,2,0,H,1,0,H,12,3,3,0,4,2,12,11,0,1,0,0,1.5,4.5,5.75,2024-25,2000.49902344,1820.99768066,179.50134277999996,0,10.0,5.0,3.0,11.0,9.0,14.0,2.0,6.0,5.0
2025-02-27,West Ham,Leicester,2,0,H,2,0,H,8,10,2,2,3,3,12,6,0,0,0,0,1.62,4.2,5.0,2024-25,1725.95007324,1594.67578125,131.27429198999994,0,3.0,6.0,1.0,4.0,2.0,13.0,1.0,3.0,1.0
2025-03-08,Crystal Palace,Ipswich,1,0,H,0,0,D,19,15,4,8,5,4,8,7,4,3,0,0,1.45,4.75,6.25,2024-25,1800.02575684,1584.66210938,215.36364746000004,0,10.0,5.0,3.0,9.0,6.0,14.0,0.0,1.0,8.0
2025-03-08,Nott'm Forest,Man City,1,0,H,0,0,D,9,14,4,3,3,2,9,7,3,2,0,0,4.0,3.75,1.85,2024-25,1783.96655273,1925.97827148,-142.01171875,0,11.0,11.0,1.0,4.0,9.0,8.0,3.0,9.0,-5.0
2025-03-08,Brighton,Fulham,2,1,H,1,1,D,9,6,4,1,3,7,6,12,0,2,0,0,1.95,3.6,3.75,2024-25,1785.46655273,1772.6583252,12.808227530000067,0,9.0,9.0,3.0,9.0,6.0,6.0,3.0,9.0,0.0
2025-03-08,Brentford,Aston Villa,0,1,A,0,0,D,13,12,3,4,6,5,10,5,2,2,0,0,2.2,3.8,2.9,2024-25,1760.64038086,1800.25439453,-39.61401366999985,2,8.0,4.0,3.0,10.0,6.0,10.0,1.0,5.0,5.0
2025-03-08,Wolves,Everton,1,1,D,1,1,D,11,12,3,4,5,5,11,16,2,2,0,0,2.6,3.1,2.88,2024-25,1684.7355957,1747.4888916,-62.75329590000001,1,5.0,5.0,2.0,6.0,11.0,6.0,2.0,9.0,-3.0
2025-03-08,Liverpool,Southampton,3,1,H,0,1,A,28,6,7,4,6,4,10,9,2,1,0,0,1.1,9.0,19.0,2024-25,2017.51977539,1544.92041016,472.5993652299999,0,10.0,5.0,3.0,11.0,4.0,15.0,1.0,3.0,8.0
2025-03-09,Chelsea,Leicester,1,0,H,0,0,D,20,3,7,3,12,2,12,13,1,0,0,0,1.18,8.0,12.0,2024-25,1844.23034668,1596.35327148,247.8770751999998,0,8.0,9.0,2.0,6.0,2.0,13.0,1.0,3.0,3.0
2025-03-09,Tottenham,Bournemouth,2,2,D,0,1,A,12,17,4,8,3,6,15,16,3,3,0,0,2.7,3.9,2.35,2024-25,1793.68969727,1797.49279785,-3.803100580000091,1,8.0,4.0,3.0,9.0,9.0,6.0,2.0,6.0,3.0
2025-03-09,Man United,Arsenal,1,1,D,1,0,H,10,17,6,6,2,9,8,11,0,1,0,0,5.75,3.5,1.7,2024-25,1762.44030762,1993.12475586,-230.68444823999994,1,6.0,7.0,2.0,7.0,8.0,2.0,3.0,10.0,-3.0
2025-03-10,West Ham,Newcastle,0,1,A,0,0,D,9,9,2,3,3,4,7,15,0,1,0,0,3.25,3.4,2.2,2024-25,1738.21911621,1823.92370605,-85.70458983999993,2,5.0,4.0,2.0,7.0,8.0,12.0,2.0,6.0,1.0
2025-03-15,Everton,West Ham,1,1,D,0,0,D,13,10,5,5,6,5,12,8,1,2,0,0,2.05,3.2,3.9,2024-25,1752.95336914,1737.12976074,15.823608400000012,1,8.0,7.0,1.0,7.0,4.0,4.0,2.0,6.0,1.0
2025-03-15,Ipswich,Nott'm Forest,2,4,A,0,3,A,11,11,4,6,6,3,4,13,1,1,0,0,3.75,3.5,2.0,2024-25,1588.03100586,1800.1965332,-212.16552733999993,2,5.0,11.0,0.0,1.0,12.0,6.0,2.0,7.0,-6.0
2025-03-15,Man City,Brighton,2,2,D,2,1,H,11,15,3,3,4,5,10,10,2,5,0,0,1.67,4.33,4.5,2024-25,1921.51940918,1797.78210449,123.73730468999997,1,6.0,8.0,2.0,6.0,11.0,9.0,4.0,12.0,-6.0
2025-03-15,Southampton,Wolves,1,2,A,0,1,A,10,5,3,3,5,1,12,13,0,0,0,0,3.7,3.4,2.0,2024-25,1550.0144043,1691.0423584,-141.0279541,2,4.0,15.0,1.0,3.0,6.0,5.0,2.0,7.0,-4.0
2025-03-15,Bournemouth,Brentford,1,2,A,1,1,D,17,10,5,4,4,3,13,7,3,0,0,0,1.73,4.2,4.2,2024-25,1804.70678711,1758.22387695,46.482910160000074,2,6.0,8.0,1.0,4.0,6.0,4.0,2.0,7.0,-3.0
2025-03-16,Fulham,Tottenham,2,0,H,0,0,D,13,12,4,4,6,5,13,10,0,0,0,0,2.0,3.75,3.6,2024-25,1772.11401367,1805.86206055,-33.74804687999995,0,7.0,7.0,3.0,9.0,9.0,4.0,3.0,10.0,-1.0
2025-03-16,Leicester,Man United,0,3,A,0,1,A,11,18,3,5,6,4,6,6,2,0,0,0,4.5,3.5,1.83,2024-25,1600.1940918,1785.16943359,-184.9753417899999,2,0.0,13.0,0.0,0.0,6.0,8.0,1.0,5.0,-5.0
2025-03-16,Arsenal,Chelsea,1,0,H,1,0,H,12,8,4,2,5,4,10,13,3,3,0,0,1.8,3.6,4.5,2024-25,1995.40100098,1853.27404785,142.12695312999995,0,8.0,3.0,2.0,8.0,8.0,6.0,3.0,9.0,-1.0
2025-04-01,Wolves,West Ham,1,0,H,1,0,H,9,10,2,1,1,2,16,12,4,2,0,0,2.5,3.2,2.9,2024-25,1696.68334961,1739.05053711,-42.3671875,0,6.0,6.0,2.0,7.0,4.0,3.0,2.0,7.0,0.0
2025-04-01,Nott'm Forest,Man United,1,0,H,1,0,H,8,23,2,6,3,10,5,12,1,3,0,0,2.3,3.4,3.1,2024-25,1806.07092285,1793.29663086,12.774291989999938,0,9.0,8.0,2.0,7.0,9.0,6.0,2.0,8.0,-1.0
2025-04-01,Arsenal,Fulham,2,1,H,1,0,H,17,9,4,3,5,4,2,10,1,2,0,0,1.48,4.33,7.0,2024-25,1998.97167969,1782.73400879,216.2376709,0,4.0,2.0,2.0,8.0,7.0,6.0,3.0,9.0,-1.0
2025-04-02,Bournemouth,Ipswich,1,2,A,0,1,A,24,10,7,2,8,3,14,15,1,2,0,0,1.36,5.25,7.5,2024-25,1794.06604004,1582.15661621,211.90942382999992,2,7.0,8.0,1.0,4.0,6.0,13.0,0.0,1.0,3.0
2025-04-02,Brighton,Aston Villa,0,3,A,0,0,D,11,8,4,5,4,0,16,11,1,3,0,0,2.05,3.8,3.25,2024-25,1802.4432373,1821.52563477,-19.082397469999933,2,13.0,4.0,4.0,13.0,7.0,8.0,2.0,8.0,5.0
2025-04-02,Man City,Leicester,2,0,H,2,0,H,18,2,5,0,5,0,11,8,1,4,0,0,1.2,8.0,10.0,2024-25,1916.85827637,1592.06689453,324.7913818400002,0,7.0,5.0,2.0,7.0,0.0,12.0,0.0,0.0,7.0
2025-04-02,Newcastle,Brentford,2,1,H,1,0,H,21,12,4,3,4,5,12,12,1,1,0,0,1.73,4.5,4.0,2024-25,1836.78430176,1768.86474609,67.91955567000014,0,6.0,11.0,2.0,6.0,8.0,3.0,3.0,10.0,-4.0
2025-04-02,Southampton,Crystal Palace,1,1,D,1,0,H,8,9,2,3,2,2,14,9,2,1,0,0,5.75,3.8,1.62,2024-25,1544.37353516,1808.42810059,-264.0545654299999,1,3.0,16.0,0.0,0.0,10.0,3.0,4.0,12.0,-12.0
2025-04-02,Liverpool,Everton,1,0,H,0,0,D,17,5,3,0,11,5,7,11,2,2,0,0,1.36,5.0,8.0,2024-25,2014.81518555,1751.03259277,263.78259277999996,0,11.0,4.0,4.0,13.0,7.0,6.0,1.0,7.0,6.0
2025-04-03,Chelsea,Tottenham,1,0,H,0,0,D,11,8,5,2,4,6,7,16,5,5,0,0,1.65,4.5,4.5,2024-25,1849.70349121,1795.24206543,54.46142578000013,0,6.0,6.0,2.0,6.0,7.0,6.0,2.0,7.0,-1.0
2025-04-05,Everton,Arsenal,1,1,D,0,1,A,5,14,2,5,3,8,17,13,3,1,0,0,5.25,3.25,1.75,2024-25,1749.10632324,2001.44470215,-252.33837891000007,1,5.0,6.0,0.0,4.0,4.0,3.0,2.0,8.0,-4.0
2025-04-05,Ipswich,Wolves,1,2,A,1,0,H,6,22,2,7,4,8,12,16,2,2,0,0,2.7,3.25,2.63,2024-25,1596.25939941,1704.43994141,-108.18054200000006,2,7.0,13.0,1.0,3.0,6.0,4.0,3.0,10.0,-7.0
2025-04-05,Aston Villa,Nott'm Forest,2,1,H,2,0,H,17,19,8,3,4,4,7,15,2,2,0,0,1.95,3.6,3.7,2024-25,1836.75732422,1812.42370605,24.333618170000136,0,9.0,7.0,3.0,10.0,9.0,6.0,3.0,10.0,0.0
2025-04-05,West Ham,Bournemouth,2,2,D,0,1,A,9,11,3,4,4,7,13,13,2,2,0,0,3.0,3.5,2.3,2024-25,1731.29394531,1779.96325684,-48.66931152999996,1,4.0,3.0,2.0,7.0,5.0,9.0,0.0,1.0,6.0
2025-04-05,Crystal Palace,Brighton,2,1,H,1,1,D,8,11,3,5,2,4,12,13,0,1,2,1,2.35,3.6,2.8,2024-25,1803.01428223,1787.21154785,15.802734379999947,0,9.0,4.0,3.0,10.0,10.0,7.0,3.0,10.0,0.0
2025-04-06,Brentford,Chelsea,0,0,D,0,0,D,9,21,2,5,3,6,12,12,1,3,0,0,3.2,3.6,2.15,2024-25,1763.90771484,1854.90441895,-90.99670411000011,1,8.0,5.0,2.0,7.0,7.0,3.0,3.0,9.0,-2.0
2025-04-06,Fulham,Liverpool,3,2,H,3,1,H,12,14,6,6,4,4,10,9,3,0,0,0,4.5,3.5,1.83,2024-25,1780.26086426,2016.74145508,-236.48059081999986,0,6.0,7.0,2.0,6.0,10.0,3.0,4.0,13.0,-7.0
2025-04-06,Tottenham,Southampton,3,1,H,2,0,H,13,12,8,4,4,1,16,20,1,1,0,0,1.38,5.5,6.5,2024-25,1790.04101562,1549.78735352,240.25366210000016,0,6.0,7.0,1.0,4.0,3.0,14.0,0.0,1.0,3.0
2025-04-06,Man United,Man City,0,0,D,0,0,D,13,9,2,5,5,3,13,9,3,2,0,0,3.4,3.6,2.1,2024-25,1786.94384766,1918.70727539,-131.76342772999988,1,9.0,6.0,2.0,8.0,5.0,5.0,2.0,7.0,1.0
2025-04-07,Leicester,Newcastle,0,3,A,0,3,A,7,16,2,5,12,2,8,9,2,0,0,0,6.5,4.2,1.48,2024-25,1590.21789551,1841.74133301,-251.5234375,2,0.0,12.0,0.0,0.0,7.0,10.0,3.0,9.0,-9.0
2025-04-12,Man City,Crystal Palace,5,2,H,2,2,D,21,8,9,3,1,4,10,16,2,3,0,0,1.5,4.75,5.75,2024-25,1918.06079102,1810.86340332,107.19738769999981,0,5.0,3.0,2.0,8.0,10.0,3.0,4.0,13.0,-5.0
2025-04-12,Arsenal,Brentford,1,1,D,0,0,D,14,3,3,2,13,5,7,9,1,3,0,0,1.6,4.33,5.0,2024-25,2007.39575195,1766.48364258,240.91210937000005,1,5.0,3.0,2.0,9.0,4.0,5.0,1.0,5.0,4.0
2025-04-12,Brighton,Leicester,2,2,D,1,1,D,21,15,7,6,3,6,9,11,2,5,0,0,1.29,6.0,10.0,2024-25,1782.43334961,1585.70996094,196.72338867000008,1,7.0,9.0,2.0,7.0,0.0,11.0,0.0,0.0,7.0
2025-04-12,Southampton,Aston Villa,0,3,A,0,0,D,7,25,2,10,2,14,11,4,3,1,0,0,6.0,4.2,1.55,2024-25,1548.39660645,1839.81469727,-291.41809081999986,2,4.0,13.0,0.0,1.0,9.0,6.0,4.0,12.0,-11.0
2025-04-12,Nott'm Forest,Everton,0,1,A,0,0,D,10,13,5,5,1,7,9,13,0,3,0,0,2.1,3.3,3.7,2024-25,1807.89868164,1755.82580566,52.072875979999935,2,7.0,4.0,3.0,10.0,4.0,5.0,0.0,4.0,6.0
2025-04-13,Wolves,Tottenham,4,2,H,2,0,H,13,11,5,4,1,4,12,15,1,2,0,0,2.2,3.6,3.1,2024-25,1712.5032959,1790.8927002,-78.38940430000002,0,7.0,5.0,3.0,10.0,5.0,7.0,1.0,4.0,6.0
2025-04-13,Newcastle,Man United,4,1,H,1,1,D,13,9,6,5,7,2,7,9,0,2,0,0,1.65,4.2,4.75,2024-25,1849.3203125,1793.10852051,56.21179198999994,0,10.0,6.0,4.0,12.0,7.0,4.0,2.0,8.0,4.0
2025-04-13,Chelsea,Ipswich,2,2,D,0,2,A,34,13,9,4,15,4,11,7,2,2,0,0,1.27,7.0,8.5,2024-25,1856.55725098,1591.26708984,265.29016114,1,6.0,1.0,3.0,10.0,7.0,11.0,1.0,3.0,7.0
2025-04-13,Liverpool,West Ham,2,1,H,1,0,H,15,11,6,4,10,3,15,8,0,2,0,0,1.3,6.0,8.0,2024-25,2005.63513184,1732.7088623,272.92626954,0,10.0,4.0,4.0,12.0,5.0,5.0,1.0,5.0,7.0
2025-04-14,Bournemouth,Fulham,1,0,H,1,0,H,12,12,3,7,6,9,11,10,3,2,0,0,2.15,3.5,3.3,2024-25,1781.6192627,1794.43823242,-12.818969720000041,0,7.0,10.0,0.0,2.0,9.0,7.0,3.0,9.0,-7.0
2025-04-16,Newcastle,Crystal Palace,5,0,H,4,0,H,14,11,7,4,5,4,9,15,2,3,0,0,1.67,3.9,5.0,2024-25,1858.42236328,1803.70092773,54.721435549999796,0,10.0,4.0,4.0,12.0,10.0,8.0,3.0,10.0,2.0
2025-04-19,Brentford,Brighton,4,2,H,1,1,D,16,12,8,3,4,8,7,11,3,3,0,1,2.4,3.75,2.63,2024-25,1780.23132324,1783.0423584,-2.811035160000074,0,4.0,5.0,1.0,5.0,7.0,10.0,1.0,5.0,0.0
2025-04-19,Crystal Palace,Bournemouth,0,0,D,0,0,D,5,15,0,4,5,4,13,10,3,4,1,0,2.45,3.6,2.63,2024-25,1798.74499512,1795.3638916,3.3811035200001243,1,6.0,12.0,2.0,7.0,7.0,8.0,1.0,5.0,2.0
2025-04-19,Everton,Man City,0,2,A,0,0,D,8,12,3,7,2,5,7,6,4,0,0,0,3.7,3.6,1.91,2024-25,1773.65527344,1932.04138184,-158.3861084,2,4.0,4.0,1.0,6.0,9.0,5.0,2.0,8.0,-2.0
2025-04-19,West Ham,Southampton,1,1,D,0,0,D,12,15,4,4,2,5,14,13,2,1,0,0,1.48,4.33,6.5,2024-25,1737.74560547,1550.29467773,187.45092774,1,4.0,7.0,0.0,2.0,4.0,12.0,0.0,1.0,1.0
2025-04-19,Aston Villa,Newcastle,4,1,H,1,1,D,23,10,9,3,7,7,9,12,1,3,0,0,2.3,3.6,2.75,2024-25,1850.77758789,1877.01428223,-26.236694339999985,0,10.0,5.0,4.0,12.0,15.0,2.0,5.0,15.0,-3.0
2025-04-20,Fulham,Chelsea,1,2,A,1,0,H,6,13,1,8,6,4,13,9,1,3,0,0,2.7,3.7,2.35,2024-25,1794.32958984,1856.16845703,-61.838867189999974,2,7.0,7.0,2.0,6.0,4.0,3.0,2.0,8.0,-2.0
2025-04-20,Ipswich,Arsenal,0,4,A,0,2,A,4,24,0,7,0,12,10,7,0,0,1,0,8.0,4.5,1.4,2024-25,1605.32312012,2013.2668457,-407.94372557999986,2,7.0,10.0,1.0,4.0,6.0,4.0,2.0,9.0,-5.0
2025-04-20,Man United,Wolves,0,1,A,0,0,D,12,4,2,2,9,2,11,18,2,3,0,0,2.0,3.6,3.6,2024-25,1797.18127441,1731.59033203,65.59094238000012,2,5.0,6.0,1.0,5.0,10.0,5.0,4.0,13.0,-8.0
2025-04-20,Leicester,Liverpool,0,1,A,0,0,D,5,28,0,10,1,13,11,7,1,2,0,0,11.0,6.25,1.22,2024-25,1598.73681641,2014.234375,-415.4975585899999,2,2.0,11.0,0.0,1.0,10.0,5.0,4.0,12.0,-11.0
2025-04-21,Tottenham,Nott'm Forest,1,2,A,0,2,A,22,4,6,3,7,1,11,12,1,4,0,0,2.45,3.6,2.63,2024-25,1796.65917969,1803.7052002,-7.046020510000062,2,7.0,10.0,1.0,4.0,7.0,5.0,3.0,9.0,-5.0
2025-04-22,Man City,Aston Villa,2,1,H,1,1,D,14,7,6,3,10,2,9,10,3,3,0,0,1.8,4.1,3.9,2024-25,1939.85681152,1863.13525391,76.72155760999999,0,11.0,4.0,3.0,11.0,13.0,2.0,5.0,15.0,-4.0
2025-04-23,Arsenal,Crystal Palace,2,2,D,2,1,H,12,15,6,4,3,6,4,6,1,1,0,0,1.4,4.75,7.5,2024-25,2016.33410645,1797.04040527,219.29370117999997,1,9.0,3.0,3.0,11.0,5.0,12.0,1.0,5.0,6.0
2025-04-26,Newcastle,Ipswich,3,0,H,1,0,H,25,4,5,0,11,2,9,9,1,2,0,1,1.18,7.5,13.0,2024-25,1864.65661621,1602.25598145,262.40063476,0,15.0,6.0,4.0,12.0,7.0,13.0,1.0,4.0,8.0
2025-04-26,Chelsea,Everton,1,0,H,1,0,H,10,6,7,3,10,2,11,11,0,0,0,0,1.55,4.0,6.0,2024-25,1864.08557129,1765.83984375,98.24572753999996,0,5.0,4.0,2.0,8.0,3.0,5.0,1.0,5.0,3.0
2025-04-26,Southampton,Fulham,1,2,A,1,0,H,7,26,3,5,0,13,10,12,1,1,0,0,5.25,4.0,1.6,2024-25,1556.35058594,1786.41247559,-230.06188965,2,4.0,10.0,0.0,2.0,7.0,7.0,2.0,6.0,-4.0
2025-04-26,Wolves,Leicester,3,0,H,1,0,H,20,8,6,2,4,2,7,17,1,4,0,0,1.5,4.2,6.25,2024-25,1742.67199707,1597.28125,145.3907470700001,0,10.0,4.0,5.0,15.0,2.0,11.0,0.0,1.0,14.0
2025-04-26,Brighton,West Ham,3,2,H,1,0,H,16,12,9,4,8,1,7,9,1,1,0,0,1.67,4.2,4.75,2024-25,1773.7331543,1731.6895752,42.04357909999999,0,7.0,13.0,0.0,2.0,5.0,7.0,0.0,3.0,-1.0
2025-04-27,Bournemouth,Man United,1,1,D,1,0,H,8,25,1,6,5,10,11,12,4,2,1,0,1.67,4.0,4.5,2024-25,1797.06860352,1786.09960938,10.96899413999995,1,5.0,6.0,1.0,5.0,4.0,6.0,1.0,4.0,1.0
2025-04-27,Liverpool,Tottenham,5,1,H,3,1,H,25,8,8,3,8,2,16,9,2,1,0,0,1.25,6.0,11.0,2024-25,2015.68994141,1787.42565918,228.26428223000016,0,9.0,5.0,4.0,12.0,6.0,10.0,1.0,3.0,9.0
2025-05-01,Nott'm Forest,Brentford,0,2,A,0,1,A,14,11,5,3,4,5,10,12,3,5,0,0,2.15,3.5,3.25,2024-25,1810.08776855,1786.6895752,23.39819334999993,2,8.0,6.0,3.0,9.0,8.0,6.0,2.0,8.0,1.0
2025-05-02,Man City,Wolves,1,0,H,1,0,H,9,6,2,1,4,5,7,11,0,0,0,0,1.4,4.75,7.5,2024-25,1941.67907715,1745.77001953,195.9090576200001,0,11.0,3.0,4.0,13.0,11.0,3.0,5.0,15.0,-2.0
2025-05-03,Aston Villa,Fulham,1,0,H,1,0,H,10,11,3,3,5,3,6,17,0,5,0,0,1.77,3.75,4.5,2024-25,1861.87670898,1793.71899414,68.15771484000015,0,13.0,4.0,4.0,12.0,7.0,8.0,2.0,6.0,6.0
2025-05-03,Everton,Ipswich,2,2,D,2,1,H,8,12,3,5,3,3,12,15,4,4,0,0,1.45,4.33,6.5,2024-25,1764.86413574,1602.53845215,162.32568358999993,1,2.0,5.0,1.0,4.0,5.0,12.0,1.0,4.0,0.0
2025-05-03,Leicester,Southampton,2,0,H,2,0,H,14,8,4,2,7,7,12,13,1,3,0,0,2.3,3.6,2.88,2024-25,1594.74694824,1555.87365723,38.87329101,0,2.0,11.0,0.0,1.0,4.0,10.0,0.0,2.0,-1.0
2025-05-03,Arsenal,Bournemouth,1,2,A,1,0,H,13,9,4,2,2,3,7,16,0,2,0,0,2.05,3.7,3.4,2024-25,2003.61853027,1798.55358887,205.06494139999995,2,10.0,5.0,2.0,9.0,5.0,5.0,1.0,6.0,3.0
2025-05-04,Brentford,Man United,4,3,H,2,1,H,12,14,6,5,7,4,8,10,0,2,0,0,1.65,4.1,4.75,2024-25,1807.24951172,1807.66638184,-0.416870119999885,0,8.0,5.0,2.0,8.0,2.0,7.0,0.0,2.0,6.0
2025-05-04,Brighton,Newcastle,1,1,D,1,0,H,5,13,2,5,1,4,15,10,2,1,0,0,2.88,3.7,2.3,2024-25,1782.67834473,1871.20361328,-88.52526854999996,1,8.0,13.0,1.0,4.0,16.0,5.0,4.0,12.0,-8.0
2025-05-04,West Ham,Tottenham,1,1,D,1,1,D,11,7,2,2,1,3,18,15,2,2,0,0,2.1,3.7,3.25,2024-25,1729.57397461,1790.1270752,-60.553100589999985,1,6.0,9.0,0.0,2.0,7.0,13.0,1.0,3.0,-1.0
2025-05-04,Chelsea,Liverpool,3,1,H,1,0,H,17,11,7,2,3,6,10,11,2,2,0,0,2.15,3.7,3.1,2024-25,1873.02954102,2023.49206543,-150.46252441000001,0,6.0,3.0,3.0,11.0,11.0,5.0,4.0,12.0,-1.0
2025-05-05,Crystal Palace,Nott'm Forest,1,1,D,0,0,D,20,12,3,4,7,4,9,15,3,8,0,0,2.25,3.4,3.2,2024-25,1807.06835938,1802.05932617,5.0090332099998705,1,6.0,13.0,1.0,5.0,4.0,6.0,2.0,6.0,-1.0
2025-05-10,Fulham,Everton,1,3,A,1,1,D,18,11,6,7,5,5,15,9,1,0,0,0,1.82,3.4,4.5,2024-25,1790.89331055,1761.42822266,29.46508788999995,2,6.0,7.0,2.0,6.0,4.0,6.0,1.0,5.0,1.0
2025-05-10,Ipswich,Brentford,0,1,A,0,1,A,11,15,4,5,5,6,6,12,2,4,0,0,5.0,4.0,1.65,2024-25,1610.27001953,1815.93798828,-205.66796875,2,5.0,13.0,0.0,2.0,11.0,6.0,3.0,11.0,-9.0
2025-05-10,Southampton,Man City,0,0,D,0,0,D,2,26,0,5,1,15,9,8,2,0,0,0,11.0,7.5,1.2,2024-25,1550.06408691,1952.7220459,-402.65795899,1,3.0,11.0,0.0,1.0,10.0,3.0,4.0,13.0,-12.0
2025-05-10,Wolves,Brighton,0,2,A,0,1,A,10,7,3,2,7,4,8,12,1,1,0,0,2.7,3.5,2.5,2024-25,1751.55407715,1785.7545166,-34.200439449999976,2,10.0,4.0,4.0,12.0,9.0,11.0,1.0,5.0,7.0
2025-05-10,Bournemouth,Aston Villa,0,1,A,0,1,A,10,6,4,3,10,0,19,12,4,3,0,1,2.4,3.6,2.75,2024-25,1814.8416748,1868.9979248,-54.15625,2,6.0,4.0,2.0,9.0,11.0,4.0,4.0,12.0,-3.0
2025-05-11,Newcastle,Chelsea,2,0,H,1,0,H,15,10,6,3,2,8,9,13,4,2,0,1,2.1,3.75,3.1,2024-25,1872.42297363,1890.35632324,-17.93334961000005,0,14.0,6.0,3.0,10.0,8.0,4.0,3.0,11.0,-1.0
2025-05-11,Man United,West Ham,0,2,A,0,1,A,20,9,5,4,8,5,3,13,0,1,0,0,1.9,3.6,4.0,2024-25,1813.2265625,1731.84777832,81.37878417999991,2,5.0,10.0,0.0,2.0,7.0,9.0,0.0,3.0,-1.0
2025-05-11,Nott'm Forest,Leicester,2,2,D,1,1,D,15,10,4,6,4,4,11,11,3,3,0,0,1.33,5.25,8.0,2024-25,1805.99658203,1604.85217285,201.1444091799999,1,4.0,7.0,1.0,4.0,4.0,9.0,1.0,4.0,0.0
2025-05-11,Tottenham,Crystal Palace,0,2,A,0,1,A,8,23,1,10,4,8,12,10,1,1,0,0,2.63,3.6,2.5,2024-25,1797.42932129,1807.42663574,-9.997314449999976,2,8.0,13.0,1.0,4.0,5.0,13.0,0.0,3.0,1.0
2025-05-11,Liverpool,Arsenal,2,2,D,2,0,H,14,15,5,7,3,1,13,10,1,1,0,1,2.0,3.6,3.6,2024-25,2010.98803711,1983.16674805,27.821289060000026,1,11.0,8.0,3.0,9.0,9.0,6.0,1.0,6.0,3.0
2025-05-16,Aston Villa,Tottenham,2,0,H,0,0,D,18,3,7,1,9,1,5,12,1,2,0,0,1.3,6.0,8.5,2024-25,1877.1484375,1784.57177734,92.57666016000007,0,10.0,3.0,4.0,12.0,5.0,14.0,0.0,1.0,11.0
2025-05-16,Chelsea,Man United,1,0,H,0,0,D,11,4,3,1,7,2,10,14,1,6,0,0,1.44,5.0,6.25,2024-25,1880.4395752,1797.17443848,83.2651367200001,0,8.0,6.0,3.0,10.0,5.0,12.0,0.0,1.0,9.0
2025-05-18,Everton,Southampton,2,0,H,2,0,H,13,6,5,2,4,5,6,10,1,1,0,0,1.4,4.75,7.5,2024-25,1776.22729492,1557.67175293,218.55554199000017,0,6.0,6.0,2.0,7.0,2.0,8.0,0.0,2.0,5.0
2025-05-18,West Ham,Nott'm Forest,1,2,A,0,1,A,16,10,5,5,8,7,14,7,6,3,0,0,2.75,3.3,2.55,2024-25,1747.89990234,1799.74780273,-51.84790039000018,2,7.0,7.0,1.0,5.0,5.0,7.0,1.0,5.0,0.0
2025-05-18,Brentford,Fulham,2,3,A,2,1,H,11,16,6,7,5,3,12,8,4,4,0,0,1.91,3.9,3.6,2024-25,1820.25439453,1776.09423828,44.16015625,2,12.0,6.0,4.0,13.0,4.0,8.0,1.0,3.0,10.0
2025-05-18,Leicester,Ipswich,2,0,H,1,0,H,9,20,3,2,2,2,15,12,1,0,0,0,2.3,3.6,2.9,2024-25,1611.10095215,1605.95361328,5.147338870000112,0,6.0,8.0,1.0,5.0,4.0,12.0,0.0,2.0,3.0
2025-05-18,Arsenal,Newcastle,1,0,H,0,0,D,12,14,4,5,10,7,9,9,3,3,0,0,1.95,3.7,3.7,2024-25,1985.46606445,1882.33959961,103.12646483999993,0,10.0,7.0,1.0,6.0,12.0,5.0,3.0,10.0,-4.0
2025-05-19,Brighton,Liverpool,3,2,H,1,2,A,25,18,12,5,3,3,9,8,1,0,0,0,2.6,3.75,2.45,2024-25,1797.83996582,2008.6887207,-210.8487548799999,0,10.0,9.0,2.0,8.0,11.0,7.0,3.0,10.0,-2.0
2025-05-20,Crystal Palace,Wolves,4,2,H,2,1,H,14,12,10,3,0,10,14,8,1,2,0,0,2.25,3.3,3.2,2024-25,1820.28417969,1739.46862793,80.81555176000006,0,5.0,8.0,1.0,6.0,8.0,5.0,3.0,9.0,-3.0
2025-05-20,Man City,Bournemouth,3,1,H,2,0,H,12,8,5,2,3,1,7,13,1,3,1,1,1.55,4.33,5.75,2024-25,1945.11437988,1806.69116211,138.42321776999984,0,10.0,3.0,4.0,13.0,4.0,3.0,2.0,8.0,5.0
2025-05-25,Bournemouth,Leicester,2,0,H,0,0,D,20,3,7,0,6,1,19,16,0,2,0,0,1.33,5.25,8.5,2024-25,1801.60510254,1620.33703613,181.26806641000007,0,4.0,6.0,1.0,5.0,6.0,6.0,2.0,7.0,-2.0
2025-05-25,Fulham,Man City,0,2,A,0,1,A,13,20,3,5,1,6,11,5,0,0,0,0,5.0,4.2,1.6,2024-25,1786.74633789,1950.20031738,-163.45397948999994,2,7.0,9.0,2.0,6.0,8.0,2.0,4.0,13.0,-7.0
2025-05-25,Ipswich,West Ham,1,3,A,0,1,A,14,10,4,6,4,0,10,9,1,1,0,0,3.0,3.8,2.2,2024-25,1596.71765137,1739.7713623,-143.05371092999985,2,2.0,12.0,0.0,1.0,7.0,7.0,1.0,5.0,-4.0
2025-05-25,Tottenham,Brighton,1,4,A,1,0,H,4,23,2,8,2,11,13,8,3,1,0,0,4.2,4.33,1.7,2024-25,1786.62524414,1809.79956055,-23.174316410000074,2,3.0,12.0,0.0,1.0,11.0,9.0,3.0,10.0,-9.0
2025-05-25,Liverpool,Crystal Palace,1,1,D,0,1,A,14,8,3,5,11,0,7,10,1,0,1,0,1.4,6.0,5.75,2024-25,1996.72912598,1827.01525879,169.71386718999997,1,11.0,9.0,2.0,7.0,9.0,5.0,2.0,9.0,-2.0
2025-05-25,Newcastle,Everton,0,1,A,0,0,D,17,14,6,6,12,3,12,9,1,4,0,0,1.33,5.5,8.5,2024-25,1878.10900879,1779.72644043,98.38256836000005,2,7.0,6.0,2.0,7.0,7.0,6.0,2.0,7.0,0.0
2025-05-25,Nott'm Forest,Chelsea,0,1,A,0,0,D,10,6,2,2,7,4,10,11,2,2,0,0,3.0,3.75,2.2,2024-25,1807.87634277,1885.09423828,-77.21789550999983,2,7.0,7.0,2.0,8.0,7.0,4.0,4.0,12.0,-4.0
2025-05-25,Southampton,Arsenal,1,2,A,0,1,A,7,23,2,8,5,8,7,8,0,0,0,0,8.5,6.0,1.3,2024-25,1554.17260742,1989.69677734,-435.52416991999985,2,2.0,7.0,0.0,2.0,10.0,6.0,2.0,8.0,-6.0
2025-05-25,Man United,Aston Villa,2,0,H,0,0,D,25,6,10,1,4,3,10,10,2,2,0,1,4.33,4.2,1.7,2024-25,1784.23608398,1883.37866211,-99.14257812999995,0,4.0,9.0,0.0,1.0,9.0,3.0,4.0,12.0,-11.0
2025-05-25,Wolves,Brentford,1,1,D,0,1,A,18,13,6,7,8,3,7,9,2,1,0,0,2.7,3.7,2.45,2024-25,1732.73754883,1809.60241699,-76.86486816000001,1,6.0,7.0,2.0,6.0,13.0,8.0,4.0,12.0,-6.0
